# Blender 3.6.14
# www.blender.org
mtllib caseoh.mtl
o caseoh
v 0.041213 0.338427 0.012165
v 0.060781 0.310517 -0.096364
v 0.112273 0.345972 -0.009654
v 0.064679 0.414840 0.112868
v -0.049961 0.416975 0.119432
v -0.026821 0.342386 0.014353
v -0.006670 0.304788 -0.091027
v 0.056930 0.314964 -0.199759
v -0.063879 0.312019 -0.097942
v -0.056554 0.314950 -0.199761
v 0.001602 0.308694 -0.215728
v 0.000000 0.383153 -0.338944
v 0.000000 0.492783 -0.427508
v 0.088008 0.381936 -0.323800
v -0.088008 0.381936 -0.323800
v -0.173396 0.378501 -0.271766
v -0.113739 0.323554 -0.213059
v -0.131573 0.493126 -0.395894
v -0.235001 0.476458 -0.307713
v 0.000000 0.592241 -0.447837
v -0.266900 0.570701 -0.308555
v -0.157438 0.608355 -0.402267
v -0.268059 0.605608 -0.300154
v -0.157326 0.645898 -0.389842
v 0.000000 0.619663 -0.426863
v 0.000000 0.619850 -0.440549
v -0.154399 0.643418 -0.379810
v -0.259044 0.691333 -0.255361
v -0.152558 0.737341 -0.330841
v -0.258694 0.599495 -0.292036
v -0.309239 0.635277 -0.129158
v -0.308340 0.573365 -0.151179
v -0.299462 0.545014 -0.147567
v -0.311900 0.546867 -0.150020
v -0.309850 0.513268 -0.158500
v -0.281655 0.541382 0.041057
v -0.192198 0.534129 0.141213
v -0.277260 0.507565 0.028196
v -0.271207 0.542283 0.037254
v -0.283448 0.578570 0.031383
v -0.188261 0.537969 0.133527
v -0.174613 0.544827 0.145130
v -0.064285 0.497832 0.167595
v -0.064889 0.492099 0.173734
v -0.188254 0.500978 0.131198
v 0.073886 0.492731 0.173497
v -0.061850 0.464114 0.159830
v 0.073566 0.499470 0.165088
v -0.012840 0.494875 0.174568
v 0.036777 0.532167 0.191274
v 0.173276 0.544637 0.146086
v 0.184140 0.535271 0.135318
v -0.012836 0.532533 0.194716
v -0.013256 0.535218 0.190916
v -0.012083 0.561655 0.200599
v -0.012475 0.563582 0.196048
v -0.009988 0.585247 0.200909
v 0.025319 0.561512 0.197236
v 0.170550 0.575696 0.152839
v 0.154173 0.608204 0.159316
v 0.024396 0.586983 0.197799
v -0.005565 0.605406 0.203605
v 0.120152 0.644724 0.167269
v 0.173242 0.713950 0.111858
v 0.158346 0.728384 0.139188
v 0.106564 0.659576 0.183355
v 0.116461 0.644462 0.191064
v 0.031641 0.603300 0.222336
v 0.008379 0.618094 0.212693
v -0.006010 0.608981 0.200290
v -0.011344 0.586867 0.195445
v -0.110285 0.659720 0.182476
v -0.017943 0.620598 0.205764
v -0.122419 0.645370 0.166423
v -0.039758 0.602689 0.221805
v -0.032269 0.587015 0.192834
v -0.032257 0.561626 0.192016
v -0.155732 0.608180 0.158314
v -0.171874 0.575777 0.151639
v -0.173242 0.713948 0.111865
v -0.236623 0.673458 0.077675
v -0.272552 0.625811 0.044651
v -0.267074 0.759569 -0.003463
v -0.182833 0.798050 0.051257
v -0.289363 0.852576 -0.084090
v -0.313589 0.767295 -0.028887
v -0.300790 0.699198 -0.093046
v -0.224988 0.864380 -0.073619
v -0.253864 0.795957 -0.184952
v -0.146593 0.850036 -0.224914
v -0.120142 0.909233 -0.094669
v -0.083340 0.916549 -0.013518
v -0.149059 0.872584 0.003807
v -0.131363 0.885507 0.039373
v -0.160703 0.816304 0.082927
v -0.158547 0.728260 0.139263
v -0.174587 0.812528 0.072213
v -0.170327 0.719583 0.135214
v -0.132918 0.613219 0.187100
v -0.184325 0.698593 0.125106
v -0.121535 0.646442 0.192570
v -0.055116 0.579012 0.213688
v -0.186787 0.805273 0.060116
v -0.152711 0.881803 0.010802
v -0.143348 0.884996 0.024953
v -0.087533 0.931168 -0.001394
v -0.092996 0.930106 -0.016593
v 0.000000 0.954170 -0.010528
v 0.000000 0.951717 -0.024514
v 0.092996 0.930106 -0.016593
v 0.087533 0.931168 -0.001394
v 0.152711 0.881803 0.010802
v 0.174587 0.812528 0.072213
v 0.143348 0.884996 0.024953
v 0.186787 0.805273 0.060116
v 0.182672 0.698526 0.125018
v 0.169653 0.719186 0.134832
v 0.124588 0.612769 0.186414
v 0.160703 0.816304 0.082927
v 0.131363 0.885507 0.039373
v 0.182833 0.798050 0.051257
v 0.149059 0.872584 0.003807
v 0.083340 0.916549 -0.013518
v 0.224988 0.864380 -0.073619
v 0.253864 0.795957 -0.184952
v 0.146593 0.850036 -0.224914
v 0.289363 0.852576 -0.084090
v 0.120142 0.909233 -0.094669
v 0.267074 0.759569 -0.003463
v 0.300790 0.699198 -0.093046
v 0.272552 0.625813 0.044644
v 0.313589 0.767295 -0.028887
v 0.236623 0.673467 0.077649
v 0.324301 0.723649 -0.107196
v 0.630716 0.768520 -0.032774
v 0.625895 0.849097 -0.084490
v 0.627769 0.803018 -0.160520
v 0.298858 0.803073 -0.164847
v 0.632785 0.728120 -0.106350
v 0.283448 0.578570 0.031383
v 0.309239 0.635277 -0.129158
v 0.266851 0.533965 0.037665
v 0.308340 0.573365 -0.151179
v 0.301354 0.542903 -0.150653
v 0.312380 0.544904 -0.150011
v 0.274108 0.532276 0.045473
v 0.272121 0.500872 0.032586
v 0.188573 0.531968 0.144162
v 0.313082 0.514072 -0.154907
v 0.268018 0.571373 -0.307872
v 0.236713 0.476800 -0.307525
v 0.286876 0.450404 -0.171719
v 0.215448 0.368242 -0.178213
v 0.173782 0.378546 -0.271766
v 0.247289 0.432853 -0.019066
v 0.185127 0.359202 -0.072268
v 0.185577 0.499933 0.131742
v 0.165291 0.423462 0.082948
v 0.072635 0.464212 0.155858
v 0.146313 0.323143 -0.172463
v 0.130175 0.321393 -0.108240
v 0.128998 0.293714 -0.159507
v 0.117841 0.292709 -0.112311
v 0.127564 0.230530 -0.142937
v 0.116995 0.230286 -0.104959
v 0.070870 0.288698 -0.108569
v 0.066138 0.229653 -0.147809
v 0.063913 0.288687 -0.163936
v 0.073169 0.229576 -0.101930
v 0.073410 0.096932 -0.097544
v 0.066252 0.096934 -0.143691
v 0.118379 0.096924 -0.100450
v 0.129208 0.096932 -0.138645
v 0.126524 0.039625 -0.093469
v 0.140498 0.039625 -0.147349
v 0.103985 0.039643 -0.175331
v 0.100918 0.096934 -0.158333
v 0.060329 0.039638 -0.154809
v 0.068759 0.039642 -0.090324
v 0.100070 0.230387 -0.162542
v 0.100187 0.292828 -0.182749
v 0.113739 0.323554 -0.213059
v 0.131573 0.493126 -0.395894
v 0.157438 0.608355 -0.402267
v 0.157326 0.645898 -0.389842
v 0.268603 0.605691 -0.300406
v 0.260896 0.601179 -0.293626
v 0.154399 0.643418 -0.379810
v 0.152558 0.737341 -0.330841
v 0.259044 0.691333 -0.255361
v 0.000000 0.766294 -0.369057
v 0.000000 0.886531 -0.243864
v 0.000000 0.934942 -0.097189
v 0.000000 0.938710 -0.017000
v 0.080831 0.929042 0.013577
v 0.000000 0.953060 0.003510
v -0.080831 0.929042 0.013577
v 0.045280 0.580494 0.212435
v -0.298857 0.803073 -0.164847
v -0.648109 0.803018 -0.160521
v -0.646235 0.849097 -0.084490
v -0.324301 0.723649 -0.107197
v -0.653124 0.728119 -0.106350
v -0.651056 0.768520 -0.032774
v -0.039797 0.532670 0.187298
v -0.166465 0.424479 0.081068
v -0.186570 0.357952 -0.073862
v -0.247839 0.433702 -0.020936
v -0.110288 0.348386 -0.014206
v -0.130589 0.321090 -0.108598
v -0.128998 0.293714 -0.159507
v -0.117841 0.292709 -0.112311
v -0.146405 0.323033 -0.172476
v -0.214238 0.367614 -0.178264
v -0.280233 0.449299 -0.172655
v -0.116995 0.230286 -0.104959
v -0.070870 0.288698 -0.108569
v -0.127564 0.230530 -0.142938
v -0.100918 0.096934 -0.158333
v -0.129208 0.096932 -0.138645
v -0.100070 0.230387 -0.162542
v -0.100187 0.292828 -0.182749
v -0.063913 0.288687 -0.163936
v -0.066138 0.229653 -0.147809
v -0.073169 0.229576 -0.101930
v -0.066252 0.096934 -0.143691
v -0.060329 0.039638 -0.154809
v -0.073410 0.096932 -0.097544
v -0.126524 0.039625 -0.093469
v -0.118379 0.096923 -0.100450
v -0.068759 0.039642 -0.090324
v -0.140498 0.039625 -0.147349
v -0.103985 0.039643 -0.175331
v 0.681570 0.766747 0.026770
v 0.684435 0.755150 0.055142
v 0.697059 0.772367 0.066248
v 0.698612 0.758393 0.066080
v 0.712757 0.761978 0.067267
v 0.711669 0.772848 0.066173
v 0.725182 0.757103 0.055294
v 0.728289 0.767800 0.027657
v 0.711787 0.784978 0.034090
v 0.716586 0.788800 0.011350
v 0.727864 0.769666 0.009849
v 0.717583 0.793833 -0.001276
v 0.729307 0.771476 -0.002684
v 0.731910 0.773768 -0.015730
v 0.719563 0.798521 -0.015047
v 0.735856 0.774159 -0.025697
v 0.720758 0.805135 -0.037480
v 0.745156 0.800773 -0.044315
v 0.746235 0.773315 -0.030211
v 0.773490 0.778292 -0.024890
v 0.785058 0.797752 -0.043260
v 0.803369 0.776459 -0.024498
v 0.806547 0.797826 -0.041571
v 0.811081 0.776351 -0.023990
v 0.814115 0.797457 -0.041428
v 0.823218 0.796111 -0.041316
v 0.820743 0.775770 -0.023445
v 0.836683 0.776088 -0.022735
v 0.840323 0.796704 -0.041442
v 0.849967 0.798116 -0.041515
v 0.845149 0.776408 -0.022311
v 0.890191 0.786131 -0.041552
v 0.881352 0.768705 -0.026784
v 0.891357 0.775288 -0.041795
v 0.883242 0.769357 -0.057140
v 0.848275 0.777401 -0.061489
v 0.839138 0.776946 -0.061054
v 0.823165 0.776581 -0.060628
v 0.814172 0.777189 -0.060180
v 0.806723 0.777159 -0.059708
v 0.802623 0.786564 -0.060397
v 0.798847 0.804898 -0.086447
v 0.750189 0.809812 -0.086342
v 0.795363 0.804709 -0.132321
v 0.749119 0.809313 -0.133718
v 0.671949 0.811325 -0.118274
v 0.701513 0.814604 -0.079611
v 0.643226 0.801843 -0.089494
v 0.680900 0.802182 -0.047038
v 0.694142 0.799349 -0.017116
v 0.694832 0.794519 -0.002233
v 0.694718 0.788456 0.010585
v 0.698216 0.785072 0.033747
v 0.681146 0.768229 0.008046
v 0.679341 0.770433 -0.005626
v 0.677943 0.773482 -0.020936
v 0.667143 0.773254 -0.041625
v 0.643494 0.764606 -0.076978
v 0.618051 0.800011 -0.092030
v 0.618986 0.767607 -0.082941
v 0.573581 0.803789 -0.091722
v 0.573643 0.768126 -0.082008
v 0.493755 0.768095 -0.078322
v 0.493933 0.809971 -0.091330
v 0.450363 0.805669 -0.094836
v 0.450957 0.769060 -0.083082
v 0.407170 0.807450 -0.082497
v 0.408574 0.769816 -0.070854
v 0.322807 0.803613 -0.081961
v 0.323137 0.769311 -0.072049
v 0.284845 0.772959 -0.068360
v 0.284845 0.812994 -0.075883
v 0.284845 0.822461 -0.113207
v 0.321151 0.810978 -0.121020
v 0.400454 0.818197 -0.124423
v 0.448197 0.816018 -0.131836
v 0.493251 0.816737 -0.133465
v 0.573222 0.809182 -0.126978
v 0.617498 0.803266 -0.127348
v 0.638912 0.798437 -0.133419
v 0.664778 0.799138 -0.149705
v 0.729547 0.797898 -0.167222
v 0.775668 0.795407 -0.173568
v 0.795171 0.786733 -0.156380
v 0.797928 0.795021 -0.173709
v 0.797961 0.776535 -0.158377
v 0.804696 0.795117 -0.174101
v 0.804610 0.776396 -0.158834
v 0.809939 0.775930 -0.159218
v 0.810565 0.793744 -0.174433
v 0.820845 0.775857 -0.157887
v 0.822676 0.794753 -0.174778
v 0.819083 0.775060 -0.189006
v 0.807396 0.775197 -0.187859
v 0.801394 0.775626 -0.188431
v 0.793880 0.775672 -0.188649
v 0.762916 0.776373 -0.185766
v 0.721399 0.769023 -0.179566
v 0.665160 0.770169 -0.160921
v 0.642324 0.768290 -0.138779
v 0.618006 0.779419 -0.135819
v 0.572413 0.784796 -0.135980
v 0.489592 0.786110 -0.143787
v 0.444592 0.786794 -0.148100
v 0.392345 0.788173 -0.139952
v 0.319171 0.785786 -0.135969
v 0.284845 0.786030 -0.140322
v 0.796140 0.787398 -0.152672
v 0.815465 0.798057 -0.134821
v 0.807971 0.786654 -0.115976
v 0.808534 0.786679 -0.110683
v 0.821515 0.799849 -0.088574
v 0.804542 0.786872 -0.065137
v 0.800869 0.766093 -0.060847
v 0.802858 0.766280 -0.066209
v 0.819430 0.777468 -0.069867
v 0.827794 0.777371 -0.069505
v 0.829706 0.799902 -0.088614
v 0.839067 0.776841 -0.068976
v 0.840262 0.798442 -0.088530
v 0.857846 0.777432 -0.068292
v 0.860121 0.799303 -0.088927
v 0.871372 0.801095 -0.089160
v 0.868354 0.778047 -0.067851
v 0.918044 0.788675 -0.089045
v 0.909184 0.769980 -0.072691
v 0.919448 0.777005 -0.089031
v 0.908730 0.770321 -0.105310
v 0.867250 0.778476 -0.110256
v 0.857025 0.777856 -0.109393
v 0.838672 0.777268 -0.108205
v 0.828406 0.777853 -0.107645
v 0.820472 0.777802 -0.107025
v 0.809355 0.768459 -0.110647
v 0.808992 0.768461 -0.115863
v 0.813509 0.777116 -0.119211
v 0.822568 0.797820 -0.135017
v 0.821233 0.777283 -0.118388
v 0.830512 0.776998 -0.117756
v 0.831823 0.796936 -0.135508
v 0.852244 0.778161 -0.115573
v 0.856115 0.799322 -0.135501
v 0.869403 0.798392 -0.135113
v 0.862594 0.778725 -0.115486
v 0.893862 0.788275 -0.134837
v 0.885638 0.771091 -0.119541
v 0.894929 0.777548 -0.134627
v 0.887083 0.771182 -0.149629
v 0.864706 0.778870 -0.154324
v 0.854062 0.778282 -0.154457
v 0.830550 0.776842 -0.151851
v 0.821418 0.777159 -0.150512
v 0.814748 0.777131 -0.149682
v 0.796818 0.769378 -0.152503
v 0.795969 0.769530 -0.155662
v 0.694300 0.742152 0.048205
v 0.712220 0.744216 0.050989
v 0.693654 0.744127 0.022926
v 0.716925 0.743672 0.022623
v 0.694065 0.748141 0.006175
v 0.717309 0.748782 0.006324
v 0.718277 0.748873 -0.006697
v 0.693346 0.748627 -0.007266
v 0.719517 0.750120 -0.020688
v 0.692670 0.750939 -0.022356
v 0.722667 0.748170 -0.041074
v 0.678067 0.744173 -0.058551
v 0.750808 0.748190 -0.073780
v 0.668471 0.752271 -0.106268
v 0.756323 0.749456 -0.102218
v 0.752728 0.746360 -0.143829
v 0.671137 0.748368 -0.131208
v 0.733615 0.744512 -0.164985
v 0.675101 0.751104 -0.153538
v 0.640886 0.758145 -0.107299
v 0.746525 0.749056 -0.044212
v 0.784009 0.758893 -0.038191
v 0.782365 0.750851 -0.066270
v 0.801091 0.755686 -0.092436
v 0.796696 0.755976 -0.131964
v 0.775667 0.759068 -0.172781
v 0.799563 0.757473 -0.033179
v 0.812107 0.757798 -0.042384
v 0.820962 0.756878 -0.042260
v 0.835762 0.756723 -0.042305
v 0.844182 0.756494 -0.042353
v 0.876503 0.757051 -0.042149
v 0.819102 0.757118 -0.088551
v 0.827553 0.757173 -0.088598
v 0.837817 0.756291 -0.088504
v 0.855010 0.756317 -0.088781
v 0.864859 0.756205 -0.088945
v 0.902294 0.757169 -0.088860
v 0.813412 0.757935 -0.134024
v 0.820775 0.758423 -0.134092
v 0.829660 0.757750 -0.134575
v 0.850528 0.757870 -0.134651
v 0.860474 0.757130 -0.134408
v 0.880857 0.759125 -0.134310
v 0.794267 0.758747 -0.170277
v 0.801332 0.758349 -0.170816
v 0.807134 0.758430 -0.171287
v 0.818086 0.757013 -0.171493
v 0.831578 0.776373 -0.157490
v 0.827729 0.756915 -0.171677
v 0.853854 0.768306 -0.159714
v 0.847483 0.757125 -0.172154
v 0.861742 0.773777 -0.172537
v 0.852369 0.767652 -0.185502
v 0.829826 0.775578 -0.189216
v 0.860845 0.784024 -0.172806
v 0.836231 0.794125 -0.174115
v 0.284845 0.751562 -0.107607
v 0.321977 0.757271 -0.104357
v 0.403829 0.755940 -0.104485
v 0.449052 0.755387 -0.115865
v 0.492281 0.754075 -0.115770
v 0.573272 0.758204 -0.109878
v 0.619335 0.759111 -0.108137
v -0.682433 0.764297 0.026569
v -0.687142 0.753952 0.055178
v -0.695796 0.773552 0.066139
v -0.682022 0.765385 0.007818
v -0.691128 0.787997 0.010173
v -0.694863 0.785743 0.033435
v -0.698948 0.744576 0.023287
v -0.721822 0.748890 0.023296
v -0.699569 0.743149 0.048603
v -0.716641 0.748878 0.051584
v -0.698805 0.748341 0.006474
v -0.680029 0.766970 -0.005913
v -0.722564 0.753824 -0.006093
v -0.698222 0.748471 -0.006982
v -0.721421 0.753729 0.006914
v -0.727928 0.774905 0.028046
v -0.727423 0.776381 0.010204
v -0.728671 0.778264 -0.002339
v -0.712602 0.797765 -0.001483
v -0.713806 0.802555 -0.015308
v -0.730964 0.780847 -0.015389
v -0.734910 0.781890 -0.025309
v -0.723752 0.755093 -0.020086
v -0.725146 0.751334 -0.040881
v -0.697336 0.750373 -0.022118
v -0.678289 0.769442 -0.021292
v -0.678079 0.744167 -0.058550
v -0.667143 0.773243 -0.041625
v -0.668471 0.752271 -0.106268
v -0.750808 0.748190 -0.073780
v -0.640886 0.758145 -0.107299
v -0.643494 0.764606 -0.076978
v -0.643226 0.801843 -0.089494
v -0.618051 0.800011 -0.092030
v -0.618986 0.767606 -0.082941
v -0.619335 0.759111 -0.108138
v -0.618006 0.779419 -0.135819
v -0.573642 0.768126 -0.082008
v -0.642324 0.768290 -0.138779
v -0.573272 0.758204 -0.109878
v -0.492281 0.754075 -0.115771
v -0.572413 0.784795 -0.135980
v -0.493754 0.768095 -0.078323
v -0.450362 0.805669 -0.094837
v -0.493933 0.809971 -0.091330
v -0.573581 0.803789 -0.091723
v -0.450957 0.769060 -0.083082
v -0.449052 0.755387 -0.115866
v -0.392345 0.788173 -0.139953
v -0.403829 0.755940 -0.104485
v -0.444591 0.786794 -0.148100
v -0.489592 0.786110 -0.143787
v -0.448196 0.816018 -0.131837
v -0.493251 0.816737 -0.133465
v -0.573222 0.809182 -0.126978
v -0.617498 0.803266 -0.127348
v -0.638912 0.798437 -0.133420
v -0.664778 0.799137 -0.149705
v -0.671948 0.811324 -0.118274
v -0.665160 0.770169 -0.160921
v -0.721399 0.769022 -0.179566
v -0.733615 0.744511 -0.164985
v -0.675101 0.751103 -0.153538
v -0.671137 0.748368 -0.131208
v -0.752728 0.746360 -0.143829
v -0.801091 0.755686 -0.092435
v -0.756323 0.749456 -0.102217
v -0.796696 0.755976 -0.131963
v -0.775667 0.759067 -0.172781
v -0.796818 0.769377 -0.152502
v -0.795969 0.769529 -0.155661
v -0.793880 0.775672 -0.188649
v -0.762917 0.776372 -0.185765
v -0.794267 0.758746 -0.170277
v -0.797961 0.776534 -0.158377
v -0.801332 0.758349 -0.170816
v -0.801394 0.775625 -0.188430
v -0.797928 0.795021 -0.173709
v -0.804696 0.795116 -0.174100
v -0.810565 0.793743 -0.174433
v -0.807134 0.758429 -0.171287
v -0.807396 0.775197 -0.187859
v -0.818086 0.757012 -0.171493
v -0.819083 0.775060 -0.189006
v -0.827729 0.756914 -0.171676
v -0.822676 0.794753 -0.174778
v -0.836231 0.794125 -0.174114
v -0.829826 0.775577 -0.189216
v -0.852369 0.767651 -0.185501
v -0.860845 0.784023 -0.172805
v -0.831578 0.776372 -0.157490
v -0.853854 0.768305 -0.159713
v -0.861742 0.773777 -0.172537
v -0.847483 0.757125 -0.172154
v -0.820845 0.775857 -0.157887
v -0.809939 0.775929 -0.159217
v -0.804610 0.776395 -0.158833
v -0.795171 0.786733 -0.156380
v -0.775668 0.795406 -0.173567
v -0.729547 0.797897 -0.167222
v -0.795363 0.804709 -0.132321
v -0.749119 0.809312 -0.133718
v -0.750189 0.809812 -0.086342
v -0.745155 0.800773 -0.044315
v -0.720745 0.805145 -0.037481
v -0.785058 0.797751 -0.043259
v -0.798847 0.804898 -0.086447
v -0.701513 0.814603 -0.079611
v -0.680888 0.802176 -0.047039
v -0.688791 0.798131 -0.017723
v -0.690210 0.793765 -0.002748
v -0.712447 0.792822 0.011217
v -0.708159 0.788434 0.033957
v -0.709998 0.777012 0.066246
v -0.726621 0.764208 0.055827
v -0.713267 0.766613 0.067547
v -0.700176 0.760191 0.066241
v -0.802623 0.786564 -0.060397
v -0.804542 0.786872 -0.065137
v -0.821515 0.799849 -0.088574
v -0.808534 0.786678 -0.110682
v -0.809355 0.768459 -0.110646
v -0.807971 0.786654 -0.115976
v -0.820472 0.777801 -0.107024
v -0.829706 0.799902 -0.088614
v -0.828406 0.777853 -0.107644
v -0.819101 0.757118 -0.088551
v -0.802858 0.766279 -0.066209
v -0.827552 0.757172 -0.088597
v -0.819430 0.777467 -0.069867
v -0.827794 0.777371 -0.069505
v -0.837816 0.756290 -0.088504
v -0.839067 0.776840 -0.068975
v -0.855010 0.756317 -0.088780
v -0.840262 0.798442 -0.088530
v -0.857846 0.777432 -0.068292
v -0.860121 0.799302 -0.088927
v -0.871372 0.801095 -0.089159
v -0.868353 0.778047 -0.067850
v -0.918044 0.788675 -0.089044
v -0.909184 0.769979 -0.072690
v -0.864859 0.756205 -0.088944
v -0.908730 0.770320 -0.105309
v -0.902294 0.757169 -0.088859
v -0.867250 0.778476 -0.110255
v -0.857025 0.777856 -0.109393
v -0.838672 0.777268 -0.108204
v -0.919448 0.777004 -0.089030
v -0.782365 0.750851 -0.066270
v -0.800869 0.766092 -0.060847
v -0.784008 0.758892 -0.038191
v -0.799563 0.757473 -0.033179
v -0.806723 0.777158 -0.059707
v -0.812106 0.757798 -0.042383
v -0.814171 0.777188 -0.060179
v -0.806547 0.797826 -0.041571
v -0.814114 0.797456 -0.041427
v -0.823218 0.796111 -0.041315
v -0.823165 0.776581 -0.060627
v -0.811081 0.776351 -0.023989
v -0.820743 0.775769 -0.023445
v -0.803368 0.776459 -0.024498
v -0.773490 0.778292 -0.024890
v -0.746525 0.749055 -0.044212
v -0.746234 0.773315 -0.030211
v -0.820962 0.756877 -0.042260
v -0.835762 0.756722 -0.042305
v -0.836682 0.776087 -0.022734
v -0.845149 0.776407 -0.022311
v -0.849967 0.798116 -0.041514
v -0.840323 0.796703 -0.041442
v -0.839138 0.776946 -0.061054
v -0.848275 0.777401 -0.061488
v -0.844182 0.756494 -0.042353
v -0.883242 0.769356 -0.057140
v -0.890191 0.786131 -0.041551
v -0.891357 0.775287 -0.041794
v -0.881352 0.768705 -0.026784
v -0.876502 0.757050 -0.042149
v -0.808992 0.768460 -0.115862
v -0.813509 0.777116 -0.119210
v -0.815465 0.798056 -0.134820
v -0.822568 0.797820 -0.135016
v -0.821418 0.777158 -0.150512
v -0.814748 0.777131 -0.149682
v -0.796140 0.787398 -0.152671
v -0.813412 0.757935 -0.134023
v -0.820775 0.758423 -0.134091
v -0.821233 0.777283 -0.118387
v -0.829660 0.757750 -0.134574
v -0.830512 0.776997 -0.117756
v -0.850528 0.757870 -0.134651
v -0.830550 0.776841 -0.151851
v -0.854062 0.778281 -0.154457
v -0.831823 0.796936 -0.135507
v -0.852243 0.778161 -0.115572
v -0.856115 0.799321 -0.135500
v -0.869403 0.798391 -0.135113
v -0.893862 0.788274 -0.134836
v -0.862594 0.778724 -0.115486
v -0.864706 0.778869 -0.154324
v -0.860474 0.757130 -0.134407
v -0.887083 0.771182 -0.149628
v -0.894929 0.777548 -0.134627
v -0.880857 0.759125 -0.134309
v -0.885638 0.771090 -0.119540
v -0.400454 0.818197 -0.124423
v -0.407170 0.807450 -0.082498
v -0.321150 0.810978 -0.121020
v -0.319171 0.785786 -0.135969
v -0.284845 0.786030 -0.140322
v -0.284845 0.751562 -0.107607
v -0.321977 0.757271 -0.104357
v -0.323137 0.769311 -0.072049
v -0.284845 0.772959 -0.068360
v -0.322807 0.803613 -0.081961
v -0.284845 0.812994 -0.075883
v -0.284845 0.822461 -0.113207
v -0.408574 0.769816 -0.070854
v 0.171612 0.970959 0.164442
v 0.187036 0.961334 0.158453
v 0.184710 0.978715 0.129690
v 0.167403 0.972392 0.126987
v 0.163683 0.937936 0.155398
v 0.159651 0.958129 0.147143
v 0.170201 0.946612 0.185185
v 0.186140 0.914846 0.183801
v 0.175133 0.903816 0.220916
v 0.153844 0.949136 0.201349
v 0.184493 0.941605 0.177351
v 0.189569 0.922065 0.174015
v 0.184511 0.952400 0.155054
v 0.196928 0.926981 0.139089
v 0.204393 0.924531 0.132929
v 0.196248 0.915464 0.155978
v 0.190090 0.956647 0.136891
v 0.197018 0.944205 0.129795
v 0.203660 0.947120 0.121775
v 0.195616 0.966246 0.133647
v 0.200755 0.948071 0.108737
v 0.179444 0.947939 0.112124
v 0.205329 0.917437 0.121388
v 0.182635 0.925059 0.125875
v 0.188348 0.908306 0.143172
v 0.199137 0.908017 0.150138
v 0.185765 0.900244 0.153456
v 0.190851 0.870453 0.158248
v 0.156426 0.938623 0.147232
v 0.157214 0.897310 0.099190
v 0.135456 0.975944 0.148603
v 0.113600 0.952814 0.084198
v 0.115014 1.025961 0.143902
v 0.048326 0.973161 0.060509
v 0.088428 1.022932 0.095473
v 0.097975 0.924548 0.045810
v 0.048342 0.957108 0.027728
v 0.142304 0.870152 0.073602
v 0.094494 0.894480 0.012777
v 0.045655 0.923650 -0.001406
v 0.000000 0.933109 -0.003349
v 0.000000 0.926499 -0.053705
v 0.077986 0.909692 -0.053367
v 0.155547 0.870943 -0.037714
v 0.209146 0.807887 0.003566
v 0.140403 0.843150 0.044159
v 0.156423 0.757743 0.090340
v 0.164215 0.782200 0.116722
v 0.129940 0.671524 0.171031
v 0.188166 0.718001 0.182973
v 0.186503 0.814144 0.127772
v 0.136897 0.667164 0.262291
v 0.210226 0.784857 0.232349
v 0.163321 0.725415 0.319707
v 0.183100 0.847854 0.289136
v 0.141472 0.794622 0.356654
v 0.091965 0.702080 0.362185
v 0.080801 0.668654 0.330830
v 0.036019 0.659665 0.351696
v 0.056138 0.680289 0.353236
v 0.051977 0.642985 0.305628
v 0.000000 0.650688 0.352841
v 0.000000 0.629453 0.297535
v 0.085910 0.634809 0.229354
v 0.000000 0.632936 0.181176
v 0.000000 0.619984 0.221714
v -0.085910 0.634809 0.229354
v -0.136898 0.667164 0.262291
v -0.129940 0.671524 0.171031
v -0.051977 0.642985 0.305628
v -0.036019 0.659665 0.351696
v -0.080802 0.668654 0.330830
v -0.163321 0.725415 0.319707
v -0.091965 0.702080 0.362185
v -0.056138 0.680289 0.353236
v -0.025008 0.679178 0.366175
v -0.061696 0.704789 0.358480
v -0.052086 0.707691 0.355991
v -0.043534 0.690753 0.361315
v -0.038480 0.696256 0.369439
v -0.022346 0.688297 0.376292
v -0.046925 0.708740 0.361627
v -0.052676 0.722771 0.366670
v -0.047575 0.719159 0.369257
v -0.033246 0.705440 0.370780
v -0.041688 0.712422 0.363440
v -0.042665 0.717541 0.368941
v -0.032799 0.717703 0.380678
v -0.043452 0.723991 0.363797
v -0.031522 0.718399 0.372860
v -0.018814 0.722249 0.380422
v 0.000000 0.770214 0.359105
v 0.000000 0.718435 0.384605
v -0.016721 0.717162 0.389484
v 0.000000 0.716493 0.392905
v -0.038644 0.724190 0.384115
v -0.019645 0.726365 0.393802
v -0.043674 0.733852 0.383329
v 0.000000 0.725370 0.396916
v -0.022978 0.740231 0.394276
v -0.050275 0.755877 0.389654
v -0.027220 0.774407 0.400343
v 0.000000 0.740411 0.397050
v 0.027220 0.774407 0.400343
v 0.022978 0.740231 0.394276
v 0.000000 0.776600 0.401895
v 0.000000 0.813731 0.397983
v -0.035541 0.817965 0.394724
v 0.035541 0.817965 0.394724
v 0.000000 0.818978 0.403400
v 0.032419 0.827942 0.443442
v 0.036094 0.827731 0.401921
v -0.036094 0.827731 0.401921
v -0.032419 0.827942 0.443442
v 0.000000 0.817839 0.444504
v 0.025295 0.833724 0.456515
v -0.025295 0.833724 0.456515
v 0.000000 0.829460 0.460327
v 0.000000 0.850808 0.467885
v -0.022150 0.869198 0.454863
v -0.027200 0.850660 0.459924
v 0.022150 0.869198 0.454863
v 0.000000 0.874992 0.458956
v 0.027200 0.850660 0.459924
v 0.042250 0.849957 0.442825
v 0.028740 0.874038 0.439067
v 0.046175 0.848313 0.397922
v 0.028946 0.866599 0.394125
v 0.046912 0.851219 0.384117
v 0.089554 0.846561 0.367960
v 0.035722 0.879681 0.373691
v 0.082662 0.893201 0.343329
v 0.078879 0.940626 0.315388
v 0.034567 0.938884 0.338190
v 0.000000 0.885277 0.377693
v 0.000000 0.875305 0.392870
v -0.028946 0.866599 0.394125
v -0.035722 0.879681 0.373691
v 0.000000 0.888007 0.436638
v -0.028740 0.874038 0.439067
v -0.042250 0.849957 0.442825
v -0.046175 0.848313 0.397922
v -0.046912 0.851219 0.384117
v -0.089554 0.846561 0.367960
v -0.082662 0.893201 0.343329
v -0.133714 0.870260 0.328342
v -0.141472 0.794622 0.356654
v -0.065857 0.786067 0.390480
v -0.085955 0.741873 0.384595
v -0.061113 0.728446 0.373430
v -0.183100 0.847854 0.289136
v -0.175133 0.903816 0.220916
v -0.210226 0.784857 0.232349
v -0.128364 0.899912 0.299779
v -0.078879 0.940626 0.315388
v -0.120134 0.942615 0.270523
v -0.153976 0.949160 0.202440
v -0.093775 1.026546 0.232699
v -0.063969 1.025976 0.267154
v -0.028581 1.025911 0.286247
v -0.048254 1.096355 0.227274
v -0.071688 1.096576 0.200514
v -0.086204 1.096874 0.168007
v 0.000000 1.109193 0.164671
v 0.000000 1.095626 0.250926
v -0.063430 1.097649 0.103898
v 0.026041 1.097920 0.085755
v 0.000000 1.097890 0.081053
v 0.020366 1.096077 0.245129
v 0.048254 1.096355 0.227274
v -0.020366 1.096077 0.245129
v -0.026041 1.097920 0.085755
v 0.063430 1.097649 0.103898
v 0.086107 1.096780 0.167289
v 0.087381 1.097165 0.134893
v 0.071664 1.096553 0.200334
v -0.087406 1.097190 0.135073
v -0.115151 1.026064 0.144963
v -0.114063 1.027404 0.190948
v -0.135644 0.975997 0.150147
v -0.113600 0.952814 0.084198
v -0.157214 0.897310 0.099190
v -0.156458 0.938629 0.147504
v -0.190851 0.870453 0.158248
v -0.185765 0.900244 0.153456
v -0.186503 0.814144 0.127772
v -0.156426 0.938623 0.147232
v -0.188166 0.718001 0.182973
v -0.186140 0.914846 0.183801
v -0.184493 0.941605 0.177351
v -0.199137 0.908017 0.150138
v -0.189569 0.922065 0.174015
v -0.196248 0.915464 0.155978
v -0.170201 0.946612 0.185185
v -0.187036 0.961334 0.158453
v -0.153844 0.949136 0.201349
v -0.163683 0.937936 0.155398
v -0.171612 0.970959 0.164442
v -0.184710 0.978715 0.129690
v -0.167403 0.972392 0.126987
v -0.159651 0.958129 0.147143
v -0.182635 0.925059 0.125875
v -0.179444 0.947939 0.112124
v -0.200755 0.948071 0.108737
v -0.205329 0.917437 0.121388
v -0.204393 0.924531 0.132929
v -0.188348 0.908306 0.143172
v -0.196928 0.926981 0.139089
v -0.203660 0.947120 0.121775
v -0.197018 0.944205 0.129795
v -0.195616 0.966246 0.133647
v -0.190090 0.956647 0.136891
v -0.184511 0.952400 0.155054
v -0.164215 0.782200 0.116722
v -0.142305 0.870152 0.073602
v -0.156423 0.757743 0.090340
v -0.140403 0.843150 0.044159
v -0.094494 0.894480 0.012777
v -0.209146 0.807887 0.003566
v -0.155547 0.870943 -0.037714
v -0.077986 0.909692 -0.053367
v -0.045655 0.923650 -0.001406
v -0.048342 0.957108 0.027728
v -0.097975 0.924548 0.045810
v -0.048326 0.973161 0.060509
v 0.000000 0.977618 0.056585
v -0.088428 1.022932 0.095473
v -0.038654 1.024884 0.073859
v 0.000000 1.025790 0.069278
v 0.038654 1.024884 0.073859
v 0.000000 0.963281 0.023942
v -0.207508 0.711835 0.063269
v -0.119502 0.655857 0.141288
v -0.152576 0.606113 0.116992
v 0.000000 0.619476 0.165087
v 0.000000 0.558622 0.162359
v 0.152576 0.606113 0.116992
v 0.119502 0.655857 0.141288
v 0.207508 0.711835 0.063269
v 0.093639 1.026444 0.231638
v 0.063969 1.025976 0.267154
v 0.120093 0.942608 0.270182
v 0.028581 1.025911 0.286247
v 0.000000 1.025838 0.291500
v 0.000000 0.939212 0.343271
v -0.034567 0.938884 0.338190
v 0.128364 0.899912 0.299779
v 0.133714 0.870260 0.328342
v 0.113514 1.026995 0.186705
v 0.065857 0.786067 0.390480
v 0.085955 0.741873 0.384595
v 0.050275 0.755877 0.389654
v 0.061113 0.728446 0.373430
v 0.043674 0.733852 0.383329
v 0.052676 0.722771 0.366670
v 0.038644 0.724190 0.384115
v 0.019645 0.726365 0.393802
v 0.016721 0.717163 0.389484
v 0.018814 0.722249 0.380422
v 0.032799 0.717703 0.380678
v 0.042665 0.717541 0.368941
v 0.031522 0.718399 0.372860
v 0.047575 0.719159 0.369257
v 0.046925 0.708740 0.361627
v 0.041688 0.712422 0.363440
v 0.033246 0.705440 0.370780
v 0.052086 0.707691 0.355991
v 0.043534 0.690753 0.361315
v 0.038480 0.696256 0.369439
v 0.019228 0.700796 0.378777
v 0.022346 0.688297 0.376292
v 0.025008 0.679178 0.366175
v 0.000000 0.698701 0.382419
v 0.000000 0.685111 0.379647
v 0.000000 0.675681 0.368740
v -0.019228 0.700796 0.378777
v 0.000000 0.698729 0.369245
v 0.000000 0.686150 0.358171
v 0.017775 0.700278 0.366943
v -0.017775 0.700278 0.366943
v -0.025545 0.689043 0.353859
v -0.031123 0.704594 0.361302
v -0.041736 0.711700 0.354755
v -0.080359 0.711179 0.298589
v -0.079867 0.752068 0.305482
v 0.000000 0.787393 0.269951
v 0.000000 0.768671 0.216930
v 0.073609 0.710545 0.299588
v 0.079867 0.752068 0.305482
v 0.000000 0.730457 0.210789
v 0.000000 0.696221 0.290358
v 0.025545 0.689043 0.353859
v 0.034917 0.695916 0.349695
v 0.036507 0.691890 0.348005
v 0.023876 0.694559 0.355944
v 0.013327 0.685883 0.357140
v 0.031123 0.704594 0.361302
v 0.041736 0.711700 0.354755
v 0.043452 0.723991 0.363798
v 0.012069 0.691513 0.359305
v 0.011849 0.697463 0.349847
v 0.000000 0.693315 0.360678
v 0.000000 0.698863 0.351527
v -0.012069 0.691513 0.359305
v -0.011850 0.697463 0.349848
v -0.023877 0.694559 0.355944
v -0.021639 0.699809 0.348096
v -0.029961 0.700565 0.342282
v -0.034917 0.695916 0.349695
v -0.036507 0.691889 0.348005
v -0.044725 0.701335 0.343694
v -0.047853 0.694093 0.340998
v -0.042862 0.707773 0.328452
v -0.054068 0.703809 0.336252
v -0.037314 0.705226 0.336690
v -0.059227 0.696328 0.331933
v -0.048089 0.712874 0.322829
v -0.060504 0.709884 0.328703
v -0.052432 0.716371 0.312710
v -0.067593 0.714356 0.317153
v -0.065130 0.699362 0.325744
v -0.071965 0.704504 0.314158
v -0.073609 0.710545 0.299588
v -0.069842 0.720434 0.307210
v -0.058535 0.722184 0.304018
v -0.013327 0.685883 0.357140
v 0.021639 0.699809 0.348096
v 0.029960 0.700565 0.342283
v 0.044725 0.701335 0.343694
v 0.037314 0.705226 0.336690
v 0.042862 0.707773 0.328452
v 0.054068 0.703809 0.336252
v 0.048089 0.712874 0.322829
v 0.052432 0.716371 0.312710
v 0.060504 0.709884 0.328703
v 0.067593 0.714356 0.317153
v 0.059227 0.696328 0.331933
v 0.065130 0.699362 0.325744
v 0.071965 0.704504 0.314158
v 0.069842 0.720434 0.307210
v 0.058534 0.722184 0.304018
v 0.047853 0.694093 0.340998
v 0.061696 0.704789 0.358480
v -0.037181 0.721378 0.266166
v -0.039491 0.741497 0.263249
v -0.046380 0.732753 0.288392
v 0.000000 0.723130 0.239915
v 0.000000 0.714382 0.267617
v -0.039833 0.715624 0.283448
v -0.032697 0.729129 0.245033
v -0.028387 0.743341 0.241455
v -0.014961 0.749791 0.236595
v 0.000000 0.748919 0.236459
v -0.016268 0.749013 0.262807
v -0.019305 0.739507 0.291108
v 0.000000 0.747451 0.262053
v 0.000000 0.737929 0.289983
v 0.019305 0.739507 0.291108
v 0.016268 0.749013 0.262807
v 0.014961 0.749791 0.236595
v 0.039491 0.741497 0.263249
v 0.046380 0.732753 0.288392
v 0.039833 0.715624 0.283448
v 0.037181 0.721378 0.266166
v 0.042099 0.720666 0.312838
v 0.017213 0.726862 0.314606
v 0.032421 0.709732 0.330180
v 0.011899 0.715884 0.329683
v 0.000000 0.714596 0.328790
v 0.000000 0.725348 0.313680
v -0.017213 0.726862 0.314606
v -0.042099 0.720666 0.312838
v -0.032421 0.709732 0.330180
v -0.011899 0.715884 0.329683
v -0.008258 0.707151 0.338300
v 0.000000 0.704500 0.339313
v -0.020337 0.701917 0.338891
v 0.000000 0.697867 0.341182
v -0.019699 0.695777 0.335018
v -0.026989 0.699078 0.325676
v 0.000000 0.693560 0.335918
v 0.000000 0.696827 0.321237
v 0.026989 0.699078 0.325676
v 0.019699 0.695777 0.335018
v 0.020337 0.701917 0.338891
v 0.008258 0.707151 0.338300
v 0.035501 0.707256 0.306996
v 0.000000 0.708634 0.283773
v 0.000000 0.701735 0.305153
v -0.035501 0.707256 0.306996
v 0.032697 0.729129 0.245033
v 0.028387 0.743341 0.241455
v 0.056049 0.991004 0.283258
v 0.076358 0.996080 0.279257
v 0.076361 1.001887 0.285024
v 0.046439 0.986936 0.287359
v 0.056053 0.998597 0.290797
v 0.039740 0.989000 0.298024
v 0.060451 0.996230 0.301648
v 0.043042 0.982859 0.304206
v 0.040118 0.986729 0.302190
v 0.080197 1.000232 0.288568
v 0.065201 0.984809 0.304675
v 0.081970 0.995669 0.291283
v 0.081966 0.989863 0.285515
v 0.074988 0.981766 0.292548
v 0.065198 0.977216 0.297135
v 0.054305 0.975037 0.299336
v 0.043038 0.977052 0.298439
v 0.040114 0.979420 0.294931
v 0.039737 0.983192 0.292257
v 0.080193 0.992923 0.281311
v -0.078644 1.002461 0.288568
v -0.080990 0.998165 0.291283
v -0.059577 0.995949 0.301648
v -0.074627 1.003609 0.285024
v -0.079581 0.995213 0.281311
v -0.081733 0.992406 0.285515
v -0.075856 0.983478 0.292548
v -0.065759 0.985235 0.304675
v -0.066733 0.977705 0.297135
v -0.056212 0.974142 0.299336
v -0.044779 0.974689 0.298439
v -0.044035 0.980448 0.304206
v -0.040637 0.983910 0.302190
v -0.039970 0.986113 0.298024
v -0.041574 0.976661 0.294931
v -0.040715 0.980353 0.292257
v -0.046879 0.984928 0.287359
v -0.054912 0.997730 0.290797
v -0.055885 0.990200 0.283258
v -0.065796 0.994817 0.279925
v -0.075371 0.997849 0.279257
v -0.072859 0.752232 0.320213
v -0.059824 0.753057 0.316183
v -0.070183 0.749351 0.332815
v -0.071552 0.758880 0.337378
v -0.072868 0.765240 0.321112
v -0.065160 0.754920 0.347229
v -0.062508 0.742694 0.343384
v -0.058962 0.751378 0.354776
v -0.048280 0.744935 0.365523
v -0.053852 0.740768 0.353569
v -0.043318 0.743847 0.345568
v -0.044380 0.735070 0.362645
v -0.036523 0.738138 0.353405
v -0.028344 0.738316 0.361105
v -0.036057 0.734449 0.371799
v -0.024569 0.730072 0.377071
v -0.024883 0.739455 0.382544
v -0.035908 0.740363 0.375830
v -0.014102 0.736360 0.386472
v 0.000000 0.734193 0.386791
v -0.012827 0.730323 0.381433
v -0.010966 0.734377 0.369733
v 0.000000 0.728189 0.381831
v 0.012827 0.730323 0.381433
v 0.000000 0.732419 0.369934
v 0.010966 0.734377 0.369733
v 0.024569 0.730072 0.377071
v 0.019825 0.734081 0.366620
v 0.028344 0.738316 0.361105
v 0.036057 0.734449 0.371799
v 0.044380 0.735070 0.362645
v 0.036523 0.738138 0.353405
v 0.043318 0.743847 0.345568
v 0.053852 0.740768 0.353569
v 0.062508 0.742694 0.343384
v 0.049603 0.744602 0.337660
v 0.053743 0.750780 0.327413
v 0.070183 0.749351 0.332815
v 0.059824 0.753057 0.316183
v 0.072859 0.752232 0.320213
v 0.072868 0.765240 0.321112
v 0.071552 0.758880 0.337378
v 0.065160 0.754921 0.347229
v 0.058962 0.751378 0.354776
v 0.048280 0.744935 0.365523
v 0.035908 0.740363 0.375830
v 0.024883 0.739455 0.382544
v 0.014102 0.736360 0.386472
v -0.019825 0.734081 0.366620
v -0.049603 0.744602 0.337660
v -0.053743 0.750780 0.327413
v -0.058627 0.714895 0.304457
v -0.068840 0.714008 0.308744
v -0.068244 0.730663 0.316364
v -0.058795 0.732233 0.312743
v -0.050707 0.723768 0.327442
v -0.050326 0.707068 0.318072
v -0.060059 0.722591 0.330329
v -0.059947 0.705592 0.322349
v -0.038774 0.911437 0.351876
v -0.038205 0.932499 0.346365
v -0.038748 0.914204 0.357519
v -0.037180 0.928680 0.342452
v -0.042328 0.893742 0.361693
v -0.043680 0.895069 0.367000
v -0.052904 0.891199 0.357413
v -0.055117 0.890113 0.364272
v -0.046129 0.898797 0.370243
v -0.053420 0.916144 0.357687
v -0.043021 0.916568 0.361232
v -0.056095 0.896728 0.366943
v -0.065309 0.896851 0.361690
v -0.063536 0.914642 0.352014
v -0.064233 0.892971 0.357840
v -0.063366 0.911893 0.346459
v -0.059288 0.909511 0.342659
v -0.058758 0.930400 0.337205
v -0.060161 0.931789 0.342447
v -0.050111 0.934213 0.346535
v -0.047936 0.935094 0.339783
v -0.040981 0.933736 0.351002
v -0.056360 0.926733 0.333898
v -0.046919 0.928682 0.337005
v -0.061508 0.891795 0.353140
v -0.056099 0.721041 0.334885
v -0.050943 0.723349 0.330289
v -0.049858 0.705095 0.320942
v -0.055990 0.702260 0.326305
v -0.044800 0.715232 0.346949
v -0.045602 0.696910 0.337856
v -0.039878 0.700081 0.331921
v -0.040145 0.717572 0.342296
v -0.021617 0.708198 0.361905
v -0.021554 0.710921 0.357112
v -0.000601 0.707315 0.364710
v -0.021719 0.690979 0.353553
v -0.021838 0.692998 0.350153
v -0.000719 0.690144 0.356852
v -0.000398 0.694150 0.349927
v -0.000341 0.710146 0.359545
v -0.057135 0.726522 0.337913
v -0.051336 0.728083 0.333110
v -0.045618 0.719935 0.353421
v -0.056270 0.747660 0.346483
v -0.049390 0.749332 0.340775
v -0.045347 0.741206 0.361692
v -0.039035 0.742697 0.355616
v -0.040427 0.721586 0.348400
v 0.019762 0.715894 0.364384
v 0.019255 0.738113 0.371767
v 0.021635 0.713431 0.370434
v 0.000896 0.714448 0.368323
v 0.001587 0.711931 0.374609
v 0.000700 0.737561 0.374863
v 0.001712 0.734316 0.382494
v 0.023469 0.735618 0.378494
v 0.043681 0.895069 0.367000
v 0.055125 0.890113 0.364269
v 0.046138 0.898796 0.370240
v 0.052857 0.891203 0.357435
v 0.042313 0.893743 0.361700
v 0.038738 0.911440 0.351892
v 0.038748 0.914204 0.357519
v 0.043007 0.916569 0.361238
v 0.038153 0.932505 0.346388
v 0.040930 0.933741 0.351025
v 0.047727 0.935116 0.339876
v 0.053361 0.916150 0.357713
v 0.049956 0.934229 0.346604
v 0.060109 0.931795 0.342471
v 0.063366 0.911893 0.346459
v 0.058706 0.930405 0.337229
v 0.063522 0.914643 0.352021
v 0.065317 0.896850 0.361687
v 0.056120 0.896726 0.366932
v 0.064234 0.892971 0.357839
v 0.059252 0.909515 0.342676
v 0.061492 0.891797 0.353147
v 0.056284 0.926742 0.333931
v 0.046693 0.928705 0.337106
v 0.037104 0.928687 0.342485
v 0.022888 0.716710 0.363611
v 0.020849 0.738629 0.369770
v 0.026376 0.714514 0.368789
v 0.038759 0.720248 0.352374
v 0.042187 0.718347 0.357417
v 0.036380 0.741856 0.358503
v 0.042494 0.739510 0.364866
v 0.025406 0.735729 0.377311
v 0.060059 0.722591 0.330329
v 0.059947 0.705592 0.322349
v 0.068244 0.730663 0.316364
v 0.050707 0.723768 0.327442
v 0.050326 0.707068 0.318072
v 0.058795 0.732233 0.312743
v 0.058627 0.714895 0.304457
v 0.068840 0.714008 0.308744
v 0.049650 0.731897 0.330506
v 0.052566 0.750651 0.338617
v 0.060673 0.729442 0.333646
v 0.069160 0.736003 0.317271
v 0.056827 0.737679 0.314575
v 0.059595 0.756483 0.322923
v 0.069997 0.755447 0.324413
v 0.061367 0.748734 0.342000
v 0.039878 0.700081 0.331921
v 0.045602 0.696910 0.337856
v 0.044800 0.715232 0.346949
v 0.040145 0.717572 0.342296
v 0.050943 0.723349 0.330289
v 0.049858 0.705095 0.320942
v 0.056099 0.721040 0.334886
v 0.055990 0.702260 0.326305
v 0.039035 0.742697 0.355616
v 0.045347 0.741206 0.361692
v 0.045511 0.719935 0.353421
v 0.040316 0.721484 0.348383
v 0.051314 0.727982 0.333094
v 0.049390 0.749332 0.340775
v 0.057117 0.726522 0.337913
v 0.056270 0.747660 0.346483
v 0.021965 0.695271 0.345561
v 0.023186 0.711644 0.356192
v 0.025377 0.709378 0.360278
v 0.025030 0.691337 0.352118
v 0.041813 0.696014 0.340025
v 0.041627 0.713961 0.349136
v 0.036377 0.699223 0.334923
v 0.038484 0.716041 0.345602
v 0.000857 0.694150 0.349927
v 0.000800 0.710146 0.359545
v 0.001060 0.707315 0.364710
v 0.001178 0.690144 0.356852
v 0.022323 0.691032 0.352952
v 0.022221 0.708251 0.361304
v 0.021421 0.694812 0.346659
v 0.022157 0.710975 0.356510
v -0.019255 0.738096 0.371968
v -0.019869 0.715876 0.364585
v -0.021742 0.713413 0.370634
v -0.023469 0.735600 0.378695
v -0.001637 0.711931 0.374609
v -0.001712 0.734316 0.382494
v -0.000700 0.737561 0.374863
v -0.000946 0.714448 0.368323
v -0.036377 0.699223 0.334923
v -0.038484 0.716041 0.345602
v -0.041813 0.696014 0.340025
v -0.041627 0.713961 0.349136
v -0.023488 0.711662 0.355991
v -0.025332 0.691355 0.351917
v -0.025679 0.709396 0.360078
v -0.022028 0.693105 0.349288
v -0.036380 0.741856 0.358503
v -0.042294 0.718347 0.357417
v -0.038866 0.720248 0.352374
v -0.042494 0.739510 0.364866
v -0.024501 0.735702 0.377611
v -0.019943 0.738603 0.370071
v -0.025576 0.714487 0.369090
v -0.022089 0.716684 0.363912
v -0.065616 0.756750 0.321112
v -0.069997 0.755447 0.324413
v -0.056827 0.737679 0.314575
v -0.069160 0.736003 0.317271
v -0.049650 0.731897 0.330506
v -0.060673 0.729442 0.333646
v -0.061367 0.748734 0.342000
v -0.052566 0.750651 0.338617
v -0.099664 0.083059 0.103213
v -0.039966 0.058591 0.104883
v -0.099570 0.081504 0.031651
v -0.155390 0.057969 0.023153
v -0.165065 0.056085 0.087261
v -0.142136 0.039482 0.145285
v -0.099514 0.047806 0.160249
v -0.061557 0.040431 0.150506
v -0.030128 0.022755 0.104176
v -0.099479 0.019875 0.169798
v -0.060764 0.018951 0.151887
v -0.061195 0.000000 0.144273
v -0.043920 0.000000 0.102865
v -0.050004 0.000000 0.035620
v -0.160831 0.000000 0.087130
v -0.040991 0.022885 0.035401
v -0.142321 0.000000 0.140112
v -0.177444 0.022128 0.082810
v -0.143567 0.018773 0.147410
v -0.099481 0.000000 0.155732
v -0.154976 0.000000 0.024159
v -0.166699 0.023047 0.021152
v -0.131240 0.045440 -0.043065
v -0.134559 0.020558 -0.040666
v -0.127122 -0.000000 -0.033447
v -0.124425 0.007444 -0.049748
v -0.135421 0.047489 -0.089143
v -0.141204 0.020558 -0.089761
v -0.133986 0.045708 -0.147657
v -0.135702 0.021295 -0.148561
v -0.132533 -0.000000 -0.104159
v -0.130923 -0.000000 -0.144831
v -0.127464 0.007444 -0.078432
v -0.078697 0.007444 -0.078432
v -0.084720 0.007444 -0.049748
v -0.065120 0.020558 -0.040593
v -0.076723 -0.000000 -0.033447
v -0.054118 0.020558 -0.089226
v -0.059912 0.047489 -0.089141
v -0.067429 0.045440 -0.043065
v -0.062273 -0.000000 -0.104065
v -0.062597 -0.000000 -0.144433
v -0.058852 0.021295 -0.148480
v -0.097606 0.021361 -0.179793
v -0.097383 -0.000000 -0.177625
v -0.060781 0.045708 -0.147648
v -0.097650 0.047018 -0.178819
v -0.073071 0.059567 -0.138243
v -0.072922 0.059853 -0.104677
v -0.097702 0.063965 -0.156807
v -0.097702 0.064742 -0.090761
v -0.121653 0.059854 -0.104689
v -0.121504 0.059568 -0.138293
v -0.097796 0.058086 -0.070738
v -0.098408 0.056407 -0.047536
v -0.049407 0.057318 0.034902
v 0.097702 0.064742 -0.090761
v 0.072922 0.059853 -0.104677
v 0.097796 0.058086 -0.070738
v 0.121653 0.059854 -0.104689
v 0.097702 0.063965 -0.156807
v 0.073071 0.059567 -0.138243
v 0.097650 0.047018 -0.178819
v 0.121504 0.059568 -0.138293
v 0.133986 0.045708 -0.147657
v 0.135421 0.047489 -0.089143
v 0.131240 0.045440 -0.043065
v 0.134559 0.020558 -0.040666
v 0.141204 0.020558 -0.089761
v 0.098408 0.056407 -0.047536
v 0.059912 0.047489 -0.089141
v 0.067429 0.045440 -0.043065
v 0.155388 0.057976 0.023162
v 0.099563 0.081504 0.031651
v 0.039934 0.058577 0.104864
v 0.049403 0.057312 0.034894
v 0.099627 0.083059 0.103213
v 0.061515 0.040422 0.150494
v 0.099467 0.047806 0.160250
v 0.142096 0.039492 0.145298
v 0.165039 0.056101 0.087282
v 0.177427 0.022147 0.082836
v 0.143530 0.018784 0.147425
v 0.154980 0.000006 0.024168
v 0.160819 0.000015 0.087150
v 0.142291 0.000010 0.140126
v 0.166701 0.023055 0.021163
v 0.043903 -0.000013 0.102847
v 0.061164 -0.000009 0.144261
v 0.099447 0.000000 0.155732
v 0.099435 0.019875 0.169798
v 0.060726 0.018942 0.151875
v 0.030104 0.022739 0.104154
v 0.040991 0.022878 0.035392
v 0.050006 -0.000005 0.035612
v 0.065120 0.020558 -0.040593
v 0.054118 0.020558 -0.089226
v 0.084720 0.007444 -0.049748
v 0.076723 -0.000000 -0.033447
v 0.127122 -0.000000 -0.033447
v 0.124425 0.007444 -0.049748
v 0.127464 0.007444 -0.078432
v 0.078697 0.007444 -0.078432
v 0.132533 -0.000000 -0.104159
v 0.130923 -0.000000 -0.144831
v 0.062273 -0.000000 -0.104065
v 0.062597 -0.000000 -0.144433
v 0.058852 0.021295 -0.148480
v 0.097383 -0.000000 -0.177625
v 0.097606 0.021361 -0.179793
v 0.135702 0.021295 -0.148562
v 0.060781 0.045708 -0.147648
vn 0.0826 -0.8940 0.4404
vn -0.0198 -0.9937 0.1099
vn -0.1648 -0.8721 0.4607
vn -0.1649 -0.8721 0.4607
vn 0.2955 -0.8714 0.3917
vn 0.2954 -0.8714 0.3917
vn 0.1619 -0.7533 0.6375
vn 0.1620 -0.7533 0.6375
vn -0.1004 -0.7586 0.6438
vn -0.1298 -0.9011 0.4138
vn 0.1722 -0.8448 0.5066
vn -0.1021 -0.9113 -0.3988
vn 0.0036 -0.9597 -0.2809
vn 0.0996 -0.9127 -0.3964
vn -0.0198 -0.9938 0.1099
vn 0.0997 -0.9127 -0.3964
vn 0.0037 -0.9597 -0.2809
vn 0.0401 -0.9084 -0.4161
vn 0.0036 -0.9597 -0.2808
vn 0.0021 -0.8032 -0.5957
vn 0.0021 -0.8032 -0.5956
vn -0.0442 -0.9082 -0.4162
vn 0.1833 -0.7544 -0.6303
vn -0.0000 -0.4877 -0.8730
vn -0.1837 -0.7544 -0.6302
vn -0.4177 -0.3642 -0.8324
vn -0.4790 -0.7222 -0.4989
vn -0.2995 -0.7895 -0.5357
vn -0.2994 -0.7895 -0.5357
vn -0.4178 -0.3642 -0.8324
vn -0.0000 0.0638 -0.9980
vn -0.7440 -0.4414 -0.5016
vn -0.8257 -0.0878 -0.5573
vn -0.5142 0.0835 -0.8536
vn -0.8257 -0.0879 -0.5573
vn -0.7736 0.4391 -0.4568
vn -0.2995 0.7321 -0.6118
vn -0.2103 0.8496 -0.4837
vn -0.2124 0.7383 -0.6402
vn -0.0000 0.8013 -0.5983
vn -0.0000 0.8694 -0.4941
vn -0.0674 0.9255 -0.3727
vn -0.1804 0.9716 -0.1531
vn -0.3164 0.9028 -0.2914
vn -0.1769 0.9321 -0.3161
vn -0.5578 0.8198 -0.1295
vn -0.1769 0.9321 -0.3160
vn -0.3814 0.7964 -0.4694
vn -0.4435 0.4950 -0.7472
vn -0.8246 0.2923 -0.4844
vn -0.5025 0.6254 -0.5970
vn -0.8978 0.0443 -0.4381
vn 0.0570 0.9407 0.3345
vn 0.0631 0.9093 0.4114
vn 0.1266 0.8897 0.4386
vn -0.9961 0.0226 -0.0858
vn -0.8979 0.0443 -0.4381
vn -0.9838 -0.1522 -0.0946
vn -0.9961 0.0225 -0.0858
vn -0.8245 0.2923 -0.4844
vn -0.9434 -0.3103 -0.1170
vn 0.1473 0.9525 0.2666
vn 0.0460 0.9897 0.1358
vn -0.9676 -0.2343 -0.0941
vn -0.9911 -0.0191 -0.1320
vn -0.9225 -0.2123 0.3223
vn 0.1473 0.9525 0.2667
vn 0.0084 0.9988 0.0482
vn -0.8371 -0.3935 0.3801
vn 0.0461 0.9897 0.1358
vn 0.0084 0.9988 0.0481
vn -0.1423 0.9787 0.1478
vn -0.6513 -0.0015 0.7588
vn -0.1427 0.9788 0.1470
vn -0.0663 0.9469 0.3147
vn -0.9417 -0.2129 0.2605
vn -0.8946 -0.0251 0.4463
vn -0.9490 0.0205 0.3147
vn -0.8946 -0.0251 0.4462
vn -0.4237 0.4363 0.7938
vn -0.7464 0.5741 0.3367
vn -0.4858 0.4523 0.7480
vn -0.3768 0.6132 0.6942
vn -0.5531 -0.1617 0.8172
vn -0.5531 -0.1618 0.8173
vn -0.5345 0.0660 0.8426
vn -0.2126 -0.1862 0.9593
vn -0.2125 -0.1862 0.9593
vn -0.0814 0.3448 0.9352
vn -0.1951 0.0568 0.9791
vn -0.0256 0.4786 0.8776
vn -0.1695 0.7922 0.5863
vn -0.5259 -0.4715 0.7079
vn -0.0814 0.3448 0.9351
vn -0.5349 0.2345 0.8117
vn -0.1253 0.2173 0.9680
vn -0.1492 -0.5636 0.8125
vn -0.1253 0.2174 0.9680
vn -0.1492 -0.5635 0.8125
vn 0.1319 -0.0614 0.9894
vn 0.1462 0.0754 0.9864
vn 0.0832 0.1158 0.9898
vn -0.0813 0.3448 0.9351
vn 0.1462 0.0755 0.9864
vn 0.1680 -0.7540 0.6351
vn 0.0851 -0.9444 0.3176
vn -0.2463 -0.9421 0.2276
vn -0.0353 -0.6864 0.7264
vn 0.1585 -0.1020 0.9821
vn 0.0810 -0.4255 0.9013
vn 0.1680 -0.7540 0.6350
vn 0.1965 -0.2640 0.9443
vn -0.4878 -0.3610 0.7948
vn 0.5567 -0.1869 0.8094
vn 0.5365 0.0410 0.8429
vn 0.3907 0.5930 0.7040
vn 0.3907 0.5930 0.7041
vn -0.6578 -0.2907 0.6948
vn -0.7222 -0.1502 0.6752
vn -0.5103 -0.3418 0.7891
vn -0.4879 -0.3610 0.7948
vn -0.6390 -0.0666 0.7663
vn -0.6579 -0.2906 0.6948
vn -0.9125 -0.0310 0.4079
vn -0.7115 -0.0040 0.7027
vn -0.7222 -0.1501 0.6752
vn -0.6390 -0.0667 0.7663
vn -0.7138 0.0707 0.6968
vn -0.4771 -0.0813 0.8751
vn 0.1927 -0.0560 0.9797
vn -0.5845 0.0260 0.8110
vn 0.5174 -0.0264 0.8553
vn 0.4355 0.1169 0.8926
vn 0.2011 -0.0070 0.9795
vn -0.5845 0.0259 0.8110
vn -0.5036 0.0357 0.8632
vn -0.4211 0.0077 0.9070
vn 0.3438 0.1446 0.9278
vn 0.2011 -0.0070 0.9796
vn -0.8771 -0.0894 -0.4718
vn -0.6625 0.2704 -0.6986
vn -0.8332 0.0231 -0.5526
vn 0.5822 0.3386 0.7392
vn -0.8772 -0.0894 -0.4718
vn -0.5541 0.4936 -0.6703
vn -0.8332 0.0231 -0.5525
vn -0.8443 0.5023 -0.1868
vn 0.4148 0.4012 0.8167
vn 0.0575 0.5163 0.8545
vn 0.3707 0.1949 0.9080
vn 0.0126 0.2155 0.9764
vn 0.3708 0.1950 0.9080
vn -0.4489 0.6090 0.6539
vn -0.0888 0.7327 0.6748
vn -0.5725 0.7214 -0.3897
vn -0.2995 0.9105 0.2852
vn -0.2422 0.2331 0.9418
vn 0.7304 -0.4133 -0.5438
vn 0.6087 0.3216 -0.7253
vn -0.7301 0.3691 0.5750
vn -0.5143 -0.0065 0.8576
vn -0.7397 0.0553 0.6707
vn -0.7397 0.0553 0.6706
vn -0.2585 0.0355 0.9654
vn -0.2110 -0.0305 0.9770
vn 0.3503 0.9227 0.1610
vn 0.5802 0.6970 -0.4213
vn 0.6776 0.2830 -0.6788
vn 0.5498 0.4708 -0.6900
vn 0.0659 0.3515 0.9339
vn 0.0413 -0.0171 0.9990
vn 0.3083 0.3983 0.8639
vn -0.3553 0.1044 0.9289
vn -0.7397 0.0552 0.6706
vn -0.2241 -0.0836 0.9710
vn -0.2241 -0.0835 0.9710
vn -0.4332 0.1057 0.8951
vn -0.5852 0.3374 0.7374
vn -0.5118 -0.0292 0.8586
vn -0.6791 0.2225 0.6995
vn -0.6546 0.3273 0.6815
vn -0.8394 0.0795 0.5376
vn -0.8395 0.0795 0.5376
vn -0.6546 0.3272 0.6815
vn -0.6145 0.5402 0.5749
vn -0.4734 0.8666 0.1578
vn -0.1735 0.9677 0.1827
vn -0.4150 0.1306 0.9004
vn -0.4733 0.8666 0.1578
vn -0.3801 -0.0877 0.9208
vn -0.9881 -0.1370 0.0700
vn -0.9881 -0.1369 0.0699
vn -0.5103 0.6855 -0.5194
vn -0.3935 0.7673 -0.5064
vn -0.5527 0.5582 -0.6188
vn -0.2963 0.9430 -0.1514
vn -0.3674 0.9161 0.1604
vn -0.5323 0.7197 0.4458
vn -0.3674 0.9161 0.1605
vn 0.8632 -0.3763 -0.3365
vn 0.7541 -0.6368 -0.1607
vn 0.7236 -0.6901 0.0114
vn 0.5220 -0.8228 0.2249
vn 0.7541 -0.6368 -0.1608
vn 0.8452 -0.3893 -0.3662
vn 0.8440 0.0258 -0.5357
vn 0.8795 -0.0914 -0.4670
vn -0.5940 0.4858 0.6412
vn -0.6559 0.2855 0.6988
vn -0.3487 0.4569 0.8183
vn -0.5940 0.4859 0.6412
vn -0.7066 0.4887 0.5118
vn -0.5717 0.6656 0.4798
vn -0.7066 0.4887 0.5117
vn -0.7591 0.2489 0.6015
vn -0.5803 0.0631 0.8120
vn -0.6559 0.2854 0.6988
vn -0.3244 0.2632 0.9086
vn -0.7592 0.2489 0.6014
vn -0.3551 -0.0576 0.9331
vn -0.3244 0.2633 0.9086
vn 0.0658 0.3515 0.9339
vn -0.3551 -0.0575 0.9331
vn 0.0539 0.5925 0.8037
vn -0.3243 0.2632 0.9086
vn -0.7487 0.4548 0.4823
vn -0.6639 0.6936 0.2795
vn -0.7487 0.4549 0.4823
vn -0.4322 0.8814 0.1905
vn -0.5943 0.7189 0.3606
vn -0.3645 0.9312 0.0024
vn -0.4321 0.8815 0.1905
vn -0.0000 0.9850 -0.1728
vn 0.0411 0.9983 -0.0403
vn 0.3645 0.9312 0.0024
vn 0.4072 0.8964 0.1750
vn 0.6639 0.6936 0.2795
vn 0.5943 0.7189 0.3606
vn 0.6856 0.5184 0.5111
vn 0.7750 0.3991 0.4900
vn 0.7749 0.3991 0.4900
vn 0.6795 0.2665 0.6836
vn 0.7558 0.1768 0.6304
vn 0.6795 0.2664 0.6836
vn 0.7559 0.1768 0.6304
vn 0.5718 0.0294 0.8198
vn 0.3708 0.1949 0.9080
vn 0.6076 0.4778 0.6345
vn 0.5717 0.6656 0.4798
vn -0.7236 -0.6901 0.0114
vn -0.7541 -0.6368 -0.1607
vn -0.8627 -0.3765 -0.3377
vn -0.8452 -0.3893 -0.3662
vn -0.8772 -0.0895 -0.4718
vn -0.8626 -0.3765 -0.3377
vn -0.8331 0.0231 -0.5526
vn -0.7541 -0.6368 -0.1608
vn -0.5220 -0.8228 0.2249
vn 0.5323 0.7197 0.4458
vn 0.4734 0.8666 0.1578
vn 0.3674 0.9161 0.1605
vn 0.6145 0.5402 0.5749
vn 0.1735 0.9677 0.1827
vn 0.5103 0.6855 -0.5194
vn 0.3935 0.7673 -0.5064
vn 0.5527 0.5582 -0.6188
vn 0.4733 0.8666 0.1578
vn 0.2963 0.9430 -0.1514
vn 0.6546 0.3272 0.6815
vn 0.3674 0.9161 0.1604
vn 0.3801 -0.0877 0.9208
vn 0.9881 -0.1370 0.0700
vn 0.9881 -0.1369 0.0699
vn 0.8393 0.0784 0.5379
vn 0.6781 0.2234 0.7002
vn 0.4150 0.1306 0.9004
vn -0.0458 -0.9586 -0.2809
vn 0.0129 -0.8762 0.4817
vn 0.4143 -0.7316 0.5413
vn 0.9744 -0.2179 -0.0552
vn 0.2796 -0.9571 -0.0756
vn 0.2073 0.0230 0.9780
vn 0.1433 0.9618 0.2334
vn 0.1525 0.9703 0.1876
vn 0.3468 0.0987 0.9327
vn 0.0082 0.5405 0.8413
vn 0.2533 0.9353 0.2470
vn 0.0308 0.8547 -0.5183
vn 0.2282 0.9547 0.1913
vn 0.0070 0.8553 -0.5182
vn 0.1516 0.9718 0.1804
vn 0.1222 0.9695 0.2124
vn 0.0284 0.8492 -0.5274
vn 0.1581 -0.5664 -0.8088
vn 0.0130 -0.5887 -0.8082
vn -0.1415 -0.9064 -0.3979
vn 0.8422 -0.2955 -0.4509
vn 0.1859 -0.5602 -0.8073
vn 0.2428 -0.9361 -0.2546
vn 0.0491 0.8546 -0.5169
vn 0.5102 0.6855 -0.5194
vn 0.1736 0.9677 0.1827
vn 0.7123 0.3589 -0.6031
vn 0.0984 -0.9647 -0.2442
vn 0.0083 -0.5819 -0.8132
vn 0.0223 -0.9754 -0.2191
vn 0.0080 -0.8730 0.4876
vn 0.0942 -0.9573 -0.2733
vn 0.0218 -0.9753 -0.2200
vn 0.8955 -0.0624 0.4407
vn 0.8393 0.0785 0.5379
vn 0.9881 -0.1369 0.0700
vn 0.9966 0.0196 -0.0804
vn 0.9392 -0.2165 0.2663
vn 0.5356 0.2869 0.7942
vn 0.9966 0.0196 -0.0805
vn 0.9193 0.2694 0.2869
vn 0.9911 -0.1108 -0.0734
vn 0.4503 0.8745 0.1805
vn 0.3427 0.9307 0.1281
vn 0.1937 0.8518 0.4868
vn 0.9392 -0.2166 0.2663
vn 0.9701 -0.2241 -0.0933
vn -0.1018 0.9657 0.2389
vn -0.1866 0.9576 0.2194
vn 0.0274 0.9974 0.0669
vn 0.5416 0.8308 0.1287
vn 0.4503 0.8744 0.1805
vn 0.8301 -0.3876 0.4010
vn 0.9100 0.1515 0.3859
vn 0.6579 -0.0119 0.7530
vn 0.9794 -0.1860 -0.0788
vn 0.3385 0.7389 0.5826
vn 0.5543 0.4484 0.7012
vn 0.7460 0.5762 0.3338
vn 0.7460 0.5763 0.3337
vn 0.9794 -0.1860 -0.0789
vn 0.9394 0.3345 -0.0749
vn 0.8607 -0.0512 -0.5065
vn 0.9794 -0.1861 -0.0788
vn 0.7268 -0.3634 -0.5828
vn 0.7268 -0.3635 -0.5828
vn 0.8457 -0.5202 -0.1192
vn 0.8457 -0.5202 -0.1191
vn 0.6658 -0.7426 -0.0722
vn 0.7128 -0.6269 0.3144
vn 0.6659 -0.7426 -0.0722
vn 0.5146 -0.7079 -0.4838
vn 0.8457 -0.5203 -0.1191
vn 0.8457 -0.5203 -0.1192
vn 0.7268 -0.3635 -0.5827
vn 0.8300 -0.3876 0.4010
vn 0.7128 -0.6269 0.3145
vn 0.5419 -0.8070 0.2349
vn 0.4401 -0.6998 0.5626
vn 0.7129 -0.6269 0.3144
vn 0.5199 -0.4933 0.6974
vn 0.4401 -0.6999 0.5626
vn 0.1619 -0.7533 0.6374
vn 0.5199 -0.4934 0.6974
vn 0.1715 -0.6024 0.7796
vn 0.1318 -0.0614 0.9894
vn 0.1715 -0.6024 0.7795
vn 0.1716 -0.6024 0.7796
vn 0.6088 -0.3334 0.7198
vn 0.5885 -0.7094 0.3879
vn 0.6213 -0.7717 -0.1362
vn 0.5884 -0.7094 0.3879
vn 0.6595 -0.1865 0.7282
vn -0.0014 -0.8775 0.4796
vn 0.8632 -0.4522 -0.2244
vn 0.6213 -0.7717 -0.1363
vn 0.8632 -0.4522 -0.2245
vn 0.9051 -0.0831 -0.4171
vn 0.6595 -0.1866 0.7282
vn 0.6291 0.1002 0.7708
vn -0.4819 -0.0671 0.8736
vn -0.4507 -0.1962 0.8709
vn -0.8702 -0.0987 -0.4827
vn -0.6260 0.0768 0.7760
vn -0.6170 -0.1674 0.7690
vn -0.7989 -0.4244 -0.4262
vn -0.7524 -0.0726 0.6547
vn -0.8666 -0.2959 0.4018
vn 0.6292 0.1002 0.7708
vn -0.4820 -0.0671 0.8736
vn -0.6260 0.0767 0.7761
vn -0.5982 0.2147 0.7720
vn 0.6278 -0.0047 0.7784
vn 0.6306 0.0289 0.7756
vn -0.6275 0.0811 0.7744
vn -0.6278 0.1338 0.7668
vn -0.9378 -0.0961 -0.3337
vn -0.6192 0.1198 0.7760
vn -0.6268 0.0650 0.7765
vn 0.6166 -0.0876 0.7824
vn -0.8699 -0.0755 -0.4874
vn -0.9391 0.0085 -0.3437
vn -0.6327 0.2533 0.7318
vn 0.6334 0.1113 0.7658
vn 0.6291 0.0860 0.7726
vn 0.9453 -0.0508 -0.3222
vn 0.6241 0.1485 0.7671
vn 0.9721 0.2125 -0.0990
vn 0.9359 0.1452 -0.3209
vn -0.6272 0.1219 0.7692
vn 0.4277 0.1659 0.8886
vn 0.9721 0.2126 -0.0990
vn 0.2749 0.2777 -0.9205
vn 0.9359 0.1453 -0.3209
vn 0.0208 0.0631 -0.9978
vn -0.8628 0.1938 -0.4669
vn 0.0208 0.0632 -0.9978
vn -0.9382 0.0538 -0.3419
vn -0.8628 0.1937 -0.4670
vn -0.6272 0.1218 0.7693
vn -0.6330 0.1472 0.7601
vn -0.6272 0.1218 0.7692
vn 0.0129 0.0734 -0.9972
vn -0.0102 -0.1591 -0.9872
vn 0.9000 0.0833 -0.4280
vn -0.0169 -0.1517 -0.9883
vn 0.0338 0.0908 -0.9953
vn -0.8586 0.1223 -0.4979
vn 0.0489 -0.0033 -0.9988
vn -0.9379 0.0861 -0.3360
vn -0.8718 0.0208 -0.4894
vn 0.0080 -0.0476 -0.9988
vn 0.9077 -0.0149 -0.4194
vn 0.9385 0.1529 -0.3097
vn 0.1814 -0.5651 -0.8048
vn -0.0114 -0.2212 -0.9752
vn 0.1813 -0.5652 -0.8048
vn 0.3001 -0.7895 -0.5354
vn 0.1813 -0.5651 -0.8048
vn 0.3000 -0.7895 -0.5354
vn -0.7989 -0.4244 -0.4263
vn 0.6213 -0.7716 -0.1362
vn 0.9434 0.0710 -0.3239
vn 0.9012 -0.0902 -0.4238
vn 0.6384 0.2079 0.7411
vn -0.1578 -0.9131 -0.3760
vn -0.2689 -0.9446 0.1882
vn 0.3825 -0.3885 -0.8383
vn 0.5146 -0.7079 -0.4839
vn 0.3825 -0.3886 -0.8383
vn 0.7269 -0.3635 -0.5827
vn 0.3824 -0.3886 -0.8383
vn 0.5333 0.0336 -0.8453
vn 0.5333 0.0335 -0.8452
vn 0.2095 0.8495 -0.4841
vn 0.5333 0.0335 -0.8453
vn 0.2985 0.7321 -0.6123
vn 0.7724 0.4406 -0.4574
vn -0.1382 0.8855 0.4436
vn -0.1018 0.9657 0.2388
vn -0.0345 0.9160 0.3998
vn -0.0478 0.9449 0.3240
vn 0.3147 0.9025 -0.2940
vn 0.5671 0.8126 -0.1347
vn 0.1759 0.9321 -0.3166
vn 0.0673 0.9255 -0.3727
vn 0.3146 0.9025 -0.2940
vn 0.4435 0.4950 -0.7472
vn 0.3752 0.8007 -0.4670
vn 0.8220 0.3026 -0.4825
vn 0.9018 0.0853 -0.4236
vn 0.9744 -0.2180 -0.0552
vn 0.8220 0.3025 -0.4825
vn -0.0000 0.6055 -0.7958
vn -0.0000 0.8848 -0.4660
vn -0.0000 0.9833 -0.1819
vn -0.0000 1.0000 -0.0088
vn 0.0791 -0.9142 0.3976
vn -0.0000 -0.8729 0.4878
vn -0.4320 -0.8057 0.4053
vn -0.0000 1.0000 -0.0087
vn 0.4320 -0.8057 0.4053
vn -0.4162 0.8500 0.3228
vn -0.4321 0.8814 0.1906
vn -0.4162 0.8501 0.3228
vn 0.0669 0.9798 0.1885
vn 0.2459 -0.9663 -0.0764
vn 0.0791 -0.9142 0.3975
vn 0.4162 0.8500 0.3228
vn 0.4162 0.8501 0.3228
vn -0.1383 0.8855 0.4436
vn 0.2116 0.7382 -0.6406
vn 0.2094 0.8496 -0.4841
vn 0.0318 0.9414 0.3357
vn -0.0937 0.8204 0.5640
vn 0.3687 -0.1016 0.9240
vn 0.0125 0.2155 0.9764
vn -0.5102 0.6855 -0.5194
vn -0.0491 0.8546 -0.5169
vn -0.1734 0.9677 0.1827
vn -0.1858 -0.5602 -0.8073
vn -0.7123 0.3589 -0.6031
vn -0.9744 -0.2179 -0.0553
vn -0.9744 -0.2179 -0.0552
vn -0.9744 -0.2180 -0.0552
vn -0.1248 0.9693 0.2119
vn -0.1510 0.9719 0.1804
vn -0.0278 0.8490 -0.5276
vn -0.0124 -0.5889 -0.8081
vn -0.1575 -0.5666 -0.8088
vn 0.1470 -0.9053 -0.3986
vn -0.0304 0.8547 -0.5183
vn -0.0066 0.8553 -0.5182
vn -0.2336 0.9537 0.1896
vn -0.1859 -0.5602 -0.8073
vn -0.8422 -0.2955 -0.4509
vn -0.2428 -0.9361 -0.2546
vn -0.3801 -0.0876 0.9208
vn -0.2796 -0.9571 -0.0756
vn -0.0122 -0.8763 0.4816
vn 0.0532 -0.9584 -0.2805
vn -0.4137 -0.7318 0.5416
vn -0.0077 -0.5819 -0.8132
vn -0.0948 -0.9651 -0.2440
vn -0.0215 -0.9755 -0.2191
vn -0.0906 -0.9576 -0.2736
vn -0.0074 -0.8730 0.4877
vn -0.0210 -0.9753 -0.2200
vn -0.0077 0.5405 0.8413
vn -0.3450 0.0979 0.9335
vn -0.2593 0.9333 0.2484
vn -0.1464 0.9612 0.2339
vn -0.2007 0.0209 0.9794
vn -0.1520 0.9704 0.1877
vn -0.8946 -0.0252 0.4462
vn -0.9880 -0.1372 0.0705
vn -0.8395 0.0794 0.5376
vn -0.5531 -0.1618 0.8172
vn -0.8394 0.0794 0.5376
vn -0.2125 -0.2457 0.9458
vn -0.5531 -0.1617 0.8173
vn -0.2125 -0.2458 0.9458
vn -0.3405 -0.3967 0.8525
vn -0.3406 -0.3966 0.8525
vn 0.4899 0.7013 0.5179
vn 0.1900 0.7862 0.5881
vn 0.0658 0.3514 0.9339
vn -0.7301 0.3691 0.5751
vn -0.7397 0.0552 0.6707
vn 0.5174 -0.0263 0.8553
vn -0.4303 -0.7096 0.5580
vn -0.4302 -0.7096 0.5580
vn -0.5322 -0.8116 0.2409
vn -0.2693 -0.8740 0.4045
vn -0.7289 -0.6144 0.3020
vn -0.2692 -0.8740 0.4045
vn -0.5732 -0.7135 0.4029
vn -0.8609 -0.4560 -0.2258
vn -0.6548 -0.1739 0.7355
vn -0.6182 -0.7730 -0.1422
vn -0.6548 -0.1740 0.7355
vn -0.1734 -0.8336 0.5244
vn -0.2995 -0.7896 -0.5357
vn -0.6182 -0.7730 -0.1421
vn -0.6923 -0.7097 -0.1309
vn -0.6922 -0.7097 -0.1309
vn -0.6182 -0.7731 -0.1422
vn -0.8624 -0.5014 -0.0699
vn -0.9051 -0.0831 -0.4171
vn -0.5479 0.1046 0.8300
vn 0.4797 -0.0500 0.8760
vn 0.4642 -0.1412 0.8744
vn -0.9077 -0.0150 -0.4194
vn -0.0080 -0.0477 -0.9988
vn -0.9385 0.1529 -0.3097
vn -0.0129 0.0734 -0.9972
vn -0.9000 0.0832 -0.4280
vn 0.0102 -0.1591 -0.9872
vn -0.9012 -0.0902 -0.4238
vn -0.9434 0.0710 -0.3239
vn -0.5583 0.2350 0.7956
vn -0.1816 -0.5654 -0.8045
vn 0.0114 -0.2212 -0.9752
vn -0.1816 -0.5654 -0.8046
vn -0.9050 -0.0831 -0.4171
vn 0.0996 -0.9127 -0.3963
vn 0.8185 -0.3923 -0.4197
vn -0.1816 -0.5655 -0.8045
vn 0.0114 -0.2211 -0.9752
vn 0.8702 -0.0987 -0.4827
vn 0.2257 -0.8976 0.3786
vn 0.1535 -0.9147 -0.3738
vn 0.2257 -0.8976 0.3787
vn 0.8813 -0.2335 0.4109
vn 0.7597 -0.0353 0.6493
vn 0.6258 -0.1205 0.7706
vn 0.7562 0.0605 0.6515
vn 0.9391 0.0085 -0.3437
vn 0.8699 -0.0755 -0.4874
vn 0.7614 0.1975 0.6175
vn 0.8586 0.1223 -0.4979
vn -0.0338 0.0908 -0.9953
vn 0.0169 -0.1517 -0.9883
vn -0.0489 -0.0033 -0.9988
vn 0.8718 0.0208 -0.4894
vn 0.9379 0.0861 -0.3360
vn 0.8628 0.1937 -0.4670
vn 0.9382 0.0538 -0.3419
vn 0.5206 0.1253 0.8445
vn 0.8628 0.1938 -0.4669
vn -0.0208 0.0632 -0.9978
vn 0.5209 0.0806 0.8498
vn 0.9378 -0.0961 -0.3337
vn 0.7576 0.1031 0.6445
vn 0.6330 0.1472 0.7601
vn -0.4277 0.1659 0.8886
vn 0.5206 0.1253 0.8446
vn -0.7257 0.1498 0.6715
vn -0.5430 0.1011 0.8336
vn -0.7271 0.0843 0.6813
vn 0.5050 -0.1057 0.8567
vn -0.5265 0.1759 0.8318
vn 0.5182 -0.0185 0.8551
vn 0.7552 0.0137 0.6553
vn 0.7552 0.0135 0.6553
vn -0.9721 0.2125 -0.0990
vn -0.9359 0.1453 -0.3209
vn -0.7257 0.1499 0.6715
vn -0.5525 0.1252 0.8241
vn -0.9453 -0.0508 -0.3222
vn -0.7306 0.0895 0.6769
vn -0.9721 0.2126 -0.0990
vn -0.9359 0.1452 -0.3209
vn -0.2749 0.2777 -0.9205
vn -0.0208 0.0631 -0.9978
vn 0.8628 0.1940 -0.4669
vn 0.7562 0.0604 0.6515
vn 0.4798 -0.0499 0.8760
vn -0.9601 0.2512 0.1225
vn -0.8596 -0.3230 0.3960
vn -0.4878 0.4203 0.7651
vn -0.8596 -0.3229 0.3960
vn -0.2116 -0.4741 0.8547
vn -0.2116 -0.4742 0.8546
vn 0.2625 -0.2469 0.9328
vn -0.4877 0.4203 0.7651
vn 0.2626 -0.2469 0.9328
vn 0.4579 0.6598 0.5959
vn 0.8645 -0.2759 0.4200
vn 0.4579 0.6597 0.5959
vn 0.8645 -0.2759 0.4201
vn 0.9814 0.1649 0.0979
vn 0.9814 0.1650 0.0979
vn 0.9814 0.1649 0.0978
vn 0.3220 0.9119 0.2544
vn 0.4586 0.8409 0.2873
vn 0.4586 0.8409 0.2872
vn 0.9880 0.1210 0.0959
vn 0.6549 0.6900 0.3082
vn 0.9851 -0.1040 0.1369
vn 0.9691 -0.0263 0.2454
vn 0.9691 -0.0263 0.2453
vn 0.4970 0.8022 0.3308
vn 0.7214 -0.0391 0.6914
vn 0.4970 0.8022 0.3309
vn 0.7805 0.0552 0.6227
vn 0.2046 0.9193 0.3362
vn 0.7215 -0.0391 0.6913
vn 0.1448 0.7214 0.6772
vn 0.0941 -0.1614 0.9824
vn 0.1448 0.7213 0.6773
vn 0.0941 -0.1615 0.9824
vn -0.0704 0.1547 0.9855
vn 0.1448 0.7214 0.6773
vn -0.0704 0.1546 0.9855
vn 0.1531 0.8987 0.4109
vn -0.1012 0.1220 0.9874
vn -0.0156 0.8354 0.5494
vn 0.0719 0.1552 0.9853
vn 0.0718 0.1552 0.9853
vn 0.0499 0.6319 0.7735
vn 0.0040 0.6569 0.7540
vn 0.0719 0.1553 0.9853
vn -0.0516 -0.3276 0.9434
vn -0.0541 0.2775 0.9592
vn 0.0041 0.6569 0.7540
vn -0.0559 0.6763 0.7345
vn 0.0106 0.6636 0.7481
vn 0.0581 -0.0601 0.9965
vn 0.0106 0.6636 0.7480
vn 0.4421 0.4586 0.7709
vn 0.0580 -0.0601 0.9965
vn 0.3286 -0.2905 0.8987
vn 0.6990 0.4598 0.5478
vn 0.4684 -0.4012 0.7872
vn 0.9483 -0.3145 0.0430
vn 0.5057 -0.3762 -0.7763
vn 0.7230 0.4996 -0.4772
vn 0.4601 0.0198 -0.8877
vn 0.0636 -0.0102 -0.9979
vn 0.4742 0.5063 -0.7203
vn 0.0636 -0.0101 -0.9979
vn 0.0075 0.6968 -0.7172
vn 0.0635 -0.0101 -0.9979
vn -0.0543 0.3183 -0.9464
vn 0.0076 0.6968 -0.7172
vn -0.0542 0.3183 -0.9464
vn -0.0691 0.7049 -0.7060
vn -0.0690 0.7049 -0.7060
vn 0.0158 0.7038 -0.7103
vn -0.0021 0.0103 -0.9999
vn -0.0022 0.0103 -0.9999
vn 0.0297 0.6801 -0.7325
vn 0.0297 0.6801 -0.7326
vn -0.0602 -0.1768 -0.9824
vn 0.2561 0.2631 -0.9301
vn 0.2561 0.2631 -0.9302
vn 0.3535 0.6987 -0.6220
vn 0.5139 0.3302 -0.7918
vn 0.8078 0.5536 -0.2022
vn 0.2181 0.9607 0.1717
vn 0.6760 0.6582 -0.3314
vn 0.8106 0.5847 0.0313
vn 0.4647 0.8755 0.1323
vn 0.4648 0.8755 0.1323
vn 0.1037 0.9914 0.0795
vn 0.5204 0.8384 -0.1620
vn 0.1037 0.9914 0.0794
vn 0.5204 0.8384 -0.1619
vn 0.0399 0.9818 -0.1859
vn -0.1178 0.9809 -0.1548
vn -0.0840 0.9889 0.1225
vn -0.3534 0.8675 0.3501
vn -0.5080 0.7763 0.3734
vn -0.5079 0.7763 0.3734
vn -0.3936 0.8686 0.3011
vn 0.2047 0.9193 0.3362
vn -0.4741 0.8207 0.3188
vn 0.6549 0.6900 0.3081
vn -0.4616 0.8561 0.2323
vn -0.3411 0.8971 0.2808
vn -0.3412 0.8971 0.2807
vn 0.4578 0.6598 0.5959
vn -0.3412 0.8971 0.2808
vn -0.9602 0.2512 0.1225
vn -0.9975 0.0090 0.0699
vn -0.4742 0.8207 0.3187
vn -0.9975 0.0090 0.0700
vn -0.4741 0.8207 0.3187
vn -0.9731 -0.2205 0.0665
vn -0.9731 -0.2205 0.0664
vn -0.9399 0.1633 0.2998
vn -0.9399 0.1633 0.2999
vn -0.8348 -0.1009 0.5412
vn -0.3533 0.8675 0.3501
vn -0.4284 0.8061 0.4081
vn -0.5559 -0.3336 0.7614
vn -0.0304 0.7674 0.6405
vn -0.5559 -0.3336 0.7613
vn -0.0303 0.7674 0.6405
vn -0.0922 -0.2948 0.9511
vn 0.0621 0.6839 0.7269
vn -0.0923 -0.2948 0.9511
vn 0.0227 -0.6198 0.7844
vn 0.0227 -0.6199 0.7844
vn -0.0320 -0.4411 0.8969
vn -0.0295 0.8155 0.5780
vn -0.0294 0.8155 0.5780
vn 0.0276 0.7256 0.6875
vn 0.0276 0.7256 0.6876
vn 0.1269 -0.4278 0.8949
vn 0.1010 0.7351 0.6703
vn 0.1010 0.7351 0.6704
vn 0.0905 -0.2635 0.9604
vn 0.1430 0.6527 0.7440
vn 0.0904 -0.2635 0.9604
vn 0.0352 -0.6681 0.7432
vn 0.1142 -0.1715 0.9785
vn 0.0353 -0.6681 0.7432
vn 0.1143 -0.1715 0.9785
vn 0.1429 0.6527 0.7440
vn 0.2745 0.6544 0.7045
vn 0.2390 0.9582 -0.1572
vn 0.0521 0.9190 -0.3908
vn 0.0521 0.9190 -0.3907
vn -0.0308 0.9201 -0.3906
vn -0.0660 0.9146 -0.3990
vn -0.0660 0.9145 -0.3990
vn -0.0660 0.9145 -0.3991
vn 0.0662 0.8684 -0.4915
vn 0.0663 0.8683 -0.4915
vn 0.1147 0.8461 -0.5205
vn 0.1148 0.8461 -0.5205
vn 0.0283 0.8242 -0.5656
vn 0.0284 0.8242 -0.5656
vn -0.2483 0.9219 0.2974
vn -0.2263 0.7358 -0.6382
vn -0.2263 0.7359 -0.6382
vn -0.3216 0.6530 -0.6857
vn -0.3217 0.6530 -0.6856
vn -0.2906 0.6454 -0.7064
vn -0.1112 0.7660 -0.6331
vn -0.1111 0.7661 -0.6331
vn 0.1084 0.8567 -0.5043
vn 0.9177 0.3967 0.0194
vn 0.8200 0.5497 0.1593
vn 0.2563 0.9351 -0.2447
vn 0.5551 0.0344 0.8311
vn 0.4023 0.7040 0.5852
vn 0.4022 0.7040 0.5853
vn 0.4054 0.0926 0.9094
vn 0.1009 0.6336 0.7671
vn 0.4054 0.0927 0.9094
vn 0.0726 0.0452 0.9963
vn 0.0408 0.0480 0.9980
vn 0.0408 0.0479 0.9980
vn 0.0229 0.6550 0.7553
vn -0.0642 0.1736 0.9827
vn -0.0200 0.6674 0.7444
vn -0.0029 0.5860 -0.8103
vn -0.0380 0.0613 -0.9974
vn 0.0161 0.5860 -0.8102
vn -0.0306 -0.2408 -0.9701
vn 0.0121 -0.0843 -0.9964
vn 0.0121 -0.0844 -0.9964
vn 0.0176 0.5903 -0.8070
vn -0.0012 0.8120 -0.5836
vn -0.0052 -0.0703 -0.9975
vn -0.0012 0.8120 -0.5837
vn -0.0051 -0.0703 -0.9975
vn -0.0051 -0.0704 -0.9975
vn -0.0854 -0.0323 -0.9958
vn -0.2338 0.0231 -0.9720
vn -0.1112 0.7661 -0.6331
vn -0.4729 -0.1631 -0.8659
vn -0.2906 0.6455 -0.7064
vn -0.3217 0.6530 -0.6857
vn -0.4703 -0.6260 -0.6221
vn -0.3968 0.5351 -0.7457
vn -0.4702 -0.6260 -0.6221
vn -0.1289 -0.2878 -0.9490
vn -0.1288 -0.2878 -0.9490
vn 0.0476 -0.2015 -0.9783
vn 0.0955 -0.0806 -0.9922
vn 0.0956 -0.0806 -0.9922
vn 0.0663 0.8684 -0.4915
vn -0.0305 -0.1638 -0.9860
vn -0.0304 -0.1638 -0.9860
vn -0.1119 -0.2746 -0.9550
vn -0.0660 0.9146 -0.3991
vn -0.0307 0.9201 -0.3906
vn 0.0447 -0.1418 -0.9889
vn -0.0307 0.9200 -0.3906
vn 0.0446 -0.1418 -0.9889
vn 0.0446 -0.1419 -0.9889
vn 0.0887 0.1696 -0.9815
vn 0.9178 0.3967 0.0194
vn 0.6052 0.3983 -0.6893
vn 0.3729 0.8144 -0.4447
vn 0.8860 0.3323 0.3232
vn 0.5091 0.8483 0.1457
vn 0.8861 0.3323 0.3232
vn 0.7328 0.4819 -0.4804
vn 0.8860 0.3323 0.3233
vn 0.4648 0.8755 0.1324
vn 0.4647 0.8755 0.1324
vn 0.2967 0.9397 0.1703
vn 0.7012 0.3208 0.6367
vn 0.7012 0.3207 0.6367
vn 0.8925 0.4140 0.1790
vn 0.8511 -0.4788 0.2154
vn 0.4323 0.4853 -0.7600
vn 0.3178 -0.0236 -0.9479
vn 0.4778 -0.6266 -0.6158
vn 0.5617 -0.6281 0.5385
vn 0.5617 -0.6281 0.5386
vn 0.2677 -0.1813 0.9463
vn 0.3239 0.8761 0.3572
vn 0.3240 0.8761 0.3572
vn -0.0453 -0.0268 0.9986
vn 0.2089 0.8170 0.5375
vn 0.2090 0.8170 0.5375
vn 0.0268 0.6539 0.7561
vn -0.0057 -0.0194 0.9998
vn -0.0056 -0.0194 0.9998
vn 0.0077 0.6761 0.7368
vn -0.0487 0.2934 0.9547
vn -0.0488 0.2934 0.9547
vn -0.0551 0.6882 0.7234
vn -0.0550 0.6882 0.7234
vn 0.0026 0.6807 0.7326
vn 0.0623 -0.0356 0.9974
vn 0.0025 0.6807 0.7326
vn 0.0624 -0.0356 0.9974
vn 0.1819 0.4351 0.8818
vn 0.3367 -0.2666 0.9031
vn 0.1818 0.4351 0.8818
vn 0.4871 0.4938 0.7203
vn 0.4772 -0.3923 0.7864
vn 0.8911 -0.4255 0.1580
vn 0.8911 -0.4255 0.1581
vn 0.8910 -0.4255 0.1581
vn 0.3443 -0.4931 -0.7990
vn 0.6157 0.6223 -0.4833
vn -0.8125 -0.0971 0.5748
vn -0.1269 0.4988 0.8574
vn 0.1317 -0.3613 -0.9231
vn 0.0441 -0.0314 -0.9985
vn 0.2464 0.5957 -0.7645
vn -0.0174 0.6855 -0.7278
vn 0.0440 -0.0314 -0.9985
vn -0.0846 0.3026 -0.9494
vn -0.0849 0.6943 -0.7147
vn -0.0048 0.6847 -0.7288
vn -0.0049 0.6847 -0.7288
vn -0.0200 -0.0105 -0.9997
vn -0.0201 -0.0105 -0.9997
vn 0.0060 0.6570 -0.7539
vn -0.0536 -0.2972 -0.9533
vn -0.0537 -0.2972 -0.9533
vn 0.2964 0.1318 -0.9459
vn 0.2884 0.8555 -0.4299
vn 0.4018 0.8949 -0.1942
vn 0.2965 0.1318 -0.9459
vn 0.7995 -0.4438 -0.4047
vn 0.8150 -0.4205 0.3987
vn 0.4057 0.0016 0.9140
vn 0.8860 0.3324 0.3233
vn 0.4243 0.5947 0.6829
vn 0.0038 0.6302 0.7764
vn 0.4057 0.0015 0.9140
vn -0.0705 -0.1720 0.9826
vn -0.0316 -0.0095 0.9995
vn -0.0253 0.6740 0.7383
vn -0.0317 -0.0095 0.9995
vn -0.0442 0.3030 0.9520
vn -0.0442 0.3029 0.9520
vn -0.0208 0.6874 0.7259
vn 0.0797 0.6838 0.7253
vn 0.0915 -0.0224 0.9956
vn 0.0915 -0.0223 0.9956
vn 0.5014 0.4552 0.7358
vn 0.5087 -0.3703 0.7772
vn 0.7392 0.4391 0.5107
vn 0.5087 -0.3703 0.7773
vn 0.9536 -0.2985 0.0393
vn 0.5087 -0.3704 0.7772
vn 0.9536 -0.2984 0.0393
vn 0.5415 -0.3932 -0.7431
vn 0.7635 0.4425 -0.4704
vn 0.1198 -0.0361 -0.9921
vn 0.5365 0.4507 -0.7134
vn 0.5365 0.4507 -0.7135
vn 0.1046 0.6755 -0.7299
vn 0.1288 0.1439 -0.9812
vn -0.0451 0.4733 -0.8798
vn -0.0308 0.2795 -0.9596
vn 0.0012 0.6693 -0.7430
vn -0.0308 0.2795 -0.9597
vn -0.0665 0.6346 -0.7700
vn -0.0997 -0.1990 -0.9749
vn -0.0741 -0.0308 -0.9968
vn -0.0740 -0.0308 -0.9968
vn 0.0064 0.5997 -0.8002
vn 0.1212 0.6287 -0.7681
vn 0.1802 -0.0325 -0.9831
vn 0.1803 -0.0325 -0.9831
vn 0.6520 -0.4853 -0.5826
vn 0.6519 -0.4852 -0.5827
vn 0.9664 0.2496 -0.0612
vn 0.9554 -0.2808 0.0918
vn 0.9664 0.2496 -0.0611
vn 0.8469 -0.4716 0.2455
vn -0.3156 -0.8753 0.3664
vn -0.5505 -0.8292 -0.0968
vn 0.2377 -0.8858 0.3987
vn 0.2376 -0.8858 0.3987
vn 0.4823 -0.8693 -0.1077
vn -0.5505 -0.8292 -0.0969
vn -0.4056 -0.9074 -0.1100
vn 0.6993 -0.7112 -0.0723
vn 0.6993 -0.7112 -0.0724
vn -0.4056 -0.9074 -0.1101
vn 0.5280 -0.8492 0.0133
vn -0.3814 -0.9220 -0.0667
vn 0.5280 -0.8492 0.0132
vn -0.3814 -0.9220 -0.0668
vn 0.4846 -0.8718 0.0722
vn -0.5307 -0.8362 0.1382
vn 0.4846 -0.8717 0.0723
vn -0.5307 -0.8362 0.1381
vn 0.1969 -0.9467 0.2549
vn -0.3290 -0.9275 0.1775
vn 0.1969 -0.9467 0.2548
vn 0.0767 -0.9970 0.0111
vn -0.0777 -0.9970 0.0026
vn 0.0503 -0.9986 0.0184
vn 0.1241 -0.9923 -0.0042
vn -0.2389 -0.9701 -0.0429
vn -0.0532 -0.8187 -0.5717
vn -0.2390 -0.9701 -0.0429
vn -0.3969 -0.7678 -0.5029
vn -0.0533 -0.8187 -0.5717
vn -0.3968 -0.7678 -0.5030
vn -0.3969 -0.7678 -0.5030
vn -0.2753 -0.9609 -0.0282
vn -0.3289 -0.9275 0.1775
vn -0.5028 -0.4845 0.7158
vn -0.5028 -0.4845 0.7159
vn -0.9731 -0.2204 0.0665
vn -0.3156 -0.8753 0.3665
vn -0.2116 -0.4741 0.8546
vn 0.2625 -0.2468 0.9328
vn 0.4823 -0.8693 -0.1078
vn 0.4824 -0.8693 -0.1078
vn 0.9880 0.1210 0.0958
vn 0.4846 -0.8717 0.0722
vn 0.7215 -0.0391 0.6914
vn 0.4846 -0.8718 0.0723
vn 0.6567 -0.1318 0.7426
vn 0.1970 -0.9467 0.2548
vn 0.1643 -0.7898 0.5909
vn 0.1642 -0.7898 0.5909
vn 0.0647 -0.8424 0.5350
vn 0.0767 -0.9970 0.0110
vn 0.3960 -0.9018 0.1730
vn 0.2852 -0.9584 -0.0060
vn 0.2853 -0.9584 -0.0060
vn 0.4594 -0.8790 -0.1278
vn 0.2573 -0.8855 -0.3868
vn 0.0942 -0.1615 0.9824
vn -0.0703 0.1547 0.9855
vn -0.1013 0.1220 0.9874
vn 0.0345 -0.7328 0.6795
vn 0.2779 -0.7732 0.5700
vn 0.1098 -0.6966 0.7090
vn 0.0719 0.1553 0.9852
vn -0.0373 -0.8805 0.4726
vn -0.0517 -0.3276 0.9434
vn -0.0374 -0.8805 0.4726
vn -0.0442 -0.7052 0.7076
vn -0.0441 -0.7052 0.7076
vn -0.0115 -0.7089 0.7052
vn -0.0517 -0.3277 0.9434
vn -0.0155 -0.9076 0.4196
vn -0.0156 -0.9076 0.4196
vn -0.0155 -0.9076 0.4197
vn 0.4685 -0.4012 0.7871
vn -0.0311 -0.9993 -0.0229
vn 0.4816 -0.8763 0.0118
vn 0.4816 -0.8763 0.0119
vn 0.4574 -0.6187 0.6388
vn 0.4892 -0.6055 -0.6278
vn 0.4815 -0.8763 0.0119
vn 0.5057 -0.3763 -0.7763
vn -0.0172 -0.8879 -0.4597
vn 0.0635 -0.0102 -0.9979
vn -0.0092 -0.6783 -0.7347
vn -0.0093 -0.6783 -0.7347
vn -0.0503 -0.6761 -0.7350
vn -0.0504 -0.6761 -0.7350
vn -0.1812 -0.6822 -0.7083
vn 0.1470 -0.1134 -0.9826
vn -0.1967 -0.9618 -0.1902
vn -0.2215 -0.8509 -0.4763
vn -0.1091 -0.4930 -0.8631
vn 0.6252 -0.2597 -0.7360
vn 0.4389 -0.8115 0.3858
vn 0.7920 -0.6079 -0.0554
vn 0.1497 -0.9129 0.3798
vn 0.0648 -0.8423 0.5350
vn 0.5831 -0.7700 -0.2589
vn 0.5831 -0.7701 -0.2589
vn 0.0648 -0.8423 0.5351
vn 0.7720 -0.6208 0.1367
vn 0.7720 -0.6208 0.1366
vn 0.2505 -0.9550 -0.1588
vn 0.5617 -0.6280 0.5386
vn 0.3467 -0.9220 0.1726
vn 0.2116 -0.9061 0.3664
vn -0.0321 -0.6829 0.7298
vn -0.0322 -0.6829 0.7298
vn -0.0397 -0.6870 0.7256
vn -0.0452 -0.0268 0.9986
vn 0.0058 -0.6944 0.7196
vn -0.0018 -0.8993 0.4374
vn 0.0059 -0.6944 0.7196
vn 0.4772 -0.3922 0.7864
vn -0.0172 -0.9998 -0.0022
vn 0.4703 -0.8824 -0.0107
vn 0.4670 -0.6144 0.6359
vn 0.3011 -0.7471 -0.5925
vn 0.8911 -0.4254 0.1581
vn -0.0173 -0.9998 -0.0022
vn 0.3443 -0.4931 -0.7989
vn -0.0086 -0.8973 -0.4412
vn -0.0086 -0.8973 -0.4413
vn -0.0186 -0.6887 -0.7248
vn -0.0187 -0.6887 -0.7248
vn -0.0469 -0.6804 -0.7313
vn -0.0469 -0.6805 -0.7313
vn -0.0255 -0.6767 -0.7358
vn 0.1738 -0.8460 -0.5040
vn -0.0536 -0.2971 -0.9533
vn 0.2730 -0.9031 -0.3315
vn 0.7996 -0.4438 -0.4047
vn 0.4594 -0.8790 -0.1279
vn 0.4593 -0.8790 -0.1279
vn 0.2960 -0.9287 -0.2233
vn 0.4181 -0.8995 0.1268
vn 0.3650 -0.8500 0.3798
vn -0.0090 -0.6301 0.7765
vn -0.0239 -0.6512 0.7585
vn -0.0165 -0.6708 0.7414
vn -0.0441 0.3030 0.9520
vn 0.0914 -0.0223 0.9956
vn 0.0014 -0.8846 0.4664
vn -0.0237 -0.9997 0.0099
vn 0.5254 -0.8504 0.0271
vn 0.0154 -0.8939 -0.4480
vn 0.0154 -0.8939 -0.4481
vn -0.0052 -0.6843 -0.7292
vn 0.1465 -0.2259 -0.9631
vn -0.0297 0.1540 -0.9876
vn -0.0051 -0.6843 -0.7292
vn -0.0736 -0.6635 -0.7445
vn -0.0996 -0.1990 -0.9749
vn -0.0269 -0.6583 -0.7522
vn 0.1197 -0.8388 -0.5311
vn -0.0740 -0.0309 -0.9968
vn 0.3058 -0.8574 -0.4140
vn 0.6519 -0.4853 -0.5827
vn 0.2959 -0.9288 -0.2233
vn 0.4593 -0.8790 -0.1278
vn 0.6519 -0.4853 -0.5826
vn 0.2573 -0.8856 -0.3868
vn 0.2841 -0.9095 -0.3034
vn 0.2302 -0.9628 -0.1414
vn 0.7136 -0.5858 0.3841
vn 0.2301 -0.9628 -0.1414
vn 0.6849 -0.2766 0.6741
vn 0.3810 -0.6761 0.6307
vn 0.0406 -0.5620 0.8261
vn 0.0726 0.0453 0.9963
vn 0.0407 -0.5620 0.8262
vn 0.0407 -0.5620 0.8261
vn -0.0300 -0.5704 0.8208
vn -0.0301 -0.5704 0.8208
vn -0.0642 0.1737 0.9827
vn -0.0174 -0.5850 0.8109
vn -0.0173 -0.5850 0.8109
vn 0.0680 0.0260 0.9974
vn -0.0307 -0.6412 0.7668
vn 0.0679 0.0260 0.9974
vn 0.4707 -0.3561 0.8072
vn -0.0453 -0.9932 -0.1077
vn 0.4719 -0.8816 -0.0007
vn 0.4550 -0.5743 0.6805
vn 0.4719 -0.8817 -0.0008
vn 0.9395 -0.3413 -0.0290
vn 0.4719 -0.8816 -0.0008
vn 0.4517 -0.4106 -0.7921
vn -0.0242 -0.8591 -0.5112
vn 0.4516 -0.4106 -0.7921
vn 0.1107 0.0806 -0.9906
vn 0.4516 -0.4105 -0.7921
vn 0.1108 0.0806 -0.9906
vn -0.0677 -0.6958 -0.7151
vn -0.0381 0.0613 -0.9974
vn -0.0444 -0.7057 -0.7071
vn 0.0120 -0.0843 -0.9964
vn -0.0700 -0.7120 -0.6986
vn -0.0701 -0.7120 -0.6986
vn 0.2415 -0.8917 -0.3828
vn 0.2414 -0.8917 -0.3828
vn 0.2874 -0.8150 -0.5031
vn -0.4729 -0.1632 -0.8659
vn 0.7339 0.3909 -0.5555
vn 0.4854 0.3847 -0.7851
vn 0.4855 0.3847 -0.7851
vn 0.0972 0.5947 -0.7980
vn -0.0028 0.5860 -0.8103
vn 0.0524 0.6693 0.7411
vn 0.0680 0.0260 0.9973
vn 0.0523 0.6694 0.7411
vn 0.4785 0.4549 0.7511
vn 0.0523 0.6693 0.7411
vn 0.3275 -0.2248 0.9177
vn 0.4785 0.4550 0.7511
vn 0.7311 0.4530 0.5101
vn 0.0888 0.1696 -0.9815
vn 0.1012 -0.9797 -0.1732
vn 0.1011 -0.9797 -0.1732
vn 0.0447 -0.1419 -0.9889
vn 0.0567 -0.9502 -0.3063
vn 0.0566 -0.9502 -0.3063
vn -0.0042 -0.9994 0.0339
vn -0.0638 -0.9822 -0.1767
vn -0.0639 -0.9822 -0.1767
vn 0.0359 -0.9002 -0.4340
vn 0.0956 -0.0806 -0.9921
vn 0.0476 -0.2016 -0.9783
vn 0.0175 -0.9808 -0.1942
vn -0.1008 -0.9941 -0.0394
vn -0.3818 -0.8587 0.3419
vn -0.5027 -0.4846 0.7159
vn -0.1007 -0.9941 -0.0394
vn 0.0228 -0.6198 0.7844
vn 0.0228 -0.6199 0.7844
vn 0.0566 -0.9503 -0.3063
vn 0.9931 0.0511 0.1055
vn 0.7817 -0.4862 0.3904
vn 0.3677 -0.9257 -0.0892
vn 0.5759 0.3229 0.7511
vn 0.7818 -0.4862 0.3904
vn 0.7817 -0.4862 0.3905
vn 0.5219 0.8123 0.2603
vn 0.9793 -0.1944 0.0568
vn 0.9793 -0.1943 0.0567
vn 0.6307 0.7468 0.2110
vn 0.1360 -0.9158 0.3778
vn -0.4072 -0.8123 0.4175
vn -0.6516 -0.7537 -0.0859
vn 0.2096 -0.9727 -0.0991
vn -0.6516 -0.7537 -0.0860
vn -0.4072 -0.8124 0.4175
vn 0.1359 -0.9158 0.3778
vn -0.4071 -0.8124 0.4175
vn 0.2096 -0.9727 -0.0992
vn 0.1836 -0.9814 -0.0554
vn 0.9084 -0.4140 0.0577
vn 0.9793 -0.1943 0.0568
vn 0.9085 -0.4140 0.0577
vn -0.8310 -0.5539 -0.0505
vn -0.6902 -0.7228 0.0352
vn 0.1837 -0.9814 -0.0553
vn -0.8310 -0.5539 -0.0506
vn -0.9252 0.3638 0.1077
vn -0.8310 -0.5540 -0.0506
vn -0.9407 0.3221 0.1066
vn -0.9252 0.3638 0.1078
vn -0.6902 -0.7228 0.0353
vn -0.9642 0.1966 0.1781
vn -0.4101 0.8653 0.2881
vn -0.3205 0.8926 0.3171
vn -0.4101 0.8654 0.2881
vn -0.9661 0.0747 0.2472
vn -0.9661 0.0747 0.2473
vn -0.7625 0.1841 0.6203
vn -0.6505 -0.7535 0.0954
vn -0.6901 -0.7228 0.0353
vn -0.2190 -0.8907 0.3984
vn -0.2189 -0.8907 0.3984
vn 0.3035 -0.9476 0.0998
vn 0.1836 -0.9814 -0.0553
vn 0.3682 -0.9043 0.2160
vn 0.9333 -0.1848 0.3080
vn 0.3681 -0.9043 0.2160
vn 0.5027 -0.4846 0.7158
vn 0.8535 0.0451 0.5191
vn 0.3682 -0.9043 0.2159
vn -0.0613 -0.9979 0.0218
vn 0.2753 -0.9609 -0.0282
vn 0.0777 -0.9970 0.0026
vn 0.5027 -0.4846 0.7159
vn 0.3681 -0.9044 0.2159
vn 0.3681 -0.9043 0.2159
vn 0.5559 -0.3337 0.7613
vn 0.4285 0.8061 0.4081
vn 0.0304 0.7674 0.6405
vn 0.3534 0.8675 0.3501
vn 0.0922 -0.2948 0.9511
vn 0.0303 0.7673 0.6405
vn 0.0922 -0.2949 0.9511
vn 0.0303 0.7674 0.6405
vn 0.1008 -0.9941 -0.0394
vn 0.3818 -0.8587 0.3419
vn 0.4703 -0.6260 -0.6221
vn 0.1289 -0.2878 -0.9490
vn -0.0175 -0.9808 -0.1942
vn -0.0227 -0.6199 0.7844
vn 0.1007 -0.9941 -0.0394
vn -0.0228 -0.6199 0.7844
vn -0.0228 -0.6198 0.7844
vn 0.4702 -0.6260 -0.6221
vn -0.0475 -0.2015 -0.9783
vn 0.0320 -0.4411 0.8969
vn -0.0359 -0.9002 -0.4340
vn -0.0175 -0.9808 -0.1943
vn -0.0476 -0.2015 -0.9783
vn 0.0294 0.8155 0.5780
vn -0.0276 0.7256 0.6875
vn -0.1269 -0.4278 0.8949
vn -0.0621 0.6839 0.7269
vn 0.0295 0.8155 0.5780
vn -0.1268 -0.4278 0.8949
vn 0.0638 -0.9822 -0.1767
vn 0.0304 -0.1638 -0.9860
vn 0.1119 -0.2746 -0.9550
vn 0.0042 -0.9994 0.0339
vn 0.0639 -0.9822 -0.1767
vn 0.0305 -0.1638 -0.9860
vn -0.0956 -0.0806 -0.9921
vn -0.0956 -0.0806 -0.9922
vn -0.0663 0.8684 -0.4915
vn 0.0660 0.9146 -0.3990
vn -0.0662 0.8684 -0.4915
vn -0.0663 0.8683 -0.4915
vn -0.1147 0.8461 -0.5205
vn -0.1148 0.8461 -0.5205
vn -0.0283 0.8242 -0.5656
vn -0.0955 -0.0806 -0.9922
vn 0.2262 0.7358 -0.6382
vn 0.2483 0.9219 0.2974
vn -0.0284 0.8242 -0.5656
vn 0.2262 0.7358 -0.6383
vn 0.3217 0.6530 -0.6857
vn 0.3217 0.6530 -0.6856
vn 0.4729 -0.1631 -0.8659
vn 0.2906 0.6454 -0.7064
vn 0.2905 0.6454 -0.7064
vn 0.1178 0.9809 -0.1548
vn 0.2905 0.6455 -0.7064
vn 0.3968 0.5352 -0.7458
vn 0.2338 0.0231 -0.9720
vn 0.4728 -0.1631 -0.8659
vn 0.0532 -0.8187 -0.5717
vn 0.3968 -0.7678 -0.5030
vn 0.4729 -0.1632 -0.8659
vn 0.2389 -0.9701 -0.0429
vn 0.3969 -0.7678 -0.5030
vn 0.3969 -0.7678 -0.5029
vn -0.1241 -0.9923 -0.0042
vn 0.2390 -0.9701 -0.0429
vn -0.2573 -0.8855 -0.3868
vn -0.2852 -0.9584 -0.0060
vn -0.0503 -0.9986 0.0184
vn -0.4594 -0.8790 -0.1278
vn -0.8469 -0.4717 0.2455
vn -0.6519 -0.4853 -0.5827
vn -0.4593 -0.8790 -0.1278
vn -0.6519 -0.4853 -0.5826
vn -0.8469 -0.4716 0.2455
vn -0.2302 -0.9628 -0.1414
vn -0.2841 -0.9095 -0.3034
vn -0.7137 -0.5858 0.3841
vn -0.2841 -0.9095 -0.3033
vn 0.0854 -0.0323 -0.9958
vn 0.0051 -0.0703 -0.9975
vn -0.2415 -0.8917 -0.3828
vn 0.0854 -0.0322 -0.9958
vn -0.2874 -0.8150 -0.5031
vn -0.0406 -0.5620 0.8261
vn -0.3810 -0.6761 0.6306
vn -0.5551 0.0344 0.8311
vn -0.6849 -0.2766 0.6741
vn 0.0701 -0.7120 -0.6986
vn -0.0121 -0.0843 -0.9964
vn -0.0120 -0.0843 -0.9964
vn 0.0052 -0.0703 -0.9975
vn 0.0012 0.8120 -0.5837
vn -0.0176 0.5903 -0.8070
vn 0.0011 0.8120 -0.5836
vn -0.0160 0.5860 -0.8102
vn 0.0307 -0.2407 -0.9701
vn -0.0160 0.5860 -0.8101
vn 0.0306 -0.2408 -0.9701
vn 0.0307 -0.2408 -0.9701
vn 0.0444 -0.7057 -0.7071
vn 0.0677 -0.6958 -0.7151
vn 0.0380 0.0613 -0.9974
vn 0.0677 -0.6957 -0.7151
vn 0.0379 0.0613 -0.9974
vn 0.0242 -0.8591 -0.5112
vn -0.1108 0.0806 -0.9906
vn 0.0028 0.5860 -0.8103
vn -0.0972 0.5947 -0.7980
vn 0.0029 0.5860 -0.8103
vn -0.4516 -0.4106 -0.7921
vn -0.4855 0.3847 -0.7851
vn -0.4854 0.3847 -0.7851
vn -0.0524 0.6693 0.7411
vn -0.4785 0.4549 0.7510
vn -0.0680 0.0260 0.9974
vn -0.4785 0.4549 0.7511
vn -0.9395 -0.3414 -0.0291
vn -0.7339 0.3909 -0.5555
vn -0.3275 -0.2249 0.9177
vn -0.0679 0.0260 0.9974
vn -0.9395 -0.3413 -0.0291
vn -0.4708 -0.3562 0.8072
vn -0.7311 0.4530 0.5101
vn -0.4719 -0.8817 -0.0008
vn -0.9395 -0.3413 -0.0290
vn -0.4550 -0.5744 0.6805
vn -0.4719 -0.8816 -0.0008
vn 0.0452 -0.9932 -0.1077
vn 0.0241 -0.8591 -0.5112
vn -0.4708 -0.3561 0.8072
vn 0.0307 -0.6412 0.7667
vn 0.0307 -0.6412 0.7668
vn 0.0174 -0.5850 0.8109
vn 0.0642 0.1736 0.9827
vn -0.0679 0.0259 0.9974
vn 0.0641 0.1736 0.9827
vn -0.0523 0.6693 0.7411
vn 0.0301 -0.5704 0.8208
vn -0.0408 0.0480 0.9980
vn 0.0300 -0.5704 0.8208
vn 0.0642 0.1737 0.9827
vn -0.0409 0.0479 0.9980
vn -0.0229 0.6550 0.7553
vn 0.0201 0.6674 0.7444
vn -0.0230 0.6550 0.7553
vn -0.0408 0.0479 0.9980
vn -0.0725 0.0452 0.9963
vn -0.1009 0.6336 0.7671
vn -0.4054 0.0926 0.9094
vn -0.4023 0.7040 0.5853
vn -0.4054 0.0926 0.9095
vn -0.9178 0.3967 0.0194
vn -0.1084 0.8567 -0.5043
vn -0.2563 0.9351 -0.2447
vn -0.8200 0.5497 0.1592
vn 0.0011 0.8120 -0.5837
vn 0.1112 0.7660 -0.6331
vn 0.1111 0.7661 -0.6331
vn -0.0399 0.9818 -0.1859
vn -0.5204 0.8384 -0.1619
vn -0.5204 0.8384 -0.1620
vn -0.1037 0.9914 0.0794
vn -0.1531 0.8987 0.4109
vn -0.1841 0.7392 0.6479
vn -0.2132 0.9199 0.3291
vn 0.0841 0.9889 0.1224
vn -0.4648 0.8755 0.1323
vn 0.3986 0.8667 0.2998
vn 0.5998 0.7282 0.3315
vn 0.5998 0.7283 0.3315
vn 0.3986 0.8667 0.2997
vn 0.6943 0.6589 0.2895
vn 0.9333 -0.1847 0.3080
vn -0.3205 0.8926 0.3172
vn -0.2722 0.9211 0.2782
vn -0.2722 0.9212 0.2782
vn -0.1245 0.9622 0.2423
vn -0.3034 0.7482 0.5900
vn -0.8957 -0.0869 0.4361
vn -0.3035 0.7483 0.5899
vn -0.2921 -0.1741 0.9404
vn -0.3035 0.7482 0.5900
vn -0.2921 -0.1740 0.9404
vn 0.5759 0.3228 0.7511
vn 0.1242 -0.4947 0.8601
vn -0.2922 -0.1740 0.9404
vn 0.1242 -0.4948 0.8601
vn -0.8957 -0.0868 0.4361
vn -0.4648 0.8755 0.1324
vn -0.8106 0.5847 0.0313
vn -0.7327 0.4820 -0.4804
vn -0.7328 0.4819 -0.4804
vn -0.7012 0.3207 0.6367
vn -0.4647 0.8755 0.1324
vn -0.2967 0.9397 0.1703
vn -0.7012 0.3208 0.6367
vn -0.8860 0.3323 0.3233
vn -0.4018 0.8949 -0.1942
vn -0.2964 0.1317 -0.9459
vn -0.2964 0.1318 -0.9459
vn -0.7995 -0.4438 -0.4047
vn -0.7995 -0.4439 -0.4047
vn -0.0060 0.6570 -0.7539
vn -0.2884 0.8555 -0.4300
vn -0.2884 0.8556 -0.4300
vn 0.0537 -0.2971 -0.9533
vn 0.0536 -0.2971 -0.9533
vn -0.1739 -0.8460 -0.5040
vn -0.2730 -0.9031 -0.3316
vn -0.2853 -0.9584 -0.0060
vn -0.5617 -0.6281 0.5386
vn -0.2505 -0.9550 -0.1588
vn -0.2677 -0.1813 0.9463
vn -0.3467 -0.9219 0.1726
vn -0.5617 -0.6281 0.5385
vn 0.0255 -0.6767 -0.7359
vn -0.2116 -0.9061 0.3663
vn -0.2676 -0.1813 0.9463
vn 0.0322 -0.6829 0.7298
vn 0.0322 -0.6828 0.7299
vn -0.3240 0.8761 0.3572
vn -0.3239 0.8761 0.3572
vn 0.0453 -0.0268 0.9986
vn -0.2089 0.8170 0.5375
vn -0.0268 0.6539 0.7561
vn -0.2090 0.8170 0.5375
vn 0.0397 -0.6870 0.7256
vn 0.0321 -0.6828 0.7299
vn 0.0056 -0.0194 0.9998
vn 0.0057 -0.0194 0.9998
vn -0.0077 0.6761 0.7368
vn -0.0058 -0.6944 0.7196
vn 0.0488 0.2934 0.9547
vn 0.0551 0.6883 0.7234
vn -0.0076 0.6761 0.7368
vn -0.0622 -0.0356 0.9974
vn -0.0025 0.6807 0.7326
vn -0.0623 -0.0356 0.9974
vn 0.0488 0.2935 0.9547
vn -0.3367 -0.2666 0.9031
vn -0.1819 0.4351 0.8818
vn -0.1818 0.4351 0.8818
vn -0.4772 -0.3922 0.7864
vn 0.0018 -0.8993 0.4374
vn 0.0019 -0.8993 0.4373
vn -0.0059 -0.6943 0.7196
vn -0.0057 -0.6944 0.7196
vn 0.0186 -0.6887 -0.7248
vn 0.0086 -0.8973 -0.4413
vn -0.0440 -0.0314 -0.9985
vn 0.0086 -0.8973 -0.4412
vn -0.4703 -0.8825 -0.0107
vn 0.0172 -0.9998 -0.0022
vn -0.4772 -0.3923 0.7864
vn -0.3444 -0.4931 -0.7989
vn 0.0173 -0.9998 -0.0022
vn -0.0441 -0.0314 -0.9985
vn -0.3443 -0.4931 -0.7989
vn -0.1317 -0.3613 -0.9231
vn -0.2464 0.5957 -0.7645
vn 0.0845 0.3026 -0.9494
vn 0.0174 0.6855 -0.7278
vn 0.0174 0.6856 -0.7278
vn 0.0186 -0.6888 -0.7247
vn 0.0200 -0.0105 -0.9997
vn 0.0846 0.3026 -0.9494
vn 0.0048 0.6847 -0.7288
vn 0.0849 0.6943 -0.7147
vn 0.0048 0.6847 -0.7289
vn 0.0049 0.6840 -0.7295
vn -0.0059 0.6570 -0.7539
vn 0.0468 -0.6804 -0.7313
vn 0.0469 -0.6804 -0.7313
vn -0.8910 -0.4255 0.1581
vn -0.4670 -0.6144 0.6359
vn -0.3011 -0.7472 -0.5925
vn -0.4703 -0.8824 -0.0107
vn -0.4871 0.4938 0.7203
vn -0.8911 -0.4255 0.1580
vn 0.1269 0.4988 0.8574
vn 0.8125 -0.0971 0.5748
vn -0.6157 0.6223 -0.4833
vn -0.3443 -0.4931 -0.7990
vn -0.3960 -0.9018 0.1730
vn -0.7720 -0.6208 0.1367
vn -0.7720 -0.6208 0.1366
vn -0.8511 -0.4788 0.2154
vn -0.1496 -0.9129 0.3798
vn -0.5831 -0.7700 -0.2589
vn -0.0869 -0.8784 0.4700
vn -0.0869 -0.8784 0.4699
vn -0.6253 -0.2597 -0.7360
vn -0.7921 -0.6079 -0.0554
vn -0.4389 -0.8115 0.3858
vn -0.4779 -0.6265 -0.6157
vn -0.3179 -0.0236 -0.9478
vn -0.4324 0.4853 -0.7599
vn -0.8925 0.4140 0.1790
vn 0.1967 -0.9618 -0.1902
vn 0.1090 -0.4931 -0.8631
vn 0.2215 -0.8509 -0.4763
vn 0.0603 -0.1768 -0.9824
vn -0.1471 -0.1134 -0.9826
vn 0.1813 -0.6822 -0.7083
vn 0.0602 -0.1768 -0.9824
vn -0.0297 0.6801 -0.7326
vn -0.2562 0.2631 -0.9301
vn -0.5140 0.3302 -0.7917
vn -0.3536 0.6986 -0.6220
vn -0.8079 0.5536 -0.2022
vn -0.8078 0.5536 -0.2022
vn -0.2563 0.2631 -0.9301
vn -0.0297 0.6800 -0.7326
vn -0.0498 0.6319 0.7734
vn -0.0041 0.6569 0.7540
vn -0.0718 0.1552 0.9853
vn 0.0022 0.0104 -0.9999
vn -0.0158 0.7038 -0.7103
vn 0.0022 0.0103 -0.9999
vn 0.0156 0.8354 0.5494
vn 0.1012 0.1220 0.9874
vn -0.0719 0.1552 0.9853
vn -0.2779 -0.7732 0.5701
vn -0.1097 -0.6967 0.7090
vn -0.2778 -0.7732 0.5700
vn -0.0719 0.1553 0.9853
vn 0.0516 -0.3276 0.9434
vn 0.0373 -0.8805 0.4726
vn 0.0517 -0.3276 0.9434
vn 0.0157 0.8354 0.5494
vn 0.0607 0.0301 0.9977
vn 0.1013 0.1220 0.9873
vn -0.0345 -0.7328 0.6795
vn 0.1013 0.1220 0.9874
vn 0.0607 0.0300 0.9977
vn -0.0908 -0.1504 0.9845
vn -0.1841 0.7392 0.6478
vn -0.0359 -0.8002 0.5986
vn 0.0608 0.0301 0.9977
vn 0.0608 0.0300 0.9977
vn -0.0908 -0.1503 0.9845
vn -0.0360 -0.8002 0.5987
vn -0.1842 0.7392 0.6479
vn -0.7410 0.0881 0.6657
vn -0.0359 -0.8002 0.5987
vn -0.0612 -0.9979 0.0218
vn -0.0360 -0.8002 0.5986
vn 0.0441 -0.7052 0.7076
vn 0.0374 -0.8805 0.4726
vn 0.0517 -0.3277 0.9434
vn 0.0115 -0.7089 0.7052
vn 0.0541 0.2775 0.9592
vn -0.0581 -0.0601 0.9965
vn -0.0106 0.6635 0.7481
vn 0.0559 0.6764 0.7345
vn -0.0076 0.6968 -0.7172
vn 0.0690 0.7049 -0.7059
vn 0.0542 0.3183 -0.9464
vn 0.0691 0.7049 -0.7059
vn -0.0636 -0.0101 -0.9979
vn 0.0543 0.3183 -0.9464
vn 0.0092 -0.6783 -0.7347
vn -0.0157 0.7038 -0.7103
vn 0.0172 -0.8879 -0.4598
vn -0.5057 -0.3763 -0.7763
vn -0.4601 0.0198 -0.8877
vn -0.4742 0.5063 -0.7203
vn -0.4421 0.4586 0.7709
vn -0.0105 0.6635 0.7481
vn -0.9483 -0.3145 0.0431
vn -0.7230 0.4996 -0.4771
vn -0.5057 -0.3762 -0.7763
vn -0.9483 -0.3145 0.0430
vn -0.4684 -0.4012 0.7872
vn -0.6990 0.4597 0.5478
vn -0.3286 -0.2905 0.8987
vn -0.4816 -0.8763 0.0118
vn -0.4573 -0.6187 0.6388
vn -0.4684 -0.4012 0.7871
vn 0.0155 -0.9075 0.4197
vn -0.4816 -0.8763 0.0119
vn 0.0311 -0.9993 -0.0229
vn -0.4892 -0.6055 -0.6278
vn -0.4815 -0.8764 0.0119
vn 0.0114 -0.7089 0.7052
vn 0.0503 -0.6761 -0.7351
vn 0.0021 0.0103 -0.9999
vn 0.1812 -0.6822 -0.7083
vn 0.0504 -0.6761 -0.7351
vn -0.1530 0.8987 0.4109
vn -0.6761 0.6581 -0.3313
vn -0.2180 0.9607 0.1717
vn -0.2180 0.9607 0.1718
vn -0.5090 0.8483 0.1457
vn -0.8860 0.3324 0.3233
vn -0.4057 0.0016 0.9140
vn -0.8150 -0.4205 0.3987
vn -0.5091 0.8483 0.1457
vn -0.6052 0.3983 -0.6893
vn -0.3729 0.8144 -0.4446
vn -0.3730 0.8144 -0.4446
vn -0.0038 0.6302 0.7764
vn -0.4056 0.0016 0.9140
vn -0.4242 0.5947 0.6829
vn -0.1212 0.6287 -0.7681
vn 0.0741 -0.0309 -0.9968
vn -0.0063 0.5998 -0.8002
vn -0.1802 -0.0325 -0.9831
vn 0.0740 -0.0308 -0.9968
vn -0.3729 0.8144 -0.4447
vn -0.9664 0.2496 -0.0611
vn -0.1803 -0.0325 -0.9831
vn -0.6520 -0.4853 -0.5826
vn -0.1197 -0.8388 -0.5311
vn 0.0741 -0.0308 -0.9968
vn -0.1196 -0.8388 -0.5311
vn -0.3057 -0.8574 -0.4141
vn 0.0090 -0.6301 0.7765
vn -0.3650 -0.8500 0.3798
vn -0.4181 -0.8995 0.1269
vn 0.0269 -0.6584 -0.7522
vn -0.8150 -0.4206 0.3987
vn -0.2959 -0.9288 -0.2232
vn -0.2959 -0.9287 -0.2233
vn -0.2959 -0.9288 -0.2233
vn 0.0705 -0.1720 0.9826
vn 0.0736 -0.6636 -0.7445
vn 0.0740 -0.0309 -0.9968
vn 0.0269 -0.6582 -0.7524
vn 0.0239 -0.6512 0.7585
vn 0.0165 -0.6708 0.7414
vn 0.0238 -0.6512 0.7585
vn 0.0316 -0.0095 0.9995
vn 0.0317 -0.0095 0.9995
vn 0.0997 -0.1991 -0.9749
vn 0.0051 -0.6843 -0.7292
vn 0.0997 -0.1990 -0.9749
vn 0.0308 0.2795 -0.9597
vn 0.0665 0.6346 -0.7700
vn -0.0064 0.5997 -0.8002
vn 0.0253 0.6740 0.7383
vn 0.0441 0.3030 0.9520
vn 0.0208 0.6875 0.7259
vn 0.0442 0.3030 0.9520
vn -0.0012 0.6693 -0.7430
vn -0.0798 0.6838 0.7253
vn 0.0441 0.3029 0.9520
vn -0.1046 0.6755 -0.7299
vn 0.0308 0.2795 -0.9596
vn -0.5365 0.4507 -0.7134
vn -0.1198 -0.0361 -0.9921
vn -0.5014 0.4552 0.7358
vn -0.0915 -0.0223 0.9956
vn -0.0915 -0.0224 0.9956
vn -0.1288 0.1438 -0.9812
vn 0.0451 0.4733 -0.8797
vn -0.1466 -0.2260 -0.9630
vn 0.0297 0.1540 -0.9876
vn 0.0052 -0.6843 -0.7292
vn -0.5415 -0.3932 -0.7431
vn -0.5366 0.4507 -0.7134
vn -0.1198 -0.0362 -0.9921
vn -0.0154 -0.8939 -0.4480
vn -0.1199 -0.0361 -0.9921
vn -0.9536 -0.2984 0.0393
vn -0.7635 0.4425 -0.4704
vn -0.5254 -0.8504 0.0271
vn 0.0237 -0.9997 0.0099
vn -0.9536 -0.2985 0.0393
vn -0.5087 -0.3703 0.7772
vn -0.5087 -0.3704 0.7772
vn -0.0914 -0.0223 0.9956
vn -0.0014 -0.8846 0.4664
vn -0.7391 0.4391 0.5107
vn -0.8177 0.2890 0.4979
vn -0.7625 0.1841 0.6202
vn -0.2132 0.9199 0.3292
vn 0.1111 0.7660 -0.6331
vn 0.2906 0.6455 -0.7064
vn -0.9178 0.3966 0.0194
vn -0.9664 0.2496 -0.0612
vn -0.9554 -0.2808 0.0918
vn -0.8469 -0.4717 0.2456
vn 0.0533 -0.8187 -0.5717
vn 0.0308 0.9201 -0.3905
vn 0.0307 0.9201 -0.3906
vn -0.1010 0.7352 0.6703
vn 0.0308 0.9201 -0.3906
vn -0.0521 0.9190 -0.3907
vn -0.1010 0.7351 0.6703
vn -0.0446 -0.1418 -0.9889
vn -0.0447 -0.1418 -0.9889
vn -0.0332 -0.9857 -0.1653
vn -0.0887 0.1696 -0.9815
vn -0.0521 0.9190 -0.3908
vn -0.0522 0.9190 -0.3907
vn -0.0888 0.1696 -0.9815
vn -0.1405 -0.9192 -0.3679
vn -0.0333 -0.9857 -0.1653
vn -0.1406 -0.9192 -0.3679
vn -0.1152 -0.4389 0.8911
vn -0.0089 -0.5992 0.8006
vn -0.0089 -0.5991 0.8006
vn -0.1151 -0.4389 0.8911
vn -0.1430 0.6527 0.7440
vn -0.1429 0.6527 0.7440
vn -0.2745 0.6544 0.7045
vn -0.2390 0.9582 -0.1572
vn -0.1010 0.7351 0.6704
vn -0.0904 -0.2634 0.9604
vn -0.0905 -0.2635 0.9604
vn -0.0905 -0.2634 0.9604
vn 0.0923 -0.2948 0.9511
vn -0.0621 0.6840 0.7269
vn 0.5797 0.6154 0.5340
vn 0.8811 0.2493 0.4020
vn 0.3168 0.8452 0.4304
vn 0.5174 0.8479 -0.1157
vn 0.8811 0.2493 0.4019
vn -0.4519 0.7521 0.4796
vn -0.5870 0.6214 -0.5189
vn -0.8314 0.4968 0.2487
vn -0.9896 -0.0460 -0.1361
vn -0.6812 0.7293 -0.0633
vn -0.8314 0.4969 0.2487
vn -0.9852 -0.0212 -0.1699
vn -0.9640 -0.2414 -0.1116
vn 0.9182 0.0333 0.3948
vn 0.8863 0.2315 0.4012
vn 0.6377 0.4570 0.6201
vn 0.5797 0.6154 0.5341
vn 0.8451 0.4010 0.3535
vn 0.9182 0.0333 0.3947
vn 0.7013 0.6921 0.1709
vn 0.3695 0.7723 0.5168
vn -0.0385 0.9475 -0.3175
vn 0.3695 0.7723 0.5167
vn 0.8810 0.2493 0.4020
vn 0.8863 0.2315 0.4011
vn 0.9874 0.0033 0.1581
vn 0.9348 0.1701 0.3117
vn 0.8412 0.3459 0.4157
vn 0.9013 0.2357 0.3636
vn 0.9468 0.1855 0.2629
vn 0.9149 0.3244 0.2405
vn 0.9018 -0.0851 0.4237
vn 0.9874 0.0033 0.1580
vn 0.7538 0.1122 0.6475
vn 0.8412 0.3458 0.4157
vn 0.6030 0.2980 -0.7400
vn 0.9149 0.3243 0.2405
vn 0.9148 0.3244 0.2405
vn 0.9049 0.1562 0.3960
vn 0.7003 0.4343 -0.5666
vn 0.5174 0.8479 -0.1158
vn -0.5532 -0.2265 -0.8017
vn 0.4165 0.3045 -0.8566
vn 0.6030 0.2979 -0.7400
vn -0.5870 0.6213 -0.5190
vn -0.1831 -0.6995 -0.6907
vn 0.2103 0.1783 -0.9613
vn 0.8531 0.3570 -0.3805
vn 0.9468 0.1855 0.2630
vn 0.9124 -0.4060 -0.0522
vn -0.6771 -0.5259 -0.5148
vn 0.8392 -0.5362 0.0909
vn -0.3320 -0.7957 -0.5067
vn -0.6771 -0.5259 -0.5149
vn 0.6000 -0.7954 -0.0857
vn -0.3320 -0.7956 -0.5067
vn 0.3429 -0.6883 -0.6393
vn 0.9119 -0.3730 0.1714
vn 0.9119 -0.3730 0.1713
vn 0.7926 -0.5996 -0.1108
vn 0.5380 -0.4620 -0.7050
vn -0.1721 -0.5463 -0.8197
vn -0.9640 -0.2415 -0.1115
vn 0.9570 0.0990 -0.2727
vn 0.7644 -0.3368 -0.5497
vn 0.9182 0.0334 0.3948
vn 0.4068 -0.2497 -0.8787
vn 0.8991 0.0857 -0.4292
vn 0.6599 0.4973 -0.5632
vn 0.3221 0.8699 -0.3734
vn 0.6707 -0.1181 -0.7322
vn 0.7090 0.5068 -0.4904
vn 0.8081 0.3010 -0.5063
vn 0.7034 0.4350 -0.5621
vn 0.9570 0.0989 -0.2727
vn 0.7089 0.5068 -0.4904
vn 0.8838 0.4259 -0.1935
vn 0.7013 0.6921 0.1708
vn 0.7500 0.5643 -0.3450
vn 0.7034 0.4350 -0.5622
vn 0.8839 0.4259 -0.1935
vn 0.5623 0.2999 -0.7706
vn 0.8821 0.3405 -0.3254
vn 0.8821 0.3405 -0.3255
vn 0.6351 0.5139 -0.5767
vn 0.7034 0.4351 -0.5621
vn 0.8082 0.3010 -0.5063
vn 0.3684 0.5574 -0.7440
vn 0.3960 0.8287 -0.3955
vn 0.3041 0.7568 -0.5785
vn 0.3041 0.7569 -0.5785
vn 0.8222 0.1945 -0.5349
vn 0.8222 0.1944 -0.5349
vn 0.6648 0.7253 -0.1789
vn 0.6647 0.7253 -0.1789
vn -0.0000 0.8159 -0.5782
vn -0.0000 0.9913 -0.1316
vn 0.3830 0.9236 0.0152
vn 0.6648 0.7253 -0.1788
vn 0.3829 0.9236 0.0152
vn 0.3960 0.8287 -0.3954
vn 0.5372 0.7977 0.2741
vn 0.8692 0.4880 0.0799
vn 0.6382 0.5349 0.5537
vn 0.9416 0.0714 0.3291
vn 0.6383 0.5349 0.5536
vn 0.8684 -0.2082 -0.4500
vn 0.8795 -0.4218 -0.2205
vn 0.6641 -0.7306 -0.1586
vn 0.6641 -0.7307 -0.1586
vn 0.9416 0.0713 0.3291
vn 0.8609 -0.0621 -0.5050
vn 0.8609 -0.0620 -0.5050
vn 0.8795 -0.4217 -0.2205
vn 0.5850 -0.7882 0.1910
vn 0.6641 -0.7306 -0.1587
vn 0.7794 -0.4039 0.4789
vn 0.9935 0.0117 0.1137
vn 0.7794 -0.4040 0.4789
vn 0.9935 0.0117 0.1136
vn 0.8243 0.3119 0.4726
vn 0.6048 0.0532 0.7946
vn 0.8243 0.3119 0.4725
vn 0.9934 0.0117 0.1137
vn 0.3114 -0.4752 0.8229
vn 0.6048 0.0533 0.7946
vn 0.4375 -0.7185 0.5406
vn 0.4376 -0.7185 0.5406
vn 0.5851 -0.7882 0.1910
vn 0.2420 -0.3344 0.9108
vn 0.2997 -0.6392 0.7082
vn 0.4375 -0.7186 0.5406
vn 0.3041 -0.8907 0.3378
vn 0.2997 -0.6392 0.7083
vn 0.3113 -0.4752 0.8229
vn 0.3062 -0.9515 -0.0309
vn -0.0000 -0.9732 0.2299
vn 0.3041 -0.8908 0.3378
vn -0.0000 -0.8269 0.5624
vn -0.0000 -0.9966 0.0824
vn -0.0000 -0.9958 -0.0918
vn -0.3062 -0.9515 -0.0309
vn -0.6641 -0.7306 -0.1587
vn -0.6641 -0.7306 -0.1586
vn -0.5850 -0.7882 0.1910
vn -0.3041 -0.8907 0.3378
vn -0.4376 -0.7185 0.5406
vn -0.5851 -0.7882 0.1910
vn -0.2997 -0.6392 0.7082
vn -0.2997 -0.6392 0.7083
vn -0.3114 -0.4752 0.8229
vn -0.7794 -0.4039 0.4789
vn -0.4375 -0.7185 0.5406
vn -0.7794 -0.4040 0.4789
vn -0.2420 -0.3344 0.9108
vn 0.2247 -0.4087 0.8846
vn -0.3113 -0.4752 0.8229
vn -0.2419 -0.3344 0.9108
vn -0.3080 -0.5467 0.7786
vn -0.6005 -0.2784 0.7496
vn -0.3081 -0.5467 0.7786
vn -0.2831 -0.3038 0.9097
vn -0.2830 -0.3039 0.9097
vn -0.2420 -0.3344 0.9109
vn -0.3604 -0.3833 0.8504
vn -0.5703 -0.0908 0.8164
vn -0.5175 -0.2955 0.8031
vn -0.3604 -0.3832 0.8505
vn -0.4620 -0.6751 0.5752
vn -0.3294 -0.5897 0.7374
vn -0.5175 -0.2954 0.8031
vn -0.2831 -0.3039 0.9097
vn -0.4620 -0.6751 0.5751
vn -0.0231 -0.8870 0.4612
vn -0.4884 0.1967 0.8501
vn -0.1509 -0.2556 0.9549
vn -0.2286 0.6829 0.6938
vn 0.2514 -0.8454 0.4713
vn 0.7500 -0.0447 0.6599
vn 0.0589 -0.9709 0.2321
vn 0.3699 -0.7866 -0.4944
vn -0.0912 -0.9838 0.1544
vn 0.9249 0.3302 0.1885
vn 0.8047 -0.1962 -0.5603
vn 0.8130 -0.5819 -0.0218
vn 0.4213 -0.8835 -0.2050
vn 0.8047 -0.1961 -0.5603
vn 0.2986 -0.7014 -0.6472
vn 0.2985 -0.7014 -0.6472
vn -0.0000 -0.7110 -0.7032
vn -0.0000 -0.8205 -0.5716
vn -0.1376 -0.9889 0.0561
vn -0.0532 -0.9837 -0.1715
vn -0.0913 -0.9838 0.1543
vn -0.1622 -0.9570 0.2406
vn -0.0000 -0.7692 0.6390
vn -0.2644 -0.7542 0.6010
vn -0.0000 -0.7693 0.6389
vn -0.2962 -0.2936 0.9089
vn -0.5202 -0.4950 0.6960
vn -0.2489 -0.8802 0.4042
vn -0.2453 -0.1619 0.9558
vn -0.4209 -0.3760 0.8255
vn -0.4209 -0.3759 0.8256
vn -0.0000 -0.1670 0.9860
vn 0.0001 -0.7692 0.6390
vn -0.2242 -0.2919 0.9298
vn -0.4208 -0.3760 0.8256
vn -0.1588 -0.0577 0.9856
vn -0.2241 -0.2918 0.9298
vn -0.1587 -0.0577 0.9856
vn -0.0000 -0.1105 0.9939
vn 0.2453 -0.1619 0.9558
vn 0.1587 -0.0577 0.9856
vn -0.0000 -0.0141 0.9999
vn -0.0000 -0.1814 0.9834
vn 0.3545 -0.1739 0.9187
vn -0.0000 -0.9094 0.4158
vn -0.4738 -0.2121 0.8547
vn -0.3545 -0.1739 0.9187
vn 0.4738 -0.2121 0.8547
vn -0.7088 -0.6289 0.3196
vn 0.5609 -0.7859 0.2604
vn -0.0000 -0.9238 0.3829
vn 0.7088 -0.6289 0.3195
vn 0.7088 -0.6289 0.3196
vn -0.5609 -0.7859 0.2604
vn -0.7088 -0.6289 0.3195
vn 0.4436 -0.4865 0.7527
vn -0.4436 -0.4865 0.7527
vn 0.4436 -0.4866 0.7527
vn -0.0000 -0.5956 0.8033
vn 0.4435 -0.4866 0.7527
vn -0.4435 -0.4866 0.7527
vn -0.0000 0.0297 0.9996
vn -0.4900 0.5115 0.7059
vn -0.5361 0.0672 0.8415
vn -0.0000 0.7510 0.6603
vn -0.4899 0.5115 0.7059
vn 0.5361 0.0672 0.8415
vn 0.4899 0.5115 0.7059
vn 0.4900 0.5115 0.7059
vn 0.4435 -0.4865 0.7527
vn 0.9130 -0.0037 0.4080
vn 0.5361 0.0671 0.8415
vn 0.9130 -0.0038 0.4080
vn 0.9814 0.1506 0.1189
vn 0.6189 0.7588 0.2030
vn 0.5645 0.8131 0.1422
vn 0.6189 0.7588 0.2029
vn 0.9814 0.1507 0.1190
vn 0.7345 0.3464 0.5835
vn 0.7345 0.3464 0.5836
vn 0.5291 -0.2625 0.8070
vn 0.4024 0.3315 0.8533
vn 0.3571 0.5783 0.7335
vn 0.7341 0.3517 0.5808
vn 0.4503 0.5127 0.7310
vn 0.4897 0.4905 0.7208
vn 0.2274 0.5099 0.8296
vn -0.0000 0.6431 0.7657
vn 0.3572 0.5783 0.7335
vn -0.0000 0.6432 0.7657
vn -0.0000 0.9481 0.3179
vn -0.0000 0.9997 0.0229
vn -0.5645 0.8131 0.1422
vn -0.3571 0.5783 0.7335
vn -0.0000 0.9997 0.0230
vn -0.6189 0.7588 0.2029
vn -0.6189 0.7588 0.2030
vn -0.9814 0.1507 0.1190
vn -0.9130 -0.0037 0.4080
vn -0.9814 0.1506 0.1189
vn -0.9130 -0.0038 0.4080
vn -0.7345 0.3464 0.5835
vn -0.5291 -0.2625 0.8070
vn -0.7345 0.3464 0.5836
vn -0.4024 0.3315 0.8533
vn -0.2969 0.0467 0.9538
vn -0.4503 0.5127 0.7310
vn -0.5601 0.4844 0.6721
vn -0.6048 0.0532 0.7946
vn -0.2969 0.0468 0.9538
vn -0.6048 0.0533 0.7946
vn -0.4762 -0.2097 0.8539
vn -0.2241 -0.2919 0.9298
vn -0.1484 -0.3413 0.9282
vn -0.1483 -0.3413 0.9282
vn 0.0049 -0.5740 0.8188
vn -0.4208 -0.3759 0.8256
vn -0.8243 0.3119 0.4726
vn -0.8243 0.3119 0.4725
vn -0.9935 0.0117 0.1137
vn -0.8243 0.3118 0.4726
vn -0.8455 0.3994 0.3544
vn -0.6288 0.5538 0.5458
vn -0.9935 0.0117 0.1136
vn -0.9934 0.0117 0.1137
vn -0.5601 0.4843 0.6721
vn -0.7047 0.4823 0.5204
vn -0.4890 0.4901 0.7216
vn -0.4503 0.5128 0.7310
vn -0.8435 0.4860 0.2287
vn -0.7590 0.4582 0.4626
vn -0.5800 0.4885 0.6519
vn -0.3838 0.7661 0.5155
vn -0.3319 0.5090 0.7942
vn -0.5371 0.7512 0.3838
vn -0.6431 0.7383 0.2030
vn -0.0010 0.9999 0.0137
vn -0.6431 0.7383 0.2031
vn -0.5371 0.7511 0.3838
vn -0.0009 0.9999 0.0137
vn -0.2114 0.7687 0.6036
vn -0.0066 0.7526 0.6585
vn -0.0065 0.7526 0.6585
vn 0.2448 0.6922 0.6790
vn -0.0010 0.9999 0.0136
vn -0.0223 -0.9876 -0.1553
vn -0.2631 0.6368 -0.7248
vn -0.5334 0.6715 -0.5143
vn -0.6917 0.7076 -0.1442
vn -0.5333 0.6716 -0.5144
vn 0.5317 0.6721 -0.5154
vn 0.2631 0.6368 -0.7248
vn -0.0009 0.9999 0.0136
vn 0.0001 0.5410 -0.8410
vn -0.0001 0.5410 -0.8410
vn 0.3847 0.7661 0.5149
vn 0.5437 0.7485 0.3796
vn 0.6928 0.7074 -0.1400
vn 0.5438 0.7485 0.3796
vn 0.6534 0.7310 0.1967
vn -0.8825 0.3389 -0.3260
vn -0.8966 0.4231 0.1305
vn -0.6917 0.7077 -0.1442
vn -0.6432 0.7383 0.2030
vn -0.8692 0.4386 -0.2283
vn -0.8966 0.4231 0.1306
vn -0.8692 0.4386 -0.2284
vn -0.8534 0.4537 -0.2566
vn -0.6886 0.4292 -0.5845
vn -0.8072 0.3253 -0.4925
vn -0.6886 0.4291 -0.5845
vn -0.8534 0.4537 -0.2565
vn -0.9570 0.0991 -0.2727
vn -0.9182 0.0333 0.3948
vn -0.9832 0.1254 -0.1329
vn -0.9832 0.1255 -0.1329
vn -0.9182 0.0334 0.3948
vn -0.7644 -0.3368 -0.5497
vn -0.4173 0.5229 -0.7432
vn -0.8991 0.0858 -0.4292
vn -0.4068 -0.2497 -0.8787
vn -0.8609 -0.0621 -0.5050
vn -0.8795 -0.4217 -0.2205
vn -0.9570 0.0991 -0.2726
vn -0.8609 -0.0620 -0.5050
vn -0.6377 0.4570 0.6201
vn -0.8863 0.2315 0.4012
vn -0.9348 0.1701 0.3117
vn -0.8392 -0.5362 0.0909
vn -0.7926 -0.5996 -0.1108
vn -0.9119 -0.3730 0.1713
vn -0.9013 0.2357 0.3636
vn -0.9182 0.0333 0.3947
vn -0.5797 0.6154 0.5341
vn -0.8810 0.2493 0.4020
vn -0.3168 0.8452 0.4304
vn -0.8811 0.2493 0.4020
vn -0.5797 0.6154 0.5340
vn -0.3138 0.9482 0.0504
vn -0.3138 0.9481 0.0504
vn 0.0385 0.9475 -0.3175
vn -0.3695 0.7723 0.5167
vn -0.3695 0.7723 0.5168
vn 0.6812 0.7293 -0.0633
vn 0.9852 -0.0212 -0.1699
vn 0.8314 0.4969 0.2487
vn -0.5174 0.8479 -0.1157
vn -0.8811 0.2493 0.4019
vn 0.4519 0.7521 0.4796
vn 0.5870 0.6214 -0.5189
vn 0.9896 -0.0460 -0.1361
vn 0.8314 0.4968 0.2487
vn 0.9640 -0.2414 -0.1116
vn 0.9640 -0.2415 -0.1115
vn 0.6770 -0.5259 -0.5148
vn 0.5532 -0.2264 -0.8017
vn 0.6771 -0.5258 -0.5148
vn 0.9896 -0.0461 -0.1361
vn 0.5532 -0.2265 -0.8017
vn 0.5870 0.6214 -0.5190
vn 0.6771 -0.5259 -0.5148
vn 0.1831 -0.6995 -0.6907
vn -0.4165 0.3045 -0.8566
vn -0.2103 0.1783 -0.9613
vn -0.9468 0.1855 0.2630
vn -0.9124 -0.4060 -0.0522
vn -0.8531 0.3570 -0.3805
vn -0.8531 0.3569 -0.3805
vn 0.6771 -0.5259 -0.5149
vn 0.3320 -0.7957 -0.5067
vn -0.6000 -0.7954 -0.0857
vn -0.3429 -0.6883 -0.6393
vn 0.3320 -0.7956 -0.5067
vn 0.1721 -0.5463 -0.8197
vn -0.5380 -0.4620 -0.7050
vn -0.9149 0.3244 0.2405
vn -0.9468 0.1855 0.2629
vn -0.8412 0.3459 0.4157
vn -0.9149 0.3243 0.2405
vn -0.6030 0.2980 -0.7400
vn -0.9119 -0.3730 0.1714
vn -0.7538 0.1122 0.6475
vn -0.8412 0.3458 0.4157
vn -0.9049 0.1562 0.3960
vn -0.9148 0.3244 0.2405
vn -0.7003 0.4343 -0.5666
vn -0.5174 0.8479 -0.1158
vn -0.9018 -0.0851 0.4237
vn -0.9048 0.1562 0.3960
vn -0.8810 0.2494 0.4020
vn -0.8811 0.2494 0.4019
vn -0.9874 0.0033 0.1580
vn -0.9874 0.0033 0.1581
vn -0.8863 0.2315 0.4011
vn 0.5870 0.6213 -0.5190
vn -0.6030 0.2979 -0.7400
vn -0.6707 -0.1181 -0.7322
vn -0.3221 0.8699 -0.3734
vn -0.4173 0.5229 -0.7433
vn -0.8795 -0.4218 -0.2205
vn -0.6641 -0.7307 -0.1586
vn -0.8684 -0.2082 -0.4500
vn -0.8222 0.1944 -0.5349
vn -0.8222 0.1945 -0.5349
vn -0.8692 0.4880 0.0799
vn -0.9416 0.0714 0.3291
vn -0.9416 0.0713 0.3291
vn -0.6647 0.7253 -0.1789
vn -0.6648 0.7253 -0.1789
vn -0.5372 0.7977 0.2741
vn -0.6383 0.5349 0.5536
vn -0.6382 0.5349 0.5537
vn -0.3830 0.9236 0.0152
vn -0.3960 0.8287 -0.3955
vn -0.3960 0.8287 -0.3954
vn -0.3829 0.9236 0.0152
vn -0.3041 0.7568 -0.5785
vn -0.6351 0.5139 -0.5767
vn -0.3684 0.5574 -0.7440
vn -0.3041 0.7569 -0.5785
vn -0.0000 0.6439 -0.7651
vn -0.2193 0.2321 -0.9477
vn -0.0000 0.6440 -0.7651
vn -0.5639 0.3003 -0.7694
vn -0.2192 0.2321 -0.9477
vn -0.2632 0.6368 -0.7248
vn -0.2193 0.2321 -0.9476
vn -0.0000 0.5410 -0.8410
vn -0.0000 0.2082 -0.9781
vn 0.2193 0.2321 -0.9476
vn 0.2193 0.2321 -0.9477
vn 0.2632 0.6368 -0.7248
vn 0.5624 0.2999 -0.7706
vn 0.2192 0.2321 -0.9477
vn -0.5333 0.6716 -0.5143
vn -0.5639 0.3003 -0.7693
vn -0.0000 0.8111 -0.5849
vn -0.6423 0.2087 0.7375
vn -0.6383 0.5349 0.5537
vn -0.6146 -0.4107 0.6735
vn -0.4139 -0.0899 0.9059
vn -0.0000 -0.3858 0.9226
vn -0.4139 -0.0898 0.9059
vn -0.0000 -0.0448 0.9990
vn 0.4139 -0.0899 0.9059
vn 0.6146 -0.4107 0.6735
vn 0.4139 -0.0898 0.9059
vn 0.6423 0.2087 0.7375
vn 0.6383 0.5349 0.5537
vn -0.8073 0.3253 -0.4925
vn 0.5854 0.4877 0.6477
vn 0.7699 0.4558 0.4466
vn 0.7063 0.4857 0.5150
vn 0.3319 0.5090 0.7942
vn 0.5854 0.4876 0.6477
vn -0.0000 0.5138 0.8579
vn 0.2448 0.6921 0.6790
vn 0.2448 0.6922 0.6789
vn -0.0000 0.5255 0.8508
vn -0.2274 0.5099 0.8296
vn -0.3572 0.5783 0.7335
vn 0.6287 0.5549 0.5449
vn 0.6286 0.5549 0.5449
vn 0.5601 0.4844 0.6721
vn 0.6287 0.5548 0.5449
vn 0.5601 0.4843 0.6721
vn 0.4503 0.5128 0.7310
vn 0.8990 0.4199 0.1245
vn 0.8990 0.4198 0.1245
vn 0.8839 0.4258 -0.1935
vn 0.5317 0.6720 -0.5154
vn -0.3838 0.7662 0.5155
vn -0.5361 0.0671 0.8415
vn -0.4435 -0.4865 0.7527
vn 0.2969 0.0468 0.9538
vn 0.2969 0.0467 0.9538
vn 0.2241 -0.2919 0.9298
vn 0.2242 -0.2919 0.9298
vn 0.1483 -0.3413 0.9282
vn 0.1484 -0.3413 0.9282
vn 0.4208 -0.3760 0.8256
vn -0.0049 -0.5740 0.8188
vn 0.2241 -0.2918 0.9298
vn 0.1588 -0.0577 0.9856
vn 0.5202 -0.4950 0.6960
vn 0.3294 -0.5897 0.7374
vn 0.4208 -0.3759 0.8256
vn 0.4209 -0.3759 0.8256
vn 0.2962 -0.2936 0.9089
vn 0.4209 -0.3760 0.8255
vn 0.2644 -0.7542 0.6010
vn 0.2490 -0.8801 0.4042
vn 0.2644 -0.7543 0.6010
vn -0.2985 -0.7014 -0.6472
vn 0.1376 -0.9889 0.0561
vn 0.0912 -0.9838 0.1544
vn 0.0532 -0.9838 -0.1714
vn 0.1622 -0.9570 0.2406
vn -0.0000 -0.7692 0.6389
vn 0.0001 -0.7692 0.6389
vn -0.3699 -0.7866 -0.4944
vn -0.0589 -0.9709 0.2321
vn 0.4620 -0.6751 0.5752
vn 0.5175 -0.2954 0.8031
vn 0.4620 -0.6751 0.5751
vn 0.0231 -0.8870 0.4612
vn -0.4417 -0.1155 0.8897
vn -0.4967 -0.7514 0.4344
vn 0.2286 0.6829 0.6938
vn 0.1509 -0.2556 0.9549
vn 0.5703 -0.0908 0.8164
vn 0.4884 0.1967 0.8501
vn 0.2831 -0.3038 0.9097
vn 0.5175 -0.2955 0.8031
vn 0.6005 -0.2784 0.7496
vn 0.2831 -0.3039 0.9097
vn 0.3604 -0.3833 0.8504
vn 0.2558 0.5541 0.7922
vn 0.3604 -0.3832 0.8505
vn 0.3644 -0.0289 0.9308
vn 0.3080 -0.5467 0.7786
vn 0.3604 -0.3832 0.8504
vn -0.0000 -0.5822 0.8131
vn -0.0000 -0.1730 0.9849
vn -0.0000 -0.1731 0.9849
vn -0.3080 -0.5466 0.7786
vn -0.0000 -0.6153 0.7883
vn 0.3080 -0.5466 0.7786
vn -0.3604 -0.3832 0.8504
vn 0.3081 -0.5467 0.7786
vn -0.0179 0.9639 0.2656
vn -0.0000 0.9599 -0.2804
vn -0.0000 1.0000 0.0021
vn -0.3644 -0.0289 0.9308
vn 0.0179 0.9639 0.2656
vn -0.2821 0.8694 -0.4058
vn 0.2820 0.8694 -0.4058
vn -0.0000 0.8728 -0.4882
vn -0.2820 0.8694 -0.4058
vn 0.2821 0.8694 -0.4058
vn 0.1726 0.9849 -0.0111
vn 0.2338 0.9329 0.2739
vn 0.5716 0.7720 -0.2780
vn 0.2339 0.9329 0.2738
vn 0.1725 0.9849 -0.0111
vn 0.2820 0.8693 -0.4058
vn 0.4453 0.7980 -0.4060
vn 0.8567 0.5158 0.0032
vn 0.4157 0.9094 0.0157
vn 0.8236 0.4357 -0.3630
vn 0.9562 -0.0733 -0.2833
vn 0.8728 -0.4549 -0.1768
vn 0.8236 0.4358 -0.3630
vn 0.8195 0.5370 0.1999
vn 0.8195 0.5371 0.1999
vn 0.7753 -0.6220 -0.1099
vn -0.0000 -0.9980 0.0636
vn 0.4899 -0.6124 0.6204
vn -0.0000 -0.9980 0.0635
vn 0.7202 -0.3793 0.5808
vn 0.8728 -0.4549 -0.1769
vn 0.5873 0.4891 0.6449
vn 0.7202 -0.3794 0.5808
vn -0.8402 -0.5301 0.1147
vn -0.7407 -0.3333 0.5833
vn -0.8173 0.5759 0.0170
vn -0.6145 0.4891 0.6190
vn -0.8173 0.5760 0.0171
vn -0.8137 -0.5762 -0.0771
vn -0.5120 -0.5820 0.6317
vn -0.0048 0.9691 0.2465
vn 0.3130 0.7246 0.6140
vn -0.7334 0.6776 0.0545
vn -0.3398 0.7264 0.5974
vn -0.3967 0.8444 -0.3599
vn -0.0000 0.8727 -0.4882
vn -0.3967 0.8445 -0.3599
vn 0.2434 0.3765 0.8939
vn 0.4388 -0.1953 0.8771
vn 0.3802 0.4266 0.8206
vn 0.5331 -0.1210 0.8374
vn 0.3802 0.4267 0.8206
vn 0.4389 -0.1953 0.8771
vn 0.2369 -0.2930 0.9263
vn -0.5875 0.7371 -0.3340
vn -0.5875 0.7371 -0.3339
vn -0.8174 0.5759 0.0170
vn -0.8280 0.5377 -0.1590
vn -0.4662 0.8846 -0.0096
vn -0.8280 0.5378 -0.1590
vn -0.3310 0.9235 0.1937
vn -0.5876 0.7371 -0.3339
vn -0.7494 -0.1758 -0.6383
vn -0.9397 -0.3403 -0.0333
vn -0.9456 0.1320 0.2973
vn -0.9397 -0.3403 -0.0332
vn -0.8648 0.4999 -0.0463
vn -0.7495 -0.1758 -0.6383
vn -0.6926 -0.6581 -0.2952
vn -0.7495 -0.1759 -0.6383
vn -0.8137 -0.5762 -0.0770
vn -0.6857 -0.7018 -0.1931
vn -0.7495 -0.1759 -0.6382
vn 0.1584 0.3356 0.9286
vn 0.2435 0.3765 0.8939
vn -0.0000 -0.3382 0.9411
vn 0.0045 0.8378 0.5460
vn -0.0000 0.8517 0.5240
vn 0.1585 0.3356 0.9286
vn -0.0000 0.3319 0.9433
vn -0.0045 0.8377 0.5461
vn -0.1585 0.3356 0.9286
vn -0.2435 0.3765 0.8939
vn -0.1584 0.3355 0.9286
vn -0.1017 0.8572 0.5048
vn -0.0045 0.8377 0.5460
vn -0.1018 0.8572 0.5048
vn -0.0054 0.8520 0.5235
vn -0.3802 0.4266 0.8206
vn -0.3802 0.4267 0.8206
vn -0.0053 0.8520 0.5235
vn -0.3034 0.5731 0.7612
vn -0.4389 -0.1953 0.8771
vn -0.5331 -0.1210 0.8374
vn -0.4388 -0.1953 0.8771
vn -0.3034 0.5731 0.7613
vn -0.0174 0.8817 0.4714
vn -0.5966 -0.0403 0.8015
vn -0.3670 0.5220 0.7700
vn -0.3669 0.5220 0.7700
vn -0.0193 0.8899 0.4558
vn -0.0174 0.8817 0.4715
vn -0.0194 0.8899 0.4558
vn 0.0520 0.8557 0.5148
vn -0.0193 0.8898 0.4558
vn -0.4417 0.6139 0.6543
vn -0.6810 0.0609 0.7297
vn -0.6810 0.0609 0.7298
vn -0.4417 0.6139 0.6542
vn -0.0105 0.9077 0.4195
vn -0.7709 0.1626 0.6158
vn -0.5666 0.5930 0.5722
vn -0.5666 0.5929 0.5722
vn -0.8954 0.2302 0.3810
vn -0.5665 0.5930 0.5722
vn -0.9571 0.2132 0.1964
vn -0.8959 0.3095 0.3186
vn -0.5665 0.5929 0.5722
vn -0.0143 -0.8546 -0.5191
vn 0.0399 0.8460 0.5317
vn -0.2435 0.3764 0.8939
vn -0.2369 -0.2930 0.9263
vn -0.1584 0.3356 0.9286
vn -0.2368 -0.2930 0.9263
vn 0.1017 0.8572 0.5048
vn 0.0054 0.8520 0.5235
vn 0.3034 0.5731 0.7612
vn 0.0174 0.8817 0.4714
vn 0.3034 0.5731 0.7613
vn 0.0194 0.8899 0.4558
vn 0.3669 0.5220 0.7700
vn 0.0193 0.8899 0.4558
vn 0.0193 0.8898 0.4558
vn 0.3670 0.5220 0.7700
vn -0.0520 0.8557 0.5148
vn 0.4417 0.6139 0.6542
vn 0.0105 0.9077 0.4195
vn 0.4417 0.6139 0.6543
vn 0.4867 0.6533 0.5799
vn 0.7709 0.1626 0.6158
vn 0.6810 0.0609 0.7298
vn 0.6810 0.0609 0.7297
vn 0.8954 0.2302 0.3810
vn 0.7260 0.5353 0.4317
vn 0.2309 0.9111 0.3415
vn -0.0292 0.8497 0.5265
vn -0.0293 0.8496 0.5265
vn 0.5966 -0.0403 0.8015
vn -0.1725 0.9849 -0.0111
vn -0.1726 0.9849 -0.0111
vn -0.2820 0.8693 -0.4058
vn -0.2558 0.5541 0.7922
vn 0.2420 -0.3344 0.9109
vn 0.2830 -0.3039 0.9097
vn -0.2247 -0.4087 0.8846
vn 0.8243 0.3118 0.4726
vn 0.9832 0.1253 -0.1330
vn 0.8451 0.4010 0.3536
vn -0.5532 -0.2264 -0.8017
vn -0.6771 -0.5258 -0.5148
vn -0.6770 -0.5259 -0.5148
vn -0.5870 0.6214 -0.5190
vn -0.9896 -0.0461 -0.1361
vn 0.9048 0.1562 0.3960
vn 0.8810 0.2494 0.4020
vn 0.8811 0.2494 0.4019
vn -0.8136 0.5480 -0.1941
vn -0.8293 -0.3564 -0.4304
vn -0.6627 -0.6588 -0.3561
vn -0.9939 0.0423 -0.1022
vn -0.6626 -0.6589 -0.3561
vn -0.6236 -0.7463 -0.2327
vn -0.9449 -0.2675 -0.1886
vn -0.8293 -0.3565 -0.4304
vn -0.0000 -0.9389 -0.3441
vn -0.6627 -0.6589 -0.3561
vn -0.0000 -0.9457 -0.3250
vn -0.7534 0.5653 -0.3360
vn -0.8293 -0.3565 -0.4303
vn -0.8137 0.5480 -0.1941
vn -0.2495 0.9674 -0.0427
vn -0.0000 0.9990 0.0449
vn -0.1026 0.9813 0.1631
vn -0.0441 0.9233 0.3816
vn -0.2657 0.8910 0.3681
vn -0.4868 0.8270 0.2813
vn 0.0172 0.9746 0.2232
vn -0.0000 0.9072 0.4207
vn 0.0745 0.9171 0.3916
vn 0.1053 -0.9392 -0.3268
vn 0.1363 0.9814 0.1349
vn 0.2657 0.8910 0.3681
vn 0.2495 0.9674 -0.0427
vn 0.8137 0.5480 -0.1941
vn 0.4868 0.8270 0.2813
vn 0.0651 0.8399 0.5388
vn 0.6627 -0.6588 -0.3561
vn 0.8136 0.5480 -0.1941
vn 0.9939 0.0423 -0.1022
vn 0.8888 -0.4510 0.0821
vn 0.6237 -0.7462 -0.2327
vn 0.9449 -0.2675 -0.1886
vn 0.6626 -0.6589 -0.3561
vn 0.6236 -0.7463 -0.2327
vn 0.2395 0.8082 0.5380
vn -0.0000 0.8508 0.5255
vn 0.3516 0.5310 0.7710
vn 0.0328 0.7512 0.6593
vn -0.0000 0.7763 0.6304
vn 0.0651 0.8399 0.5387
vn -0.0000 0.7763 0.6303
vn -0.0651 0.8399 0.5388
vn -0.2395 0.8082 0.5380
vn -0.0651 0.8399 0.5387
vn -0.0328 0.7512 0.6593
vn -0.3516 0.5310 0.7710
vn -0.4820 0.3734 0.7926
vn -0.0329 0.5965 0.8019
vn -0.4820 0.3733 0.7926
vn -0.2800 0.0206 0.9598
vn -0.0000 0.4182 0.9083
vn -0.0000 0.4182 0.9084
vn -0.6068 0.2442 0.7564
vn -0.0000 -0.3949 0.9187
vn -0.4293 -0.7532 0.4984
vn -0.0000 -0.3948 0.9188
vn -0.2801 0.0206 0.9598
vn -0.7081 -0.0684 0.7028
vn -0.5362 -0.8439 -0.0203
vn -0.5362 -0.8439 -0.0204
vn -0.0000 -0.9985 0.0552
vn -0.0000 -0.3948 0.9187
vn -0.0000 -0.9985 0.0551
vn 0.4293 -0.7532 0.4984
vn -0.0000 -0.9581 -0.2863
vn 0.5362 -0.8439 -0.0203
vn 0.5362 -0.8439 -0.0204
vn 0.7081 -0.0684 0.7028
vn 0.2800 0.0206 0.9598
vn 0.6068 0.2442 0.7564
vn 0.2801 0.0206 0.9598
vn 0.0329 0.5965 0.8019
vn 0.4820 0.3734 0.7926
vn 0.4820 0.3733 0.7926
vn 0.7617 -0.2779 0.5852
vn 0.4419 -0.8749 -0.1980
vn 0.4419 -0.8749 -0.1981
vn -0.0000 -0.9485 -0.3167
vn 0.6236 -0.7462 -0.2328
vn -0.0000 -0.9541 -0.2995
vn 0.6236 -0.7463 -0.2328
vn -0.4419 -0.8749 -0.1980
vn -0.4419 -0.8749 -0.1981
vn -0.6236 -0.7462 -0.2328
vn -0.8888 -0.4510 0.0821
vn -0.6236 -0.7463 -0.2328
vn -0.7617 -0.2779 0.5852
vn -0.6237 -0.7462 -0.2327
vn 0.8293 -0.3564 -0.4304
vn 0.8293 -0.3565 -0.4304
vn 0.6627 -0.6589 -0.3561
vn 0.7534 0.5653 -0.3360
vn 0.8293 -0.3565 -0.4303
vn 0.1615 0.9118 -0.3776
vn 0.2275 0.6861 -0.6910
vn -0.3749 0.6533 -0.6578
vn 0.1615 0.9118 -0.3775
vn 0.1616 0.9118 -0.3776
vn -0.4272 0.8612 -0.2754
vn -0.3749 0.6533 -0.6577
vn -0.3749 0.6534 -0.6577
vn -0.5966 0.5892 -0.5449
vn -0.4273 0.8612 -0.2754
vn -0.8687 0.4819 -0.1148
vn 0.0212 0.7064 0.7075
vn -0.5966 0.5891 -0.5449
vn -0.8687 0.4819 -0.1149
vn -0.8300 -0.1073 0.5473
vn -0.2796 -0.2392 0.9299
vn 0.0212 0.7063 0.7076
vn 0.3718 -0.2776 0.8858
vn 0.0212 0.7063 0.7075
vn -0.2795 -0.2391 0.9299
vn -0.2796 -0.2391 0.9299
vn -0.8301 -0.1072 0.5473
vn 0.3630 -0.8038 -0.4712
vn 0.8043 0.1266 0.5806
vn 0.7723 0.6345 0.0321
vn 0.7722 0.6345 0.0321
vn 0.7723 0.6345 0.0322
vn 0.7128 -0.4321 0.5525
vn 0.9993 0.0269 -0.0278
vn 0.8043 0.1266 0.5805
vn 0.9992 0.0269 -0.0279
vn 0.3718 -0.2775 0.8858
vn 0.4170 -0.6405 0.6448
vn 0.0410 -0.6399 0.7674
vn 0.3719 -0.2776 0.8858
vn 0.0409 -0.6399 0.7674
vn -0.6479 -0.5366 0.5407
vn -0.6479 -0.5365 0.5407
vn -0.9670 -0.1791 0.1809
vn -0.8300 -0.1072 0.5473
vn -0.9670 -0.1792 0.1810
vn -0.9670 -0.1792 0.1809
vn -0.9307 0.2579 -0.2593
vn -0.9308 0.2579 -0.2592
vn -0.9307 0.2579 -0.2592
vn 0.9992 0.0269 -0.0278
vn 0.7965 0.4258 -0.4293
vn 0.2274 0.6861 -0.6911
vn -0.7813 0.2291 0.5806
vn -0.6841 0.7287 0.0321
vn -0.9875 0.1554 -0.0279
vn -0.6841 0.7286 0.0321
vn -0.7813 0.2292 0.5806
vn 0.0699 0.7032 0.7075
vn -0.9875 0.1554 -0.0278
vn -0.0685 0.9329 -0.3535
vn -0.7350 0.5248 -0.4293
vn -0.0685 0.9329 -0.3534
vn -0.7625 -0.3367 0.5525
vn -0.7813 0.2292 0.5805
vn -0.4960 -0.5815 0.6448
vn -0.4045 -0.2273 0.8858
vn -0.1230 -0.6293 0.7674
vn -0.4045 -0.2274 0.8858
vn 0.2464 -0.2731 0.9299
vn 0.5734 -0.6155 0.5407
vn 0.2464 -0.2732 0.9299
vn 0.8093 -0.2132 0.5473
vn 0.2465 -0.2732 0.9299
vn 0.0699 0.7032 0.7076
vn 0.9235 0.3660 -0.1149
vn 0.8094 -0.2132 0.5473
vn 0.9359 -0.3022 0.1809
vn 0.0700 0.7032 0.7075
vn -0.4635 -0.7504 -0.4712
vn 0.9359 -0.3022 0.1810
vn 0.9562 0.1359 -0.2593
vn 0.9235 0.3660 -0.1148
vn 0.9562 0.1359 -0.2592
vn 0.6675 0.5074 -0.5449
vn 0.5402 0.5595 -0.6286
vn 0.5298 0.7819 -0.3287
vn 0.5297 0.7819 -0.3287
vn 0.3806 0.6619 -0.6458
vn -0.0685 0.9330 -0.3534
vn -0.2026 0.7059 -0.6788
vn -0.2026 0.7059 -0.6787
vn -0.2026 0.7058 -0.6788
vn -0.5973 -0.8018 0.0173
vn -0.6322 -0.7736 -0.0426
vn 0.0050 -0.9767 -0.2145
vn -0.5973 -0.8019 0.0174
vn -0.8549 -0.5188 0.0056
vn -0.5972 -0.8019 0.0174
vn -0.9571 -0.1848 0.2230
vn -0.9969 -0.0061 0.0783
vn -0.9869 -0.1104 0.1179
vn -0.8337 -0.3238 0.4472
vn -0.4497 -0.8931 0.0145
vn -0.8337 -0.3238 0.4473
vn -0.7635 -0.3893 0.5153
vn -0.4496 -0.8931 0.0146
vn -0.5693 -0.7947 0.2107
vn -0.7140 -0.4283 0.5538
vn -0.2860 -0.9571 -0.0462
vn -0.0324 -0.9406 -0.3380
vn -0.0323 -0.9406 -0.3380
vn -0.7140 -0.4282 0.5538
vn -0.0103 -0.9463 -0.3230
vn 0.0095 -0.9486 -0.3162
vn -0.4858 -0.7633 0.4259
vn -0.4859 -0.7632 0.4259
vn -0.7141 -0.4282 0.5538
vn -0.2252 -0.9637 0.1434
vn -0.2252 -0.9637 0.1433
vn -0.4705 -0.4669 0.7488
vn -0.5800 -0.4488 0.6799
vn -0.4859 -0.7633 0.4259
vn -0.2655 -0.5969 0.7571
vn -0.4705 -0.4669 0.7487
vn -0.1224 -0.9165 0.3809
vn -0.2251 -0.9637 0.1434
vn -0.0000 -0.6462 0.7632
vn -0.0084 -0.9462 -0.3235
vn -0.0000 -0.9994 0.0359
vn -0.0083 -0.9462 -0.3235
vn -0.1223 -0.9165 0.3809
vn 0.1224 -0.9165 0.3809
vn 0.0083 -0.9462 -0.3235
vn 0.1223 -0.9165 0.3809
vn -0.0000 -0.9422 -0.3350
vn -0.0083 -0.9460 -0.3241
vn 0.0084 -0.9462 -0.3235
vn 0.2251 -0.9637 0.1434
vn 0.0175 -0.9308 -0.3650
vn 0.2252 -0.9637 0.1434
vn -0.0095 -0.9486 -0.3162
vn 0.2860 -0.9571 -0.0462
vn 0.4858 -0.7633 0.4259
vn 0.4859 -0.7632 0.4259
vn 0.0103 -0.9463 -0.3230
vn 0.0324 -0.9406 -0.3380
vn 0.4496 -0.8931 0.0146
vn 0.5693 -0.7947 0.2107
vn 0.0323 -0.9406 -0.3380
vn 0.0057 -0.9447 -0.3278
vn 0.4497 -0.8931 0.0145
vn 0.0524 -0.9157 -0.3985
vn 0.4497 -0.8931 0.0146
vn -0.0051 -0.9767 -0.2145
vn 0.5973 -0.8019 0.0174
vn 0.6322 -0.7736 -0.0426
vn -0.0050 -0.9767 -0.2145
vn 0.5972 -0.8019 0.0174
vn 0.6907 -0.7224 -0.0318
vn 0.9275 -0.2519 0.2763
vn -0.9969 0.0061 -0.0783
vn 0.9969 -0.0061 0.0783
vn 0.9721 -0.1843 0.1454
vn 0.8337 -0.3238 0.4473
vn 0.5973 -0.8018 0.0174
vn 0.7635 -0.3893 0.5153
vn 0.7140 -0.4283 0.5538
vn 0.7141 -0.4282 0.5538
vn 0.7140 -0.4282 0.5538
vn 0.5800 -0.4488 0.6799
vn 0.4859 -0.7633 0.4259
vn 0.4705 -0.4669 0.7488
vn 0.2655 -0.5969 0.7571
vn 0.2252 -0.9637 0.1433
vn -0.0175 -0.9308 -0.3650
vn -0.0057 -0.9447 -0.3278
vn -0.0525 -0.9157 -0.3984
vn -0.0524 -0.9157 -0.3985
vn 0.0051 -0.9767 -0.2145
vn -0.3611 0.0276 -0.9321
vn -0.3845 0.3954 -0.8342
vn -0.3849 0.3951 -0.8341
vn -0.3852 0.3949 -0.8341
vn 0.0394 0.8751 0.4823
vn -0.5287 0.5401 0.6548
vn 0.3143 -0.4591 0.8310
vn -0.0663 -0.4494 0.8909
vn 0.3698 -0.4218 0.8278
vn 0.4191 -0.2307 0.8782
vn 0.0393 0.8751 0.4824
vn -0.0390 -0.8748 -0.4828
vn -0.0389 -0.8748 -0.4829
vn -0.0390 -0.8748 -0.4829
vn -0.0631 -0.3843 0.9210
vn -0.5860 -0.3323 0.7391
vn -0.8813 -0.1881 0.4336
vn -0.5859 -0.3323 0.7391
vn -0.7382 0.2774 0.6150
vn -0.8705 -0.1786 0.4585
vn 0.8982 0.1046 0.4269
vn 0.9871 -0.0623 0.1476
vn 0.8584 0.4905 -0.1499
vn 0.8423 0.4791 -0.2470
vn 0.8585 0.4905 -0.1499
vn 0.7133 -0.5680 0.4105
vn 0.6908 -0.6402 0.3361
vn 0.1819 -0.9827 0.0343
vn 0.7133 -0.5680 0.4106
vn 0.1819 -0.9827 0.0344
vn -0.1855 -0.8497 0.4935
vn 0.1603 0.0387 0.9863
vn 0.2420 0.4405 0.8645
vn 0.1604 0.0387 0.9863
vn -0.4092 0.0258 0.9121
vn -0.3942 0.4874 0.7792
vn -0.3942 0.4874 0.7791
vn -0.8357 -0.0354 0.5480
vn -0.8357 -0.0354 0.5481
vn -0.9415 -0.0444 -0.3342
vn -0.8604 0.3375 0.3819
vn -0.8604 0.3376 0.3819
vn -0.8371 -0.5203 -0.1693
vn -0.8370 -0.5203 -0.1693
vn -0.8370 -0.5203 -0.1692
vn -0.1855 -0.8498 0.4935
vn -0.7133 0.3298 -0.6184
vn -0.8044 -0.1902 -0.5628
vn -0.9415 -0.0444 -0.3341
vn -0.7263 0.6659 0.1706
vn -0.9415 -0.0443 -0.3342
vn -0.7133 0.3297 -0.6184
vn -0.3554 0.7613 0.5423
vn 0.0839 0.8517 -0.5172
vn -0.7263 0.6659 0.1705
vn -0.3553 0.7613 0.5423
vn -0.3553 0.7614 0.5423
vn -0.3554 0.7614 0.5423
vn -0.8604 0.3376 0.3818
vn 0.0839 0.8517 -0.5173
vn 0.3113 0.6851 0.6586
vn 0.0099 -0.9920 -0.1262
vn 0.3886 0.5261 -0.7565
vn 0.8585 0.4904 -0.1499
vn 0.3885 0.5260 -0.7565
vn -0.3018 0.3812 -0.8739
vn -0.3018 0.3812 -0.8738
vn -0.3017 0.3812 -0.8739
vn 0.3885 0.5261 -0.7565
vn -0.3017 0.3813 -0.8738
vn 0.3113 0.6850 0.6587
vn 0.3113 0.6851 0.6587
vn 0.3112 0.6851 0.6586
vn -0.4805 -0.8461 -0.2306
vn -0.4806 -0.8461 -0.2306
vn -0.7042 0.2908 -0.6477
vn -0.8809 -0.1783 -0.4385
vn -0.5315 -0.3492 -0.7717
vn -0.6615 0.2226 0.7162
vn -0.0100 0.8975 0.4410
vn -0.7527 -0.1200 0.6473
vn 0.6882 -0.6336 0.3535
vn -0.5316 -0.3493 -0.7717
vn -0.7042 0.2907 -0.6477
vn -0.9696 -0.1008 0.2229
vn -0.9419 0.1343 -0.3080
vn -0.7041 0.2908 -0.6478
vn -0.9405 0.1987 -0.2756
vn -0.6615 0.2226 0.7161
vn 0.7535 -0.3232 0.5726
vn 0.6885 -0.6335 0.3531
vn 0.7617 -0.3145 0.5665
vn -0.9696 -0.1008 0.2230
vn -0.7747 -0.2536 0.5793
vn 0.6881 -0.6336 0.3535
vn 0.7534 -0.3232 0.5726
vn 0.7451 -0.3318 0.5786
vn -0.0103 0.8974 0.4410
vn -0.6568 0.6642 0.3569
vn -0.9999 0.0043 0.0133
vn -0.8998 -0.1169 0.4203
vn -0.1354 0.0757 0.9879
vn 0.0293 -0.8693 -0.4935
vn 0.9229 -0.3522 -0.1557
vn -0.5416 -0.3558 0.7616
vn -0.1354 0.0758 0.9879
vn -0.9999 0.0043 0.0132
vn -0.5416 -0.3559 0.7616
vn -0.1574 -0.4100 0.8984
vn 0.9229 -0.3522 -0.1558
vn 0.9992 -0.0222 0.0335
vn 0.9991 -0.0238 0.0349
vn 0.9991 -0.0238 0.0350
vn 0.9990 -0.0254 0.0364
vn 0.9991 -0.0239 0.0350
vn -0.1355 0.0758 0.9879
vn -0.0230 0.8772 0.4796
vn -0.1355 0.0757 0.9879
vn -0.6546 0.3088 -0.6900
vn -0.9127 0.1859 -0.3639
vn -0.6527 0.3084 -0.6920
vn -0.0477 -0.9316 -0.3603
vn -0.0495 -0.9317 -0.3598
vn -0.1182 -0.9418 -0.3147
vn -0.0494 -0.9317 -0.3599
vn -0.9127 0.1858 -0.3639
vn -0.6533 -0.7381 0.1685
vn -0.9973 0.0575 -0.0450
vn -0.6526 0.3084 -0.6921
vn -0.9973 0.0575 -0.0451
vn -0.8339 -0.1908 0.5179
vn -0.4549 -0.8895 -0.0422
vn 0.9838 -0.0758 0.1626
vn 0.9107 -0.1624 0.3798
vn 0.8339 0.1908 -0.5179
vn 0.9107 -0.1625 0.3798
vn 0.7065 -0.2675 0.6553
vn 0.9838 -0.0757 0.1626
vn 0.9107 -0.1625 0.3797
vn 0.7064 -0.2675 0.6553
vn 0.7125 -0.2686 0.6483
vn -0.0512 -0.9318 -0.3594
vn -0.4549 -0.8896 -0.0422
vn -0.0513 -0.9318 -0.3594
vn 0.9187 0.1091 -0.3795
vn 0.9613 0.1064 -0.2543
vn -0.0073 -0.9269 -0.3751
vn 0.3668 -0.7576 -0.5399
vn -0.0075 -0.9278 -0.3731
vn -0.0075 -0.9278 -0.3730
vn -0.0078 -0.9286 -0.3710
vn -0.9945 -0.0354 0.0982
vn -0.9948 -0.0354 0.0952
vn 0.9926 0.0355 -0.1165
vn 0.7560 -0.2212 0.6160
vn 0.5532 -0.2901 0.7809
vn -0.9926 -0.0355 0.1165
vn 0.2029 -0.3382 0.9189
vn 0.8601 0.1098 -0.4981
vn 0.6310 -0.5726 -0.5234
vn 0.2160 -0.3491 0.9118
vn -0.7126 -0.5671 0.4131
vn -0.1820 -0.9827 0.0351
vn 0.1855 -0.8498 0.4934
vn -0.7126 -0.5671 0.4130
vn -0.1603 0.0385 0.9863
vn -0.7127 -0.5670 0.4130
vn -0.1604 0.0385 0.9863
vn -0.8975 0.1040 0.4285
vn -0.6903 -0.6396 0.3382
vn -0.9864 -0.0612 0.1526
vn -0.7126 -0.5670 0.4130
vn -0.8902 0.4548 0.0262
vn -0.2432 0.4393 0.8648
vn -0.3128 0.6834 0.6597
vn -0.2433 0.4394 0.8648
vn -0.2433 0.4393 0.8648
vn -0.3129 0.6834 0.6597
vn -0.3129 0.6833 0.6597
vn -0.8902 0.4548 0.0263
vn -0.0090 -0.9918 -0.1278
vn -0.3128 0.6834 0.6596
vn -0.1380 0.8334 -0.5352
vn -0.3129 0.6834 0.6596
vn 0.3546 0.7616 0.5424
vn 0.3939 0.4874 0.7793
vn 0.3545 0.7616 0.5424
vn 0.3546 0.7616 0.5425
vn 0.7247 0.6676 0.1707
vn 0.7247 0.6676 0.1708
vn 0.3545 0.7616 0.5425
vn 0.9409 -0.0438 -0.3359
vn 0.7100 0.3312 -0.6214
vn 0.8596 0.3389 0.3825
vn 0.9409 -0.0437 -0.3359
vn 0.7247 0.6675 0.1707
vn 0.8595 0.3389 0.3825
vn 0.8357 -0.0351 0.5481
vn 0.8357 -0.0351 0.5480
vn 0.8358 -0.5215 -0.1717
vn 0.8357 -0.0352 0.5480
vn 0.4094 0.0258 0.9120
vn 0.1855 -0.8497 0.4935
vn 0.1856 -0.8498 0.4934
vn 0.4094 0.0259 0.9120
vn 0.8357 -0.0352 0.5481
vn 0.4793 -0.8463 -0.2325
vn 0.4792 -0.8463 -0.2326
vn 0.8012 -0.1913 -0.5670
vn 0.8358 -0.5215 -0.1716
vn 0.1855 -0.8498 0.4935
vn 0.2976 0.3812 -0.8753
vn 0.7101 0.3312 -0.6214
vn -0.3296 0.4188 -0.8462
vn -0.3295 0.4188 -0.8462
vn -0.7822 0.4487 -0.4321
vn -0.1380 0.8334 -0.5351
vn -0.7822 0.4487 -0.4322
vn 0.4467 0.8925 0.0625
vn 0.6152 0.7841 -0.0819
vn 0.8528 0.2148 -0.4760
vn 0.4468 0.8925 0.0625
vn 0.0335 0.9354 0.3520
vn 0.0334 0.9354 0.3520
vn 0.0181 0.9396 0.3419
vn -0.7960 -0.2226 0.5629
vn -0.8429 -0.2307 0.4860
vn -0.9905 0.0360 -0.1331
vn -0.7960 -0.2226 0.5628
vn -0.7426 -0.2128 0.6351
vn -0.6051 0.2721 -0.7482
vn -0.8888 0.1362 -0.4376
vn -0.8527 0.1604 -0.4972
vn -0.8530 0.1671 -0.4945
vn -0.8702 -0.2174 0.4422
vn -0.9594 0.0663 -0.2741
vn 0.8702 0.2174 -0.4422
vn -0.9594 0.0662 -0.2741
vn 0.5860 -0.3323 0.7391
vn 0.0631 -0.3843 0.9210
vn -0.3698 -0.4218 0.8278
vn 0.0663 -0.4494 0.8909
vn 0.8813 -0.1881 0.4336
vn 0.0390 -0.8748 -0.4828
vn 0.3611 0.0276 -0.9321
vn 0.5287 0.5401 0.6548
vn -0.0393 0.8751 0.4824
vn -0.4191 -0.2307 0.8781
vn 0.0390 -0.8748 -0.4829
vn 0.0389 -0.8748 -0.4829
vn -0.3143 -0.4591 0.8310
vn -0.0394 0.8751 0.4823
vn 0.3852 0.3949 -0.8341
vn 0.3845 0.3954 -0.8342
vn 0.3849 0.3951 -0.8341
vn 0.3848 0.3952 -0.8341
vn 0.5859 -0.3323 0.7391
vn 0.8705 -0.1786 0.4585
vn 0.7382 0.2774 0.6150
vn 0.0751 -0.3840 0.9203
vn -0.3642 -0.3422 0.8662
vn -0.3261 -0.3321 0.8851
vn -0.0860 -0.9086 -0.4086
vn -0.0670 -0.9207 -0.3844
vn -0.2862 -0.5363 -0.7940
vn -0.0480 -0.9318 -0.3598
vn 0.2062 0.3486 -0.9143
vn -0.1483 0.3629 -0.9200
vn 0.2458 0.3629 -0.8988
vn -0.1667 -0.0247 -0.9857
vn -0.4053 0.3305 -0.8523
vn 0.9016 -0.1967 0.3854
vn 0.9086 -0.1779 0.3779
vn -0.9086 0.1779 -0.3779
vn -0.1666 -0.0247 -0.9857
vn 0.9015 -0.1967 0.3854
vn 0.4164 -0.3722 0.8295
vn 0.0750 -0.3840 0.9203
vn 0.3466 -0.3832 0.8562
vn -0.6882 -0.6336 0.3535
vn -0.7535 -0.3232 0.5726
vn -0.7617 -0.3145 0.5665
vn -0.7534 -0.3232 0.5726
vn -0.7451 -0.3318 0.5786
vn 0.0103 0.8974 0.4410
vn 0.6615 0.2226 0.7161
vn 0.5316 -0.3493 -0.7716
vn 0.8809 -0.1783 -0.4384
vn 0.7043 0.2907 -0.6477
vn 0.7528 -0.1200 0.6472
vn 0.0100 0.8975 0.4409
vn 0.6615 0.2226 0.7162
vn -0.6881 -0.6337 0.3535
vn 0.9419 0.1343 -0.3079
vn 0.9696 -0.1008 0.2229
vn 0.9696 -0.1007 0.2230
vn 0.9405 0.1987 -0.2755
vn 0.9419 0.1343 -0.3080
vn 0.9696 -0.1008 0.2230
vn 0.7747 -0.2536 0.5793
vn -0.9104 -0.1583 0.3822
vn -0.9839 -0.0714 0.1641
vn -0.7057 -0.2642 0.6574
vn -0.7058 -0.2642 0.6574
vn -0.7108 -0.2651 0.6515
vn 0.0627 -0.9340 -0.3518
vn 0.0605 -0.9339 -0.3524
vn 0.4606 -0.8869 -0.0347
vn 0.6525 0.3079 -0.6924
vn 0.6516 0.3077 -0.6933
vn 0.9126 0.1848 -0.3646
vn 0.6517 0.3077 -0.6932
vn 0.6136 -0.7791 0.1283
vn 0.4606 -0.8869 -0.0346
vn 0.6136 -0.7791 0.1284
vn 0.9975 0.0559 -0.0438
vn 0.8587 -0.1978 -0.4727
vn -0.8340 0.1944 -0.5165
vn 0.8340 -0.1944 0.5165
vn -0.8609 -0.4832 0.1592
vn -0.9051 -0.1821 0.3843
vn -0.9162 -0.1612 0.3669
vn -0.9162 -0.1611 0.3669
vn -0.9266 -0.1401 0.3491
vn 0.6026 -0.3476 0.7184
vn 0.5385 0.1427 0.8305
vn 0.6104 -0.3361 0.7172
vn 0.5923 -0.2069 0.7787
vn 0.7675 0.2819 -0.5758
vn 0.7682 0.3534 -0.5339
vn 0.7415 0.3098 -0.5952
vn 0.5579 0.8298 -0.0131
vn 0.7675 0.2818 -0.5758
vn -0.0668 -0.8847 -0.4613
vn -0.8609 -0.4832 0.1591
vn 0.0624 0.8866 0.4583
vn 0.5385 0.1428 0.8304
vn 0.5579 0.8298 -0.0130
vn 0.0624 0.8866 0.4582
vn 0.9739 0.1600 -0.1612
vn -0.9236 -0.3507 -0.1550
vn -0.9990 -0.0254 0.0364
vn -0.9991 -0.0238 0.0350
vn -0.9991 -0.0239 0.0350
vn -0.9991 -0.0238 0.0349
vn -0.9992 -0.0222 0.0335
vn 0.5860 -0.3420 0.7346
vn 0.1616 0.0772 0.9838
vn 0.1821 -0.4081 0.8946
vn 0.9273 -0.1094 0.3579
vn 0.1615 0.0772 0.9838
vn 0.9975 0.0151 -0.0684
vn 0.9273 -0.1093 0.3579
vn 0.9992 -0.0278 -0.0291
vn 0.9300 -0.1725 0.3246
vn -0.0409 -0.8689 -0.4932
vn 0.0340 0.8771 0.4790
vn 0.0350 0.8760 0.4810
vn 0.7930 -0.1550 0.5892
vn 0.0350 0.8760 0.4811
vn -0.9189 0.1130 -0.3781
vn -0.9612 0.1105 -0.2526
vn -0.6335 -0.5701 -0.5231
vn -0.8604 0.1135 -0.4968
vn -0.5467 -0.2900 0.7855
vn -0.1939 -0.3378 0.9210
vn -0.2065 -0.3483 0.9144
vn -0.7527 -0.2205 0.6204
vn 0.9945 -0.0373 0.0975
vn 0.9926 -0.0374 0.1157
vn -0.5468 -0.2900 0.7855
vn -0.7526 -0.2210 0.6202
vn -0.9926 0.0374 -0.1157
vn 0.9948 -0.0373 0.0944
vn 0.9945 -0.0373 0.0974
vn 0.0050 -0.9285 -0.3713
vn -0.3695 -0.7561 -0.5401
vn 0.0047 -0.9276 -0.3735
vn 0.0043 -0.9266 -0.3760
vn 0.0046 -0.9276 -0.3737
vn 0.0047 -0.9276 -0.3736
vn 0.0046 -0.9276 -0.3736
vn -0.7675 0.2819 -0.5758
vn -0.7045 0.6405 -0.3056
vn -0.7921 0.2534 -0.5553
vn -0.7675 0.2818 -0.5758
vn -0.6842 0.6807 -0.2619
vn -0.7415 0.3098 -0.5952
vn -0.2194 -0.4130 0.8839
vn -0.5386 0.1432 0.8303
vn -0.6110 -0.3533 0.7084
vn 0.0633 -0.8837 -0.4638
vn 0.1411 0.2707 0.9523
vn 0.5201 0.5971 0.6107
vn -0.9173 0.2946 0.2679
vn -0.9173 0.2947 0.2677
vn -0.0633 0.8837 0.4638
vn -0.7987 0.2569 0.5442
vn 0.0149 0.1372 0.9904
vn 0.8055 -0.1910 0.5609
vn 0.4487 -0.3256 0.8323
vn -0.2194 -0.4129 0.8840
vn 0.6796 0.2284 0.6971
vn 0.7960 -0.2262 0.5615
vn 0.7426 -0.2161 0.6339
vn 0.9894 0.0342 -0.1415
vn 0.8428 -0.2344 0.4845
vn 0.9894 0.0342 -0.1414
vn 0.8463 0.1603 -0.5081
vn 0.8834 0.1358 -0.4485
vn 0.5939 0.2721 -0.7571
vn 0.9568 0.0653 -0.2835
vn 0.8834 0.1359 -0.4485
vn 0.8463 0.1604 -0.5081
vn 0.9568 0.0654 -0.2835
vn 0.8699 -0.2211 0.4408
vn -0.8528 0.2185 -0.4743
vn -0.4474 0.8922 0.0623
vn -0.8699 0.2211 -0.4408
vn -0.6147 0.7846 -0.0811
vn -0.4473 0.8922 0.0621
vn -0.0355 0.9358 0.3508
vn -0.0206 0.9401 0.3404
vn -0.4473 0.8922 0.0622
vn -0.0356 0.9358 0.3508
vn -0.9860 0.0167 -0.1659
vn -0.4438 0.2359 -0.8645
vn -0.6794 -0.2556 -0.6878
vn -0.1255 -0.4766 -0.8701
vn -0.2514 -0.4745 -0.8436
vn 0.0670 -0.9207 -0.3844
vn -0.0434 -0.6869 -0.7255
vn 0.6308 -0.5594 -0.5377
vn -0.2514 -0.4746 -0.8436
vn -0.1360 -0.3769 0.9162
vn -0.9748 0.0387 -0.2197
vn 0.9080 0.1936 -0.3716
vn 0.2462 -0.3777 0.8926
vn 0.3642 -0.3422 0.8662
vn 0.3261 -0.3321 0.8851
vn -0.1360 -0.3770 0.9162
vn 0.6749 0.7182 0.1693
vn -0.0847 0.9542 0.2870
vn 0.5584 0.4284 0.7104
vn 0.6750 0.7182 0.1693
vn 0.1598 0.9733 -0.1648
vn -0.6566 0.7261 -0.2041
vn -0.7291 0.6589 0.1854
vn -0.0847 0.9542 0.2869
vn -0.6136 0.4429 0.6537
vn -0.0333 0.6243 0.7805
vn 0.0241 -0.1070 0.9940
vn 0.9793 -0.0386 0.1988
vn 0.7139 -0.1874 0.6747
vn 0.6749 0.7182 0.1694
vn 0.7139 -0.1873 0.6747
vn 0.0242 -0.1070 0.9940
vn 0.6015 -0.7918 0.1059
vn 0.3835 -0.7721 0.5067
vn 0.6015 -0.7918 0.1058
vn 0.9696 -0.1248 -0.2105
vn 0.5162 -0.8464 -0.1308
vn 0.9696 -0.1249 -0.2105
vn -0.3563 -0.9332 0.0458
vn 0.5162 -0.8464 -0.1307
vn -0.4080 -0.8517 0.3289
vn -0.4080 -0.8517 0.3288
vn -0.3563 -0.9333 0.0458
vn -0.9815 -0.1141 0.1535
vn -0.6319 -0.1964 0.7498
vn -0.9815 -0.1140 0.1535
vn -0.1301 -0.7057 0.6964
vn 0.3834 -0.7721 0.5068
vn -0.6319 -0.1963 0.7498
vn -0.1301 -0.7058 0.6964
vn 0.0241 -0.1069 0.9940
vn -0.5425 -0.8228 -0.1693
vn -0.9410 -0.0497 -0.3348
vn -0.5426 -0.8228 -0.1693
vn -0.7989 0.5567 -0.2277
vn -0.9499 -0.2425 -0.1972
vn -0.7456 0.6610 0.0846
vn -0.3834 -0.8505 -0.3602
vn -0.5289 -0.8386 -0.1301
vn -0.3834 -0.8504 -0.3602
vn -0.9613 -0.2709 0.0499
vn -0.5290 -0.8386 -0.1301
vn -0.9499 -0.2425 -0.1971
vn -0.8587 0.3842 -0.3392
vn -0.9203 -0.1429 -0.3642
vn -0.8587 0.3842 -0.3391
vn -0.6017 -0.7410 -0.2982
vn -0.3992 -0.8961 0.1942
vn -0.3992 -0.8960 0.1943
vn -0.3326 -0.9314 0.1477
vn -0.5290 -0.8386 -0.1300
vn 0.2289 -0.9388 0.2575
vn 0.2569 -0.9491 -0.1821
vn -0.3326 -0.9314 0.1478
vn 0.3176 -0.9035 -0.2877
vn 0.8924 -0.4009 -0.2073
vn 0.9292 -0.3406 0.1434
vn 0.8924 -0.4009 -0.2072
vn 0.8267 0.5540 -0.0982
vn 0.8949 -0.0267 -0.4454
vn 0.7563 0.6497 0.0763
vn 0.9292 -0.3406 0.1433
vn 0.7563 0.6498 0.0762
vn 0.2289 -0.9388 0.2576
vn 0.3490 -0.9177 0.1897
vn 0.6631 -0.7206 -0.2027
vn 0.8949 -0.0266 -0.4454
vn 0.6631 -0.7205 -0.2028
vn 0.2242 -0.5257 -0.8206
vn -0.0353 -0.0586 -0.9977
vn 0.8950 -0.0266 -0.4454
vn 0.7958 0.3683 -0.4808
vn 0.2242 -0.5258 -0.8205
vn 0.6631 -0.7206 -0.2028
vn -0.0044 0.6305 -0.7762
vn 0.7958 0.3683 -0.4807
vn 0.5472 0.8054 -0.2277
vn 0.7563 0.6497 0.0762
vn 0.3755 0.9182 0.1260
vn -0.0047 0.9796 -0.2008
vn 0.3755 0.9182 0.1259
vn 0.5472 0.8055 -0.2277
vn -0.3740 0.9194 0.1220
vn -0.0041 0.9887 0.1501
vn -0.0041 0.9887 0.1502
vn -0.5441 0.8078 -0.2268
vn -0.3740 0.9194 0.1219
vn -0.5441 0.8078 -0.2267
vn -0.0004 0.9681 0.2506
vn -0.0460 0.9953 -0.0856
vn 0.1598 0.9733 -0.1649
vn 0.8267 0.5541 -0.0982
vn -0.0460 0.9953 -0.0857
vn -0.8587 0.3841 -0.3392
vn -0.0353 -0.0585 -0.9977
vn -0.6017 -0.7410 -0.2981
vn 0.2243 -0.5257 -0.8206
vn 0.6324 -0.0730 0.7712
vn -0.9203 -0.1430 -0.3642
vn 0.3490 -0.9177 0.1896
vn 0.8172 0.5458 -0.1852
vn 0.8172 0.5458 -0.1853
vn 0.9793 -0.0387 0.1988
vn 0.5163 -0.8464 -0.1308
vn 0.3176 -0.9035 -0.2876
vn 0.0041 0.9887 0.1502
vn 0.0047 0.9796 -0.2008
vn -0.3755 0.9182 0.1260
vn 0.0041 0.9887 0.1501
vn 0.0004 0.9681 0.2506
vn 0.3740 0.9194 0.1220
vn -0.5472 0.8054 -0.2277
vn 0.0044 0.6305 -0.7762
vn -0.5472 0.8055 -0.2277
vn 0.5441 0.8078 -0.2268
vn 0.3740 0.9194 0.1219
vn 0.7456 0.6610 0.0846
vn 0.8587 0.3842 -0.3392
vn 0.8587 0.3842 -0.3391
vn 0.5441 0.8078 -0.2267
vn 0.7456 0.6610 0.0845
vn 0.7989 0.5567 -0.2277
vn 0.9499 -0.2425 -0.1971
vn 0.0460 0.9953 -0.0856
vn 0.9499 -0.2424 -0.1972
vn 0.9613 -0.2709 0.0499
vn 0.0459 0.9953 -0.0856
vn -0.8267 0.5540 -0.0982
vn -0.7563 0.6498 0.0762
vn -0.1599 0.9733 -0.1649
vn 0.0460 0.9953 -0.0857
vn -0.1600 0.9733 -0.1649
vn 0.6566 0.7262 -0.2040
vn 0.7989 0.5567 -0.2276
vn -0.8172 0.5457 -0.1854
vn -0.6752 0.7180 0.1691
vn 0.0845 0.9542 0.2870
vn -0.8172 0.5457 -0.1855
vn -0.6751 0.7181 0.1691
vn 0.0844 0.9542 0.2870
vn -0.5587 0.4282 0.7102
vn 0.0329 0.6243 0.7805
vn -0.5587 0.4282 0.7103
vn 0.6133 0.4430 0.6539
vn 0.7289 0.6590 0.1856
vn 0.9815 -0.1139 0.1538
vn 0.9815 -0.1138 0.1538
vn 0.6133 0.4431 0.6539
vn 0.9815 -0.1139 0.1539
vn 0.6317 -0.1962 0.7500
vn 0.4081 -0.8516 0.3290
vn 0.9411 -0.0496 -0.3346
vn 0.9815 -0.1138 0.1539
vn 0.5426 -0.8228 -0.1691
vn 0.3565 -0.9332 0.0460
vn 0.5427 -0.8227 -0.1691
vn 0.9499 -0.2424 -0.1971
vn -0.3834 -0.7722 0.5066
vn -0.6014 -0.7920 0.1056
vn 0.3565 -0.9332 0.0459
vn 0.1301 -0.7057 0.6965
vn 0.1301 -0.7057 0.6964
vn -0.0244 -0.1070 0.9940
vn -0.3835 -0.7722 0.5066
vn -0.0245 -0.1070 0.9940
vn -0.7141 -0.1875 0.6745
vn -0.5587 0.4283 0.7102
vn -0.9793 -0.0388 0.1985
vn -0.6013 -0.7920 0.1056
vn -0.9695 -0.1250 -0.2107
vn -0.6751 0.7180 0.1691
vn -0.8924 -0.4009 -0.2073
vn -0.6014 -0.7920 0.1057
vn -0.5161 -0.8465 -0.1308
vn -0.5162 -0.8464 -0.1308
vn -0.5161 -0.8464 -0.1308
vn -0.9292 -0.3406 0.1434
vn -0.2569 -0.9491 -0.1821
vn -0.3176 -0.9035 -0.2876
vn -0.5161 -0.8465 -0.1309
vn -0.3176 -0.9035 -0.2877
vn 0.5427 -0.8228 -0.1691
vn 0.3834 -0.8505 -0.3602
vn 0.5427 -0.8227 -0.1692
vn 0.5289 -0.8386 -0.1301
vn 0.5426 -0.8228 -0.1692
vn 0.9499 -0.2425 -0.1972
vn 0.3326 -0.9314 0.1477
vn 0.5290 -0.8386 -0.1300
vn 0.5290 -0.8386 -0.1301
vn -0.2289 -0.9388 0.2575
vn 0.3992 -0.8960 0.1943
vn 0.3326 -0.9314 0.1478
vn 0.6017 -0.7410 -0.2982
vn 0.3992 -0.8961 0.1942
vn -0.3490 -0.9177 0.1897
vn -0.6631 -0.7206 -0.2028
vn 0.6017 -0.7410 -0.2981
vn -0.3490 -0.9177 0.1896
vn -0.6631 -0.7206 -0.2027
vn -0.2289 -0.9388 0.2576
vn -0.9292 -0.3406 0.1433
vn -0.2243 -0.5257 -0.8206
vn -0.8949 -0.0266 -0.4454
vn -0.6631 -0.7205 -0.2028
vn -0.2242 -0.5258 -0.8205
vn -0.6631 -0.7205 -0.2027
vn -0.8949 -0.0267 -0.4454
vn -0.2242 -0.5257 -0.8206
vn 0.0353 -0.0586 -0.9977
vn 0.8587 0.3841 -0.3392
vn -0.7958 0.3683 -0.4807
vn -0.6324 -0.0730 0.7712
vn 0.9203 -0.1429 -0.3642
vn 0.0353 -0.0585 -0.9977
vn -0.8950 -0.0266 -0.4454
vn -0.7958 0.3683 -0.4808
vn -0.7563 0.6497 0.0762
vn 0.9203 -0.1430 -0.3642
vn -0.7563 0.6497 0.0763
vn -0.6013 -0.7920 0.1057
vn -0.3755 0.9182 0.1259
vt 0.728300 0.367300
vt 0.709300 0.316600
vt 0.790800 0.347300
vt 0.768200 0.372700
vt 0.727000 0.422000
vt 0.687800 0.423500
vt 0.689100 0.370100
vt 0.614700 0.348300
vt 0.916900 0.350500
vt 0.979600 0.346000
vt 0.493500 0.350400
vt 0.981600 0.399300
vt 0.428700 0.399300
vt 0.428700 0.350600
vt 0.942800 0.398400
vt 0.981500 0.477900
vt 0.467400 0.398400
vt 0.428600 0.477900
vt 0.470000 0.478100
vt 0.508700 0.396000
vt 0.515000 0.356600
vt 0.428600 0.549100
vt 0.511500 0.466200
vt 0.516500 0.533700
vt 0.475700 0.560700
vt 0.518700 0.558700
vt 0.477600 0.587600
vt 0.428600 0.568900
vt 0.428600 0.568800
vt 0.478500 0.585800
vt 0.475800 0.625400
vt 0.475400 0.702700
vt 0.428600 0.599800
vt 0.516600 0.708900
vt 0.516700 0.638600
vt 0.519300 0.554300
vt 0.563300 0.725700
vt 0.567900 0.688100
vt 0.571300 0.660500
vt 0.563000 0.516600
vt 0.563600 0.515300
vt 0.560600 0.492500
vt 0.616200 0.512700
vt 0.613900 0.488500
vt 0.616900 0.513300
vt 0.651600 0.507500
vt 0.617600 0.702700
vt 0.611300 0.743200
vt 0.646700 0.718900
vt 0.651300 0.510200
vt 0.650200 0.753800
vt 0.680200 0.713300
vt 0.686600 0.477400
vt 0.686400 0.481500
vt 0.650900 0.483700
vt 0.686700 0.457300
vt 0.725300 0.477800
vt 0.725700 0.482700
vt 0.734300 0.713200
vt 0.701700 0.714400
vt 0.701300 0.760500
vt 0.722300 0.759100
vt 0.759600 0.753000
vt 0.762300 0.718200
vt 0.757100 0.508300
vt 0.700500 0.760600
vt 0.701300 0.787500
vt 0.699900 0.787700
vt 0.701300 0.825700
vt 0.720900 0.786700
vt 0.761000 0.782700
vt 0.761400 0.829000
vt 0.719200 0.825900
vt 0.702900 0.851400
vt 0.756700 0.857300
vt 0.818100 0.915500
vt 0.767600 0.915500
vt 0.814100 0.950100
vt 0.799900 0.864200
vt 0.763400 0.950100
vt 0.702300 0.915500
vt 0.762200 0.966300
vt 0.718300 0.966300
vt 0.708800 0.950100
vt 0.702000 0.915500
vt 0.702700 0.851900
vt 0.700500 0.825900
vt 0.688900 0.826200
vt 0.696100 0.950100
vt 0.644600 0.950100
vt 0.640900 0.915500
vt 0.687900 0.966300
vt 0.652500 0.857300
vt 0.689000 0.787000
vt 0.649900 0.829200
vt 0.610300 0.864200
vt 0.648300 0.782600
vt 0.609900 0.833500
vt 0.562700 0.836600
vt 0.607100 0.776400
vt 0.565700 0.876300
vt 0.517000 0.839700
vt 0.561700 0.819100
vt 0.516300 0.787200
vt 0.561700 0.787200
vt 0.516300 0.819100
vt 0.610500 0.819100
vt 0.561500 0.768500
vt 0.468600 0.819100
vt 0.474100 0.779800
vt 0.515700 0.772600
vt 0.473600 0.847600
vt 0.468500 0.893100
vt 0.517200 0.885700
vt 0.539900 0.950100
vt 0.499600 0.915500
vt 0.497100 0.950100
vt 0.465000 0.915500
vt 0.541600 0.915500
vt 0.595600 0.950100
vt 0.591500 0.915500
vt 0.596000 0.966300
vt 0.540500 0.966300
vt 0.598800 0.982400
vt 0.647900 0.982400
vt 0.645400 0.966300
vt 0.683200 0.982400
vt 0.541700 0.982400
vt 0.499600 0.982400
vt 0.465700 0.966300
vt 0.498500 0.966300
vt 0.466400 0.982400
vt 0.428100 0.982400
vt 0.428100 0.966300
vt 0.981600 0.982400
vt 0.981600 0.966300
vt 0.943300 0.982400
vt 0.944000 0.966300
vt 0.910100 0.982400
vt 0.911200 0.966300
vt 0.869200 0.966300
vt 0.867900 0.982400
vt 0.813500 0.966300
vt 0.810600 0.982400
vt 0.759000 0.982400
vt 0.869800 0.950100
vt 0.912500 0.950100
vt 0.910000 0.915500
vt 0.868000 0.915500
vt 0.944700 0.915500
vt 0.893000 0.885700
vt 0.893200 0.839700
vt 0.941700 0.893100
vt 0.844500 0.876300
vt 0.893300 0.788300
vt 0.942200 0.820700
vt 0.893300 0.820700
vt 0.936100 0.779800
vt 0.894500 0.772700
vt 0.936600 0.847600
vt 0.847900 0.820700
vt 0.847500 0.836600
vt 0.847900 0.788300
vt 0.794400 0.820700
vt 0.848700 0.768500
vt 0.802300 0.775900
vt 0.799700 0.833300
vt 0.794400 0.788300
vt 0.847900 0.756100
vt 0.893300 0.756100
vt 0.942200 0.788300
vt 0.942200 0.756100
vt 0.984000 0.788300
vt 0.984000 0.820700
vt 0.984000 0.756100
vt 0.794400 0.756100
vt 0.797800 0.741800
vt 0.846500 0.724800
vt 0.790900 0.698800
vt 0.843300 0.686500
vt 0.791300 0.506200
vt 0.792000 0.507400
vt 0.839300 0.658400
vt 0.846800 0.515200
vt 0.847100 0.513800
vt 0.794000 0.483700
vt 0.756700 0.505900
vt 0.848100 0.493100
vt 0.893100 0.534200
vt 0.898100 0.466400
vt 0.853700 0.447500
vt 0.859800 0.388600
vt 0.803900 0.434900
vt 0.901300 0.396000
vt 0.813400 0.382200
vt 0.761400 0.428200
vt 0.757900 0.483000
vt 0.726100 0.457400
vt 0.823900 0.355100
vt 0.850500 0.356300
vt 0.817100 0.334500
vt 0.850500 0.335200
vt 0.850500 0.290000
vt 0.817100 0.289800
vt 0.795100 0.331600
vt 0.916800 0.289300
vt 0.795100 0.289300
vt 0.916800 0.331600
vt 0.817100 0.260900
vt 0.795100 0.260900
vt 0.916800 0.260900
vt 0.850500 0.260900
vt 0.850500 0.219800
vt 0.817100 0.219800
vt 0.891100 0.219800
vt 0.891100 0.260900
vt 0.916800 0.219800
vt 0.795100 0.219800
vt 0.891100 0.289900
vt 0.891100 0.334600
vt 0.895200 0.356600
vt 0.940100 0.478100
vt 0.981500 0.549100
vt 0.934300 0.560700
vt 0.932500 0.587600
vt 0.891300 0.558800
vt 0.890800 0.555500
vt 0.931600 0.585800
vt 0.981500 0.568800
vt 0.981600 0.599800
vt 0.934800 0.702700
vt 0.934300 0.625400
vt 0.893700 0.708800
vt 0.894100 0.638900
vt 0.981600 0.691800
vt 0.428600 0.691800
vt 0.428600 0.795300
vt 0.981600 0.795300
vt 0.428600 0.871800
vt 0.981600 0.871800
vt 0.981700 0.902600
vt 0.428600 0.902600
vt 0.981600 0.950100
vt 0.981600 0.915500
vt 0.944800 0.950100
vt 0.464900 0.950100
vt 0.428100 0.915500
vt 0.428100 0.950100
vt 0.981500 0.568900
vt 0.722900 0.982400
vt 0.468600 0.787200
vt 0.429300 0.819100
vt 0.516300 0.754500
vt 0.468600 0.754500
vt 0.429300 0.787200
vt 0.610500 0.787200
vt 0.561700 0.754500
vt 0.429300 0.754500
vt 0.610500 0.754500
vt 0.688200 0.759400
vt 0.647400 0.428900
vt 0.595300 0.381300
vt 0.640300 0.374400
vt 0.605100 0.435500
vt 0.585500 0.354800
vt 0.558000 0.335200
vt 0.588300 0.334500
vt 0.558000 0.356200
vt 0.550000 0.388200
vt 0.555600 0.446700
vt 0.558000 0.290000
vt 0.588300 0.289800
vt 0.610600 0.331600
vt 0.518200 0.260900
vt 0.558000 0.260900
vt 0.518200 0.289900
vt 0.518200 0.334600
vt 0.493600 0.331600
vt 0.493600 0.289300
vt 0.610600 0.289300
vt 0.493600 0.260900
vt 0.493600 0.219800
vt 0.610600 0.260900
vt 0.610600 0.219800
vt 0.588300 0.219800
vt 0.588300 0.260900
vt 0.558000 0.219800
vt 0.518200 0.219800
vt 0.249100 0.194800
vt 0.250700 0.179800
vt 0.257800 0.173900
vt 0.258700 0.174000
vt 0.266600 0.173400
vt 0.266000 0.174000
vt 0.273600 0.179700
vt 0.275300 0.194300
vt 0.266100 0.190900
vt 0.268700 0.203000
vt 0.275100 0.203800
vt 0.269300 0.209600
vt 0.275900 0.210400
vt 0.277300 0.217300
vt 0.270400 0.216900
vt 0.279600 0.222600
vt 0.271100 0.228800
vt 0.284800 0.232400
vt 0.285400 0.224900
vt 0.300700 0.222100
vt 0.307200 0.231800
vt 0.308700 0.216600
vt 0.315800 0.222900
vt 0.312000 0.214000
vt 0.319200 0.220500
vt 0.323300 0.217600
vt 0.316200 0.210700
vt 0.323200 0.205400
vt 0.331000 0.212300
vt 0.335400 0.209300
vt 0.326800 0.202600
vt 0.353600 0.196700
vt 0.344700 0.193100
vt 0.354200 0.196400
vt 0.355600 0.205500
vt 0.341300 0.218300
vt 0.337000 0.221000
vt 0.329700 0.225800
vt 0.325400 0.228400
vt 0.321900 0.230600
vt 0.315500 0.237800
vt 0.314900 0.254700
vt 0.287600 0.254600
vt 0.313000 0.280700
vt 0.285800 0.278200
vt 0.243700 0.271500
vt 0.260300 0.251100
vt 0.227600 0.256300
vt 0.248700 0.233800
vt 0.256100 0.218000
vt 0.256500 0.210200
vt 0.256500 0.203400
vt 0.258400 0.191100
vt 0.248900 0.204700
vt 0.247800 0.211900
vt 0.247100 0.220000
vt 0.241000 0.231000
vt 0.227700 0.249700
vt 0.213400 0.257600
vt 0.214000 0.252800
vt 0.188500 0.257500
vt 0.188500 0.252300
vt 0.143700 0.250400
vt 0.143800 0.257300
vt 0.119300 0.259100
vt 0.119700 0.252900
vt 0.095100 0.252600
vt 0.095900 0.246400
vt 0.047800 0.252300
vt 0.047900 0.247100
vt 0.026500 0.245100
vt 0.026500 0.249100
vt 0.026500 0.268800
vt 0.046800 0.273000
vt 0.091300 0.274800
vt 0.118100 0.278700
vt 0.143400 0.279600
vt 0.188300 0.276100
vt 0.213100 0.276300
vt 0.225200 0.279500
vt 0.239700 0.288100
vt 0.276000 0.297400
vt 0.302800 0.298900
vt 0.311000 0.294700
vt 0.308800 0.305900
vt 0.314600 0.299900
vt 0.311500 0.308400
vt 0.317200 0.302400
vt 0.319300 0.304500
vt 0.313800 0.310700
vt 0.324300 0.307800
vt 0.318800 0.315100
vt 0.311900 0.319400
vt 0.307500 0.314800
vt 0.304800 0.312900
vt 0.301500 0.310300
vt 0.294700 0.306700
vt 0.271400 0.303900
vt 0.239900 0.294100
vt 0.227100 0.282400
vt 0.213400 0.280800
vt 0.187800 0.280900
vt 0.141400 0.285000
vt 0.116100 0.287300
vt 0.086800 0.283000
vt 0.045700 0.280900
vt 0.026500 0.283200
vt 0.313400 0.291500
vt 0.325300 0.284500
vt 0.320000 0.272100
vt 0.320300 0.267500
vt 0.327700 0.253900
vt 0.317200 0.241600
vt 0.314500 0.238200
vt 0.316200 0.242500
vt 0.325600 0.244100
vt 0.330300 0.243600
vt 0.332300 0.253600
vt 0.336500 0.242800
vt 0.338200 0.253000
vt 0.347000 0.241600
vt 0.349300 0.252300
vt 0.355600 0.251900
vt 0.352900 0.240800
vt 0.381700 0.249700
vt 0.375900 0.241500
vt 0.382500 0.249700
vt 0.377300 0.258700
vt 0.354300 0.263200
vt 0.348500 0.263300
vt 0.338200 0.263500
vt 0.332500 0.263600
vt 0.328000 0.263700
vt 0.320800 0.267500
vt 0.320600 0.272000
vt 0.327300 0.276400
vt 0.329000 0.285900
vt 0.331600 0.277400
vt 0.336600 0.278800
vt 0.333800 0.287900
vt 0.348400 0.281700
vt 0.346600 0.292300
vt 0.353600 0.294600
vt 0.353900 0.283600
vt 0.366600 0.299000
vt 0.365200 0.289900
vt 0.367200 0.299100
vt 0.360100 0.305100
vt 0.347400 0.303300
vt 0.341800 0.301400
vt 0.329900 0.295700
vt 0.325400 0.293400
vt 0.322000 0.291700
vt 0.313800 0.291400
vt 0.311400 0.294300
vt 0.153200 0.301700
vt 0.153500 0.314900
vt 0.143100 0.300300
vt 0.140500 0.315000
vt 0.153300 0.323600
vt 0.140300 0.323500
vt 0.139700 0.330300
vt 0.153700 0.330600
vt 0.139000 0.337500
vt 0.154100 0.338400
vt 0.137300 0.348200
vt 0.164600 0.360900
vt 0.121500 0.365200
vt 0.167600 0.382100
vt 0.118400 0.380000
vt 0.120400 0.396200
vt 0.166100 0.395000
vt 0.131100 0.412600
vt 0.163900 0.406700
vt 0.169500 0.410500
vt 0.182300 0.399000
vt 0.183100 0.382600
vt 0.181600 0.366800
vt 0.168400 0.348400
vt 0.162300 0.337700
vt 0.161500 0.329700
vt 0.160500 0.322600
vt 0.160300 0.312900
vt 0.158700 0.298100
vt 0.150700 0.292400
vt 0.142800 0.291800
vt 0.135900 0.298000
vt 0.134100 0.312400
vt 0.134400 0.321700
vt 0.133500 0.328200
vt 0.132100 0.335000
vt 0.129900 0.340200
vt 0.123900 0.349800
vt 0.102900 0.346700
vt 0.103800 0.361300
vt 0.093300 0.374900
vt 0.095800 0.397200
vt 0.106100 0.413700
vt 0.124100 0.342500
vt 0.108800 0.339700
vt 0.100800 0.334300
vt 0.094200 0.341500
vt 0.097500 0.331700
vt 0.090900 0.339100
vt 0.093300 0.328500
vt 0.087000 0.336300
vt 0.080300 0.331800
vt 0.086400 0.323300
vt 0.082700 0.320500
vt 0.076500 0.329200
vt 0.064900 0.311200
vt 0.062000 0.319200
vt 0.055400 0.314400
vt 0.053900 0.323400
vt 0.068300 0.336000
vt 0.072500 0.338600
vt 0.079900 0.343300
vt 0.084100 0.345900
vt 0.087600 0.348000
vt 0.095000 0.355500
vt 0.093300 0.359700
vt 0.083200 0.371100
vt 0.083900 0.361400
vt 0.078500 0.370700
vt 0.079300 0.360800
vt 0.072800 0.370200
vt 0.073000 0.360000
vt 0.063100 0.369600
vt 0.062600 0.358800
vt 0.056700 0.358100
vt 0.057600 0.369200
vt 0.033700 0.358800
vt 0.036800 0.367500
vt 0.027200 0.366800
vt 0.032400 0.375700
vt 0.055300 0.380200
vt 0.061000 0.380200
vt 0.071300 0.380400
vt 0.077100 0.380600
vt 0.081500 0.380600
vt 0.088700 0.384300
vt 0.088900 0.388800
vt 0.085100 0.400300
vt 0.082200 0.393100
vt 0.081300 0.401700
vt 0.078000 0.394100
vt 0.076700 0.403500
vt 0.073000 0.395500
vt 0.065800 0.407400
vt 0.061100 0.398400
vt 0.055700 0.400200
vt 0.060500 0.409000
vt 0.044400 0.406400
vt 0.049800 0.412700
vt 0.042400 0.415400
vt 0.049500 0.421300
vt 0.062200 0.419500
vt 0.067800 0.417700
vt 0.079600 0.412100
vt 0.084100 0.409800
vt 0.087500 0.408200
vt 0.095700 0.407800
vt 0.098100 0.410700
vt 0.100900 0.419500
vt 0.094900 0.416200
vt 0.098100 0.422200
vt 0.092300 0.418700
vt 0.090200 0.420700
vt 0.095900 0.424400
vt 0.085200 0.424000
vt 0.091400 0.428300
vt 0.080600 0.427600
vt 0.087500 0.431700
vt 0.072100 0.436200
vt 0.079500 0.438800
vt 0.073700 0.443900
vt 0.082400 0.445600
vt 0.093200 0.439200
vt 0.097600 0.435400
vt 0.102000 0.430900
vt 0.104700 0.429000
vt 0.107900 0.426500
vt 0.114700 0.422900
vt 0.138000 0.420200
vt 0.335900 0.328000
vt 0.327100 0.329800
vt 0.335400 0.327800
vt 0.316300 0.323300
vt 0.324600 0.319600
vt 0.329000 0.311400
vt 0.337400 0.320200
vt 0.382500 0.399800
vt 0.363300 0.397500
vt 0.382500 0.382800
vt 0.361700 0.381100
vt 0.322300 0.399600
vt 0.315900 0.381100
vt 0.290500 0.387100
vt 0.293000 0.403800
vt 0.266300 0.387000
vt 0.267800 0.401600
vt 0.221400 0.397500
vt 0.220900 0.383900
vt 0.195900 0.397400
vt 0.195100 0.383000
vt 0.195300 0.369900
vt 0.220700 0.369400
vt 0.265500 0.367500
vt 0.289500 0.370000
vt 0.313200 0.363600
vt 0.361000 0.364300
vt 0.382500 0.362300
vt 0.348900 0.457700
vt 0.371600 0.467100
vt 0.365300 0.477200
vt 0.393900 0.482000
vt 0.325900 0.711900
vt 0.335000 0.714800
vt 0.338100 0.710800
vt 0.332700 0.703100
vt 0.318200 0.698100
vt 0.328800 0.691100
vt 0.351800 0.430000
vt 0.356600 0.451500
vt 0.303900 0.673600
vt 0.316800 0.678400
vt 0.313000 0.700500
vt 0.374100 0.460600
vt 0.359800 0.435300
vt 0.388100 0.438900
vt 0.374800 0.429500
vt 0.393700 0.435800
vt 0.402300 0.454000
vt 0.388900 0.463500
vt 0.395300 0.452700
vt 0.412200 0.455600
vt 0.392000 0.470100
vt 0.339700 0.694900
vt 0.337600 0.694800
vt 0.333300 0.676600
vt 0.402900 0.430400
vt 0.335000 0.681500
vt 0.379700 0.423300
vt 0.329000 0.672100
vt 0.325900 0.672300
vt 0.326000 0.667700
vt 0.323300 0.649600
vt 0.332600 0.691000
vt 0.345700 0.662900
vt 0.360700 0.696300
vt 0.336700 0.714100
vt 0.367100 0.740200
vt 0.344500 0.744700
vt 0.371500 0.677500
vt 0.386500 0.707600
vt 0.391700 0.677000
vt 0.389100 0.697100
vt 0.354200 0.644600
vt 0.376900 0.659100
vt 0.405200 0.682900
vt 0.405200 0.679100
vt 0.394900 0.668700
vt 0.384500 0.644800
vt 0.360600 0.627400
vt 0.371100 0.605700
vt 0.346700 0.574800
vt 0.337400 0.591300
vt 0.311200 0.556900
vt 0.321200 0.508300
vt 0.331200 0.613200
vt 0.277200 0.530000
vt 0.266800 0.569000
vt 0.298000 0.600900
vt 0.280900 0.642900
vt 0.255500 0.613700
vt 0.240500 0.557000
vt 0.241900 0.534600
vt 0.230100 0.543000
vt 0.222900 0.530200
vt 0.235300 0.517400
vt 0.279200 0.508200
vt 0.209200 0.508600
vt 0.209200 0.524800
vt 0.210700 0.473100
vt 0.209200 0.498600
vt 0.139100 0.508200
vt 0.097200 0.508300
vt 0.141100 0.530000
vt 0.183000 0.517400
vt 0.176400 0.534600
vt 0.195400 0.530200
vt 0.177900 0.557000
vt 0.151500 0.569000
vt 0.188200 0.543000
vt 0.186700 0.558400
vt 0.200200 0.543100
vt 0.193300 0.549900
vt 0.189600 0.560100
vt 0.201600 0.549200
vt 0.195700 0.553800
vt 0.192000 0.561000
vt 0.192400 0.567900
vt 0.190400 0.570000
vt 0.194100 0.566900
vt 0.197500 0.559500
vt 0.194000 0.563400
vt 0.295000 0.073900
vt 0.307400 0.075600
vt 0.306000 0.075500
vt 0.198200 0.567600
vt 0.296000 0.066100
vt 0.294100 0.082200
vt 0.321600 0.081800
vt 0.342500 0.145800
vt 0.342500 0.077100
vt 0.323900 0.075900
vt 0.342500 0.075400
vt 0.203800 0.567800
vt 0.209200 0.567500
vt 0.203000 0.573700
vt 0.196500 0.571800
vt 0.201900 0.582200
vt 0.194800 0.577700
vt 0.209200 0.573200
vt 0.193000 0.591600
vt 0.200700 0.603700
vt 0.209200 0.582500
vt 0.216400 0.582200
vt 0.217600 0.603700
vt 0.209200 0.605100
vt 0.209200 0.627800
vt 0.220700 0.630200
vt 0.209200 0.631300
vt 0.197600 0.630200
vt 0.197800 0.636600
vt 0.217600 0.639000
vt 0.209200 0.632900
vt 0.220500 0.636600
vt 0.200700 0.639000
vt 0.215500 0.643300
vt 0.202900 0.643300
vt 0.209200 0.640900
vt 0.209200 0.654500
vt 0.203500 0.665100
vt 0.202500 0.653900
vt 0.209200 0.668900
vt 0.215900 0.653900
vt 0.214800 0.665100
vt 0.220300 0.652600
vt 0.224000 0.649100
vt 0.217000 0.667200
vt 0.218900 0.660200
vt 0.225400 0.650100
vt 0.240900 0.646400
vt 0.222600 0.667100
vt 0.244100 0.673800
vt 0.250900 0.701500
vt 0.226300 0.701700
vt 0.209200 0.670800
vt 0.209200 0.665500
vt 0.209200 0.675700
vt 0.199500 0.660200
vt 0.195700 0.667100
vt 0.201400 0.667200
vt 0.194300 0.649100
vt 0.198100 0.652600
vt 0.192900 0.650100
vt 0.177400 0.646400
vt 0.188200 0.610300
vt 0.174200 0.673800
vt 0.156500 0.658800
vt 0.162800 0.613700
vt 0.182200 0.582700
vt 0.188400 0.573800
vt 0.137400 0.642900
vt 0.120300 0.600900
vt 0.114400 0.673600
vt 0.148600 0.675500
vt 0.138000 0.700300
vt 0.167500 0.701500
vt 0.105800 0.700600
vt 0.117700 0.750000
vt 0.149000 0.751500
vt 0.109000 0.792700
vt 0.182700 0.752500
vt 0.087700 0.791400
vt 0.072900 0.789800
vt 0.013200 0.797200
vt 0.153000 0.793500
vt 0.209200 0.793600
vt 0.265300 0.793500
vt 0.405200 0.797200
vt 0.024400 0.785900
vt 0.042500 0.786700
vt 0.060000 0.788200
vt 0.375800 0.786700
vt 0.393900 0.785900
vt 0.405200 0.785600
vt 0.013200 0.785600
vt 0.309300 0.792700
vt 0.330800 0.791400
vt 0.358400 0.788100
vt 0.345800 0.789700
vt 0.074200 0.744800
vt 0.094200 0.748200
vt 0.082200 0.714300
vt 0.085900 0.691100
vt 0.057600 0.696300
vt 0.072600 0.662900
vt 0.095100 0.649600
vt 0.101600 0.678400
vt 0.092300 0.667700
vt 0.085800 0.691000
vt 0.087100 0.613200
vt 0.107100 0.556900
vt 0.348700 0.458100
vt 0.357900 0.451200
vt 0.352800 0.430200
vt 0.361000 0.435300
vt 0.092400 0.672300
vt 0.380300 0.423500
vt 0.375500 0.429500
vt 0.100200 0.698100
vt 0.372700 0.466400
vt 0.364800 0.477100
vt 0.105300 0.700500
vt 0.089500 0.691100
vt 0.092400 0.711900
vt 0.393400 0.481500
vt 0.080200 0.710800
vt 0.083300 0.714800
vt 0.085600 0.703100
vt 0.083300 0.681500
vt 0.078600 0.694900
vt 0.085100 0.676600
vt 0.080700 0.694800
vt 0.394500 0.435500
vt 0.411700 0.455300
vt 0.089300 0.672100
vt 0.403000 0.453300
vt 0.388200 0.438900
vt 0.395500 0.452300
vt 0.393000 0.469200
vt 0.389000 0.463100
vt 0.374300 0.460400
vt 0.080900 0.591300
vt 0.064100 0.644600
vt 0.057700 0.627400
vt 0.071600 0.574800
vt 0.041500 0.659100
vt 0.031500 0.644800
vt 0.047300 0.605700
vt 0.021100 0.668700
vt 0.026600 0.677000
vt 0.013200 0.679100
vt 0.013200 0.682900
vt 0.029200 0.697100
vt 0.046800 0.677500
vt 0.031800 0.707600
vt 0.013200 0.710100
vt 0.029100 0.740200
vt 0.051200 0.740200
vt 0.013200 0.740500
vt 0.389200 0.740200
vt 0.405200 0.740500
vt 0.405200 0.710100
vt 0.013200 0.700900
vt 0.405200 0.700900
vt 0.058800 0.546200
vt 0.089300 0.496100
vt 0.078200 0.478500
vt 0.210700 0.457200
vt 0.210700 0.438000
vt 0.340100 0.478500
vt 0.329100 0.496100
vt 0.355000 0.546200
vt 0.269400 0.751500
vt 0.301300 0.749800
vt 0.280500 0.700200
vt 0.235600 0.752500
vt 0.209200 0.752700
vt 0.209200 0.702200
vt 0.192000 0.701700
vt 0.269700 0.675500
vt 0.261800 0.658800
vt 0.326300 0.747700
vt 0.230100 0.610300
vt 0.225300 0.591600
vt 0.236100 0.582700
vt 0.223600 0.577700
vt 0.230000 0.573800
vt 0.221800 0.571800
vt 0.227900 0.570000
vt 0.215400 0.573700
vt 0.214500 0.567800
vt 0.363500 0.081800
vt 0.361200 0.075900
vt 0.379100 0.075500
vt 0.220100 0.567600
vt 0.377700 0.075600
vt 0.390100 0.073900
vt 0.224200 0.566900
vt 0.225900 0.567900
vt 0.226300 0.561000
vt 0.224300 0.563400
vt 0.220800 0.559500
vt 0.222600 0.553800
vt 0.228700 0.560100
vt 0.225000 0.549900
vt 0.216700 0.549200
vt 0.215700 0.557100
vt 0.218100 0.543100
vt 0.209200 0.547500
vt 0.209200 0.556000
vt 0.209200 0.541000
vt 0.364000 0.051900
vt 0.342500 0.047800
vt 0.342500 0.049400
vt 0.202700 0.557100
vt 0.321100 0.051900
vt 0.362400 0.049700
vt 0.322700 0.049700
vt 0.342500 0.029000
vt 0.305500 0.057300
vt 0.307800 0.055000
vt 0.314100 0.032500
vt 0.296000 0.064000
vt 0.253500 0.114000
vt 0.252900 0.056400
vt 0.342500 0.158600
vt 0.342500 0.126100
vt 0.342500 0.072300
vt 0.431600 0.114000
vt 0.424600 0.055600
vt 0.342500 0.034600
vt 0.371000 0.032500
vt 0.369200 0.040400
vt 0.381500 0.041500
vt 0.383300 0.035700
vt 0.357400 0.028500
vt 0.377300 0.055000
vt 0.389000 0.066100
vt 0.379600 0.057300
vt 0.391000 0.082200
vt 0.356000 0.036600
vt 0.355800 0.043700
vt 0.342500 0.045800
vt 0.342500 0.039200
vt 0.329300 0.043700
vt 0.329100 0.036600
vt 0.315900 0.040400
vt 0.318400 0.046700
vt 0.309100 0.047000
vt 0.303600 0.041500
vt 0.292700 0.048300
vt 0.301800 0.035700
vt 0.300900 0.052800
vt 0.289200 0.037900
vt 0.282200 0.050800
vt 0.294700 0.055300
vt 0.288900 0.061700
vt 0.275100 0.058300
vt 0.276500 0.039900
vt 0.284100 0.065300
vt 0.269900 0.043300
vt 0.267200 0.063100
vt 0.262300 0.049000
vt 0.260400 0.055600
vt 0.264600 0.070300
vt 0.277300 0.072300
vt 0.327700 0.028500
vt 0.366700 0.046700
vt 0.376000 0.047000
vt 0.392400 0.048300
vt 0.384200 0.052800
vt 0.390400 0.055300
vt 0.402900 0.050800
vt 0.396200 0.061700
vt 0.410000 0.058300
vt 0.401000 0.065300
vt 0.417900 0.063100
vt 0.415200 0.043300
vt 0.408600 0.039900
vt 0.422800 0.049000
vt 0.420400 0.070300
vt 0.407800 0.072300
vt 0.395900 0.037900
vt 0.231700 0.558400
vt 0.081400 0.136600
vt 0.057000 0.143500
vt 0.088100 0.138900
vt 0.118300 0.129600
vt 0.113500 0.136200
vt 0.050500 0.176800
vt 0.091100 0.176800
vt 0.050200 0.147900
vt 0.042400 0.161600
vt 0.042300 0.176800
vt 0.079800 0.160200
vt 0.121300 0.157200
vt 0.079000 0.176800
vt 0.119900 0.176800
vt 0.121300 0.196500
vt 0.079800 0.193400
vt 0.118300 0.224100
vt 0.042400 0.192100
vt 0.081400 0.217100
vt 0.156400 0.194400
vt 0.088100 0.214700
vt 0.154700 0.219700
vt 0.113500 0.217400
vt 0.155300 0.176800
vt 0.180700 0.209900
vt 0.179300 0.188900
vt 0.178100 0.176800
vt 0.156400 0.159300
vt 0.154700 0.133900
vt 0.179300 0.164700
vt 0.180700 0.143800
vt 0.192600 0.168400
vt 0.194100 0.156100
vt 0.194400 0.176800
vt 0.197900 0.176800
vt 0.189400 0.156800
vt 0.175700 0.149300
vt 0.191000 0.176800
vt 0.189400 0.196900
vt 0.169600 0.176800
vt 0.175700 0.204300
vt 0.194100 0.197500
vt 0.192600 0.185200
vt 0.148000 0.213000
vt 0.114800 0.176800
vt 0.146100 0.176800
vt 0.148000 0.140700
vt 0.057000 0.210100
vt 0.050200 0.205700
vt 0.286600 0.870700
vt 0.290800 0.879000
vt 0.252000 0.883000
vt 0.251900 0.874700
vt 0.235000 0.879800
vt 0.218200 0.868400
vt 0.252400 0.851500
vt 0.214700 0.852200
vt 0.218200 0.837900
vt 0.252100 0.828800
vt 0.287900 0.838400
vt 0.289800 0.852200
vt 0.267700 0.822700
vt 0.292300 0.829700
vt 0.251800 0.818500
vt 0.234400 0.822700
vt 0.214800 0.828500
vt 0.208800 0.851300
vt 0.213800 0.876200
vt 0.297500 0.851700
vt 0.234300 0.822700
vt 0.214700 0.828500
vt 0.214400 0.852000
vt 0.218000 0.868900
vt 0.234900 0.879800
vt 0.269500 0.880900
vt 0.266700 0.015700
vt 0.263700 0.015700
vt 0.264100 0.011800
vt 0.265100 0.022100
vt 0.263700 0.022100
vt 0.272300 0.022100
vt 0.275200 0.015700
vt 0.279200 0.022100
vt 0.284900 0.015700
vt 0.291100 0.022100
vt 0.295400 0.015700
vt 0.286400 0.011800
vt 0.295600 0.011800
vt 0.306700 0.011800
vt 0.304700 0.015700
vt 0.317500 0.015700
vt 0.317200 0.022100
vt 0.304900 0.022100
vt 0.329200 0.022100
vt 0.330600 0.015700
vt 0.344900 0.022100
vt 0.330100 0.011800
vt 0.344900 0.015700
vt 0.359200 0.015700
vt 0.359700 0.011800
vt 0.344900 0.011800
vt 0.372300 0.015700
vt 0.371700 0.011800
vt 0.383200 0.011800
vt 0.394400 0.015700
vt 0.385200 0.015700
vt 0.394300 0.011800
vt 0.403400 0.011800
vt 0.414700 0.015700
vt 0.405000 0.015700
vt 0.411900 0.011800
vt 0.417500 0.011800
vt 0.425700 0.011800
vt 0.423200 0.015700
vt 0.426200 0.015700
vt 0.424700 0.022100
vt 0.426200 0.022100
vt 0.417600 0.022100
vt 0.410700 0.022100
vt 0.398800 0.022100
vt 0.385000 0.022100
vt 0.372700 0.022100
vt 0.360700 0.022100
vt 0.318200 0.011800
vt 0.277900 0.011800
vt 0.272300 0.011800
vt 0.020800 0.076400
vt 0.017500 0.051800
vt 0.015100 0.049200
vt 0.014400 0.077500
vt 0.035200 0.072200
vt 0.030800 0.069800
vt 0.035700 0.044000
vt 0.031000 0.041000
vt 0.345500 0.863100
vt 0.345500 0.858500
vt 0.344600 0.887500
vt 0.343000 0.881700
vt 0.353200 0.837300
vt 0.351100 0.834800
vt 0.367600 0.830700
vt 0.371000 0.830000
vt 0.357000 0.843000
vt 0.352100 0.866900
vt 0.372500 0.839700
vt 0.368400 0.865900
vt 0.386900 0.839200
vt 0.383900 0.858500
vt 0.384100 0.863100
vt 0.385200 0.833200
vt 0.376700 0.883400
vt 0.377500 0.854600
vt 0.378900 0.886000
vt 0.363200 0.890000
vt 0.359800 0.890400
vt 0.349000 0.889900
vt 0.358200 0.881000
vt 0.373000 0.877800
vt 0.381000 0.831000
vt 0.055800 0.047600
vt 0.036900 0.071300
vt 0.040700 0.072000
vt 0.059700 0.067500
vt 0.037300 0.044600
vt 0.066100 0.040700
vt 0.058600 0.036400
vt 0.062800 0.068700
vt 0.090000 0.061200
vt 0.089600 0.031800
vt 0.089900 0.058200
vt 0.117300 0.057200
vt 0.092200 0.032000
vt 0.117200 0.028200
vt 0.117600 0.033700
vt 0.117700 0.061000
vt 0.041600 0.085900
vt 0.034000 0.084000
vt 0.034600 0.114900
vt 0.058600 0.076100
vt 0.035400 0.114200
vt 0.059000 0.111800
vt 0.060300 0.111100
vt 0.060700 0.077500
vt 0.148400 0.070600
vt 0.145900 0.073800
vt 0.144700 0.107200
vt 0.119300 0.069300
vt 0.120200 0.067300
vt 0.119000 0.107800
vt 0.120400 0.103600
vt 0.150200 0.104100
vt 0.353100 0.837300
vt 0.367400 0.830700
vt 0.356900 0.843000
vt 0.345400 0.863100
vt 0.351000 0.834800
vt 0.345400 0.858500
vt 0.344500 0.887600
vt 0.348800 0.889900
vt 0.362900 0.890000
vt 0.359400 0.890400
vt 0.368200 0.865900
vt 0.378700 0.886100
vt 0.383800 0.858500
vt 0.376600 0.883400
vt 0.380900 0.831000
vt 0.377400 0.854700
vt 0.372800 0.877900
vt 0.357800 0.881000
vt 0.342900 0.881700
vt 0.152500 0.072200
vt 0.148000 0.075000
vt 0.146800 0.107800
vt 0.170400 0.077400
vt 0.174900 0.075100
vt 0.165600 0.108500
vt 0.173600 0.105600
vt 0.151300 0.105100
vt 0.206400 0.046000
vt 0.206500 0.071000
vt 0.202400 0.045100
vt 0.218200 0.074600
vt 0.202900 0.071900
vt 0.222400 0.077800
vt 0.222200 0.050100
vt 0.217300 0.049100
vt 0.206500 0.083000
vt 0.198700 0.114100
vt 0.199400 0.081400
vt 0.222900 0.085900
vt 0.216400 0.089300
vt 0.218600 0.118400
vt 0.223200 0.119400
vt 0.206500 0.113600
vt 0.179400 0.063400
vt 0.174800 0.035800
vt 0.179000 0.036200
vt 0.175600 0.065800
vt 0.199500 0.072600
vt 0.194400 0.066600
vt 0.200300 0.044600
vt 0.191200 0.043400
vt 0.180800 0.077300
vt 0.182300 0.109100
vt 0.174100 0.110700
vt 0.174000 0.079100
vt 0.190100 0.082400
vt 0.188300 0.113900
vt 0.197700 0.080700
vt 0.197200 0.112000
vt 0.151200 0.059900
vt 0.148400 0.063000
vt 0.146800 0.034900
vt 0.150800 0.029400
vt 0.172700 0.035300
vt 0.173400 0.065000
vt 0.165600 0.039800
vt 0.170300 0.065900
vt 0.119500 0.057200
vt 0.119200 0.061000
vt 0.119200 0.033700
vt 0.119700 0.028200
vt 0.147200 0.029100
vt 0.147100 0.058200
vt 0.146100 0.034300
vt 0.147000 0.062000
vt 0.091500 0.070400
vt 0.093000 0.108200
vt 0.092200 0.071100
vt 0.087500 0.105100
vt 0.116000 0.067300
vt 0.115900 0.103600
vt 0.117200 0.107800
vt 0.116900 0.069300
vt 0.070700 0.039800
vt 0.063800 0.065700
vt 0.065000 0.066600
vt 0.063600 0.035300
vt 0.087500 0.032400
vt 0.087500 0.062300
vt 0.086800 0.058700
vt 0.089400 0.031900
vt 0.063800 0.110200
vt 0.062700 0.109500
vt 0.062900 0.074100
vt 0.062800 0.075900
vt 0.086200 0.105100
vt 0.086500 0.071900
vt 0.092100 0.108800
vt 0.089300 0.072300
vt 0.018200 0.118100
vt 0.013300 0.119400
vt 0.019300 0.096200
vt 0.013700 0.091400
vt 0.033800 0.083900
vt 0.032600 0.085000
vt 0.032300 0.114100
vt 0.035800 0.115600
vt 0.654100 0.030300
vt 0.653000 0.071900
vt 0.684000 0.045400
vt 0.606100 0.071800
vt 0.600600 0.110600
vt 0.642600 0.117300
vt 0.680600 0.101400
vt 0.690400 0.071800
vt 0.696700 0.071700
vt 0.653700 0.023500
vt 0.684900 0.044800
vt 0.740600 0.043300
vt 0.772300 0.031300
vt 0.771500 0.021400
vt 0.729000 0.071100
vt 0.745500 0.043600
vt 0.816000 0.029200
vt 0.815900 0.035600
vt 0.782500 0.115100
vt 0.748200 0.101800
vt 0.785300 0.127000
vt 0.743500 0.102700
vt 0.738100 0.071100
vt 0.639700 0.126000
vt 0.682000 0.102400
vt 0.823300 0.110900
vt 0.825300 0.119300
vt 0.599300 0.118500
vt 0.557200 0.093800
vt 0.558700 0.096100
vt 0.865300 0.096300
vt 0.527000 0.096700
vt 0.860600 0.090900
vt 0.871200 0.089000
vt 0.897100 0.101000
vt 0.526600 0.100800
vt 0.488600 0.095700
vt 0.488000 0.096900
vt 0.935200 0.097100
vt 0.932800 0.093700
vt 0.906400 0.094800
vt 0.889800 0.091200
vt 0.889800 0.056200
vt 0.871200 0.060500
vt 0.860600 0.054800
vt 0.865300 0.046500
vt 0.896800 0.038600
vt 0.558800 0.047800
vt 0.526900 0.040200
vt 0.557200 0.049400
vt 0.488100 0.043500
vt 0.527000 0.044200
vt 0.906400 0.044400
vt 0.932500 0.044700
vt 0.935100 0.042000
vt 0.954000 0.069600
vt 0.955400 0.069800
vt 0.467600 0.070400
vt 0.488600 0.044800
vt 0.468200 0.070500
vt 0.494800 0.053400
vt 0.516800 0.053300
vt 0.482600 0.070500
vt 0.516800 0.087200
vt 0.525900 0.070500
vt 0.494800 0.087100
vt 0.539000 0.070600
vt 0.554200 0.071000
vt 0.608300 0.036900
vt 0.608600 0.031100
vt 0.527000 0.096800
vt 0.488600 0.095800
vt 0.558700 0.096200
vt 0.557200 0.049500
vt 0.654100 0.030400
vt 0.642600 0.117400
vt 0.785300 0.126900
vt 0.743500 0.102600
vt 0.748200 0.101700
vt 0.825300 0.119100
vt 0.823300 0.110700
vt 0.782500 0.114900
vt 0.865300 0.096100
vt 0.745500 0.043500
vt 0.772300 0.031100
vt 0.738100 0.070900
vt 0.729000 0.070900
vt 0.740600 0.043200
vt 0.696700 0.071800
vt 0.771500 0.021200
vt 0.816000 0.029000
vt 0.558800 0.047900
vt 0.815900 0.035400
vt 0.865300 0.046300
vt 0.896800 0.038400
vt 0.871200 0.060300
vt 0.860600 0.054600
vt 0.860600 0.090800
vt 0.871200 0.088800
vt 0.889800 0.091000
vt 0.897100 0.100900
vt 0.889800 0.056000
vt 0.906400 0.094600
vt 0.932800 0.093500
vt 0.906400 0.044200
vt 0.932500 0.044500
vt 0.954000 0.069400
vt 0.935100 0.041800
vt 0.955400 0.069600
vt 0.467600 0.070500
vt 0.935200 0.096900
s 0
usemtl caseoh
f 1/1/1 7/2/2 2/3/3
f 2/3/4 3/4/5 1/1/1
f 2/3/4 3/4/5 1/1/1
f 3/4/5 1/1/1 2/3/4
f 3/4/5 1/1/1 2/3/4
f 1/1/1 2/3/4 3/4/5
f 1/1/1 2/3/4 3/4/5
f 7/2/2 2/3/3 1/1/1
f 7/2/2 2/3/3 1/1/1
f 2/3/3 1/1/1 7/2/2
f 2/3/3 1/1/1 7/2/2
f 1/1/1 7/2/2 2/3/3
f 3/4/6 4/5/7 1/1/1
f 4/5/7 1/1/1 3/4/6
f 4/5/7 1/1/1 3/4/6
f 1/1/1 3/4/6 4/5/7
f 1/1/1 3/4/6 4/5/7
f 3/4/6 4/5/7 1/1/1
f 1/1/1 4/5/8 5/6/9
f 5/6/9 1/1/1 4/5/7
f 5/6/9 1/1/1 4/5/7
f 4/5/8 5/6/9 1/1/1
f 4/5/8 5/6/9 1/1/1
f 1/1/1 4/5/8 5/6/9
f 1/1/1 5/6/9 6/7/10
f 5/6/9 6/7/10 1/1/1
f 5/6/9 6/7/10 1/1/1
f 6/7/10 1/1/1 5/6/9
f 6/7/10 1/1/1 5/6/9
f 1/1/1 5/6/9 6/7/10
f 1/1/1 6/7/10 7/2/2
f 7/2/2 1/1/1 6/7/10
f 7/2/2 1/1/1 6/7/10
f 6/7/10 7/2/2 1/1/1
f 6/7/10 7/2/2 1/1/1
f 1/1/1 6/7/10 7/2/2
f 6/7/10 9/8/11 7/2/2
f 9/8/11 7/2/2 6/7/10
f 9/8/11 7/2/2 6/7/10
f 7/2/2 6/7/10 9/8/11
f 7/2/2 6/7/10 9/8/11
f 6/7/10 9/8/11 7/2/2
f 2/3/3 7/2/2 8/9/12
f 8/9/12 2/3/3 7/2/2
f 8/9/12 2/3/3 7/2/2
f 7/2/2 8/9/12 2/3/3
f 7/2/2 8/9/12 2/3/3
f 2/3/3 7/2/2 8/9/12
f 7/2/2 11/10/13 8/9/12
f 11/10/13 8/9/12 7/2/2
f 11/10/13 8/9/12 7/2/2
f 8/9/12 7/2/2 11/10/13
f 8/9/12 7/2/2 11/10/13
f 7/2/2 11/10/13 8/9/12
f 7/2/2 9/8/11 10/11/14
f 10/11/14 7/2/2 9/8/11
f 10/11/14 7/2/2 9/8/11
f 9/8/11 10/11/14 7/2/2
f 9/8/11 10/11/14 7/2/2
f 7/2/2 9/8/11 10/11/14
f 7/2/15 10/11/16 11/10/17
f 11/10/17 7/2/15 10/11/16
f 11/10/17 7/2/15 10/11/16
f 10/11/16 11/10/17 7/2/15
f 10/11/16 11/10/17 7/2/15
f 7/2/15 10/11/16 11/10/17
f 8/9/18 11/10/19 12/12/20
f 12/13/21 11/14/13 10/11/22
f 12/13/21 11/14/13 10/11/22
f 11/14/13 10/11/22 12/13/21
f 11/14/13 10/11/22 12/13/21
f 10/11/22 12/13/21 11/14/13
f 10/11/22 12/13/21 11/14/13
f 12/12/20 8/9/18 11/10/19
f 12/12/20 8/9/18 11/10/19
f 11/10/19 12/12/20 8/9/18
f 11/10/19 12/12/20 8/9/18
f 8/9/18 11/10/19 12/12/20
f 14/15/23 12/12/20 13/16/24
f 15/17/25 13/18/24 12/13/20
f 15/17/25 13/18/24 12/13/20
f 12/13/20 15/17/25 13/18/24
f 12/13/20 15/17/25 13/18/24
f 13/18/24 12/13/20 15/17/25
f 13/18/24 12/13/20 15/17/25
f 13/16/24 14/15/23 12/12/20
f 13/16/24 14/15/23 12/12/20
f 12/12/20 13/16/24 14/15/23
f 12/12/20 13/16/24 14/15/23
f 14/15/23 12/12/20 13/16/24
f 12/12/20 14/15/23 8/9/12
f 12/12/20 14/15/23 8/9/12
f 14/15/23 8/9/12 12/12/20
f 14/15/23 8/9/12 12/12/20
f 8/9/12 12/12/20 14/15/23
f 8/9/12 12/12/20 14/15/23
f 12/13/21 10/11/14 15/17/25
f 12/13/21 10/11/14 15/17/25
f 15/17/25 12/13/21 10/11/14
f 15/17/25 12/13/21 10/11/14
f 10/11/16 15/17/25 12/13/21
f 10/11/16 15/17/25 12/13/21
f 18/19/26 15/17/25 16/20/27
f 15/17/25 17/21/28 16/20/27
f 15/17/25 17/21/28 16/20/27
f 16/20/27 15/17/25 17/21/28
f 16/20/27 15/17/25 17/21/28
f 17/21/28 16/20/27 15/17/25
f 17/21/28 16/20/27 15/17/25
f 16/20/27 18/19/26 15/17/25
f 16/20/27 18/19/26 15/17/25
f 15/17/25 16/20/27 18/19/26
f 15/17/25 16/20/27 18/19/26
f 18/19/26 15/17/25 16/20/27
f 17/21/29 15/17/25 10/11/14
f 15/17/25 10/11/14 17/21/29
f 15/17/25 10/11/14 17/21/29
f 10/11/14 17/21/29 15/17/25
f 10/11/14 17/21/29 15/17/25
f 17/21/29 15/17/25 10/11/14
f 15/17/25 18/19/30 13/18/24
f 15/17/25 18/19/30 13/18/24
f 18/19/30 13/18/24 15/17/25
f 18/19/30 13/18/24 15/17/25
f 13/18/24 15/17/25 18/19/30
f 13/18/24 15/17/25 18/19/30
f 18/19/30 20/22/31 13/18/24
f 20/22/31 13/18/24 18/19/30
f 20/22/31 13/18/24 18/19/30
f 13/18/24 18/19/30 20/22/31
f 13/18/24 18/19/30 20/22/31
f 18/19/30 20/22/31 13/18/24
f 18/19/26 16/20/27 19/23/32
f 16/20/27 19/23/32 18/19/26
f 16/20/27 19/23/32 18/19/26
f 19/23/32 18/19/26 16/20/27
f 19/23/32 18/19/26 16/20/27
f 18/19/26 16/20/27 19/23/32
f 19/23/32 21/24/33 18/19/26
f 21/24/33 18/19/26 19/23/32
f 21/24/33 18/19/26 19/23/32
f 18/19/26 19/23/32 21/24/33
f 18/19/26 19/23/32 21/24/33
f 19/23/32 21/24/33 18/19/26
f 20/22/31 18/19/30 22/25/34
f 20/22/31 18/19/30 22/25/34
f 22/25/34 20/22/31 18/19/30
f 22/25/34 20/22/31 18/19/30
f 18/19/30 22/25/34 20/22/31
f 18/19/30 22/25/34 20/22/31
f 18/19/30 21/24/35 22/25/34
f 22/25/34 18/19/30 21/24/35
f 22/25/34 18/19/30 21/24/35
f 21/24/35 22/25/34 18/19/30
f 21/24/35 22/25/34 18/19/30
f 18/19/30 21/24/35 22/25/34
f 22/25/34 23/26/36 24/27/37
f 23/26/36 22/25/34 21/24/35
f 23/26/36 22/25/34 21/24/35
f 22/25/34 21/24/35 23/26/36
f 22/25/34 21/24/35 23/26/36
f 21/24/35 23/26/36 22/25/34
f 21/24/35 23/26/36 22/25/34
f 24/27/37 22/25/34 23/26/36
f 24/27/37 22/25/34 23/26/36
f 23/26/36 24/27/37 22/25/34
f 23/26/36 24/27/37 22/25/34
f 22/25/34 23/26/36 24/27/37
f 22/25/34 24/27/38 20/22/31
f 24/27/38 20/22/31 22/25/34
f 24/27/38 20/22/31 22/25/34
f 20/22/31 22/25/34 24/27/38
f 20/22/31 22/25/34 24/27/38
f 22/25/34 24/27/38 20/22/31
f 20/22/31 24/27/39 26/28/40
f 26/28/40 20/22/31 24/27/39
f 26/28/40 20/22/31 24/27/39
f 24/27/39 26/28/40 20/22/31
f 24/27/39 26/28/40 20/22/31
f 20/22/31 24/27/39 26/28/40
f 24/27/38 25/29/41 26/28/40
f 25/29/41 24/27/42 27/30/43
f 25/29/41 24/27/42 27/30/43
f 27/30/43 25/29/41 24/27/42
f 27/30/43 25/29/41 24/27/42
f 24/27/42 27/30/43 25/29/41
f 24/27/42 27/30/43 25/29/41
f 25/29/41 26/28/40 24/27/38
f 25/29/41 26/28/40 24/27/38
f 26/28/40 24/27/38 25/29/41
f 26/28/40 24/27/38 25/29/41
f 24/27/38 25/29/41 26/28/40
f 27/30/44 24/27/45 23/26/46
f 27/30/44 24/27/45 23/26/46
f 24/27/45 23/26/46 27/30/44
f 24/27/45 23/26/46 27/30/44
f 23/26/46 27/30/44 24/27/47
f 23/26/46 27/30/44 24/27/47
f 27/31/48 29/32/49 25/33/41
f 27/31/48 29/32/49 25/33/41
f 25/33/41 27/31/48 29/32/49
f 25/33/41 27/31/48 29/32/49
f 29/32/49 25/33/41 27/31/48
f 29/32/49 25/33/41 27/31/48
f 28/34/50 27/31/51 30/35/52
f 27/31/48 28/34/50 29/32/49
f 27/31/48 28/34/50 29/32/49
f 28/34/50 29/32/49 27/31/48
f 28/34/50 29/32/49 27/31/48
f 29/32/49 27/31/48 28/34/50
f 29/32/49 27/31/48 28/34/50
f 30/35/52 28/34/50 27/31/51
f 30/35/52 28/34/50 27/31/51
f 27/31/51 30/35/52 28/34/50
f 27/31/51 30/35/52 28/34/50
f 28/34/50 27/31/51 30/35/52
f 27/30/53 23/26/54 30/36/55
f 27/30/53 23/26/54 30/36/55
f 30/36/55 27/30/53 23/26/54
f 30/36/55 27/30/53 23/26/54
f 23/26/54 30/36/55 27/30/53
f 23/26/54 30/36/55 27/30/53
f 31/37/56 30/35/57 32/38/58
f 30/35/52 31/37/59 28/34/60
f 30/35/52 31/37/59 28/34/60
f 31/37/59 28/34/60 30/35/52
f 31/37/59 28/34/60 30/35/52
f 28/34/60 30/35/52 31/37/59
f 28/34/60 30/35/52 31/37/59
f 30/35/57 32/38/58 31/37/56
f 30/35/57 32/38/58 31/37/56
f 32/38/58 31/37/56 30/35/57
f 32/38/58 31/37/56 30/35/57
f 31/37/56 30/35/57 32/38/58
f 32/38/58 30/35/57 33/39/61
f 33/39/61 32/38/58 30/35/57
f 33/39/61 32/38/58 30/35/57
f 30/35/57 33/39/61 32/38/58
f 30/35/57 33/39/61 32/38/58
f 32/38/58 30/35/57 33/39/61
f 34/40/62 33/41/63 30/36/55
f 30/36/55 34/40/62 33/41/63
f 30/36/55 34/40/62 33/41/63
f 33/41/63 30/36/55 34/40/62
f 33/41/63 30/36/55 34/40/62
f 34/40/62 33/41/63 30/36/55
f 34/40/62 30/36/55 23/26/54
f 30/36/55 23/26/54 34/40/62
f 30/36/55 23/26/54 34/40/62
f 23/26/54 34/40/62 30/36/55
f 23/26/54 34/40/62 30/36/55
f 34/40/62 30/36/55 23/26/54
f 35/42/64 34/40/65 21/24/35
f 34/40/65 35/42/64 36/43/66
f 34/40/65 35/42/64 36/43/66
f 36/43/66 34/40/65 35/42/64
f 36/43/66 34/40/65 35/42/64
f 35/42/64 36/43/66 34/40/65
f 35/42/64 36/43/66 34/40/65
f 34/40/65 21/24/35 35/42/64
f 34/40/65 21/24/35 35/42/64
f 21/24/35 35/42/64 34/40/65
f 21/24/35 35/42/64 34/40/65
f 35/42/64 34/40/65 21/24/35
f 33/41/63 34/40/67 36/43/68
f 33/41/63 34/40/67 36/43/68
f 34/40/67 36/43/68 33/41/63
f 34/40/67 36/43/68 33/41/63
f 36/43/68 33/41/63 34/40/67
f 36/43/68 33/41/63 34/40/67
f 21/24/33 34/40/65 23/26/36
f 23/26/36 21/24/33 34/40/65
f 23/26/36 21/24/33 34/40/65
f 34/40/65 23/26/36 21/24/33
f 34/40/65 23/26/36 21/24/33
f 21/24/33 34/40/65 23/26/36
f 36/43/66 35/42/64 38/44/69
f 36/43/66 35/42/64 38/44/69
f 35/42/64 38/44/69 36/43/66
f 35/42/64 38/44/69 36/43/66
f 38/44/69 36/43/66 35/42/64
f 38/44/69 36/43/66 35/42/64
f 33/41/70 36/43/71 39/45/72
f 33/41/70 36/43/71 39/45/72
f 39/45/72 33/41/70 36/43/71
f 39/45/72 33/41/70 36/43/71
f 36/43/71 39/45/72 33/41/70
f 36/43/71 39/45/72 33/41/70
f 38/44/69 37/46/73 36/43/66
f 39/45/74 36/43/68 37/46/75
f 39/45/74 36/43/68 37/46/75
f 36/43/68 37/46/75 39/45/74
f 36/43/68 37/46/75 39/45/74
f 37/46/75 39/45/74 36/43/68
f 37/46/75 39/45/74 36/43/68
f 36/43/66 38/44/69 37/46/73
f 36/43/66 38/44/69 37/46/73
f 37/46/73 36/43/66 38/44/69
f 37/46/73 36/43/66 38/44/69
f 38/44/69 37/46/73 36/43/66
f 31/37/56 39/47/76 40/48/77
f 39/47/78 31/37/56 32/38/58
f 39/47/78 31/37/56 32/38/58
f 31/37/56 32/38/58 39/47/78
f 31/37/56 32/38/58 39/47/78
f 32/38/58 39/47/78 31/37/56
f 32/38/58 39/47/78 31/37/56
f 39/47/76 40/48/77 31/37/56
f 39/47/76 40/48/77 31/37/56
f 40/48/77 31/37/56 39/47/76
f 40/48/77 31/37/56 39/47/76
f 31/37/56 39/47/76 40/48/77
f 40/48/79 39/47/78 41/49/80
f 41/49/80 40/48/79 39/47/78
f 41/49/80 40/48/79 39/47/78
f 39/47/78 41/49/80 40/48/79
f 39/47/78 41/49/80 40/48/79
f 40/48/79 39/47/78 41/49/80
f 39/47/78 32/38/58 33/39/61
f 39/47/78 32/38/58 33/39/61
f 33/39/61 39/47/78 32/38/58
f 33/39/61 39/47/78 32/38/58
f 32/38/58 33/39/61 39/47/78
f 32/38/58 33/39/61 39/47/78
f 39/45/81 37/46/82 41/50/83
f 39/45/81 37/46/82 41/50/83
f 41/50/83 39/45/81 37/46/82
f 41/50/83 39/45/81 37/46/82
f 37/46/82 41/50/83 39/45/81
f 37/46/82 41/50/83 39/45/81
f 40/48/79 41/49/80 42/51/84
f 41/49/80 42/51/84 40/48/79
f 41/49/80 42/51/84 40/48/79
f 42/51/84 40/48/79 41/49/80
f 42/51/84 40/48/79 41/49/80
f 40/48/79 41/49/80 42/51/84
f 42/51/85 41/49/86 43/52/87
f 43/52/88 42/51/85 41/49/86
f 43/52/88 42/51/85 41/49/86
f 41/49/86 43/52/88 42/51/85
f 41/49/86 43/52/88 42/51/85
f 42/51/85 41/49/86 43/52/87
f 44/53/89 43/54/90 41/50/80
f 41/50/80 44/53/89 43/54/90
f 41/50/80 44/53/89 43/54/90
f 43/54/90 41/50/80 44/53/89
f 43/54/90 41/50/80 44/53/89
f 44/53/89 43/54/90 41/50/80
f 44/53/91 41/50/83 37/46/92
f 41/50/83 37/46/92 44/53/91
f 41/50/83 37/46/92 44/53/91
f 37/46/92 44/53/91 41/50/83
f 37/46/92 44/53/91 41/50/83
f 44/53/91 41/50/83 37/46/92
f 45/55/93 44/53/94 37/46/95
f 44/53/96 45/55/93 47/56/97
f 44/53/96 45/55/93 47/56/97
f 45/55/93 47/56/97 44/53/96
f 45/55/93 47/56/97 44/53/96
f 47/56/97 44/53/98 45/55/93
f 47/56/97 44/53/98 45/55/93
f 37/46/95 45/55/93 44/53/94
f 37/46/95 45/55/93 44/53/94
f 44/53/89 37/46/95 45/55/93
f 44/53/89 37/46/95 45/55/93
f 45/55/93 44/53/94 37/46/95
f 47/56/99 46/57/100 44/53/94
f 48/58/101 44/53/94 46/57/102
f 48/58/101 44/53/94 46/57/102
f 44/53/94 46/57/102 48/58/101
f 44/53/94 46/57/102 48/58/101
f 46/57/102 48/58/101 44/53/94
f 46/57/102 48/58/101 44/53/94
f 44/53/94 47/56/99 46/57/100
f 44/53/94 47/56/99 46/57/100
f 46/57/100 44/53/94 47/56/99
f 46/57/100 44/53/94 47/56/99
f 47/56/99 46/57/100 44/53/94
f 43/54/90 44/53/103 48/58/104
f 43/54/90 44/53/103 48/58/104
f 48/58/104 43/54/90 44/53/103
f 48/58/104 43/54/90 44/53/103
f 44/53/103 48/58/104 43/54/90
f 44/53/103 48/58/104 43/54/90
f 48/59/105 49/60/106 43/52/107
f 49/60/108 48/59/109 53/61/110
f 49/60/108 48/59/109 53/61/110
f 53/61/110 49/60/108 48/59/109
f 53/61/110 49/60/108 48/59/109
f 48/59/109 53/61/110 49/60/108
f 48/59/109 53/61/110 49/60/108
f 49/60/106 43/52/107 48/59/111
f 49/60/106 43/52/107 48/59/111
f 43/52/107 48/59/105 49/60/106
f 43/52/107 48/59/105 49/60/106
f 48/59/105 49/60/106 43/52/107
f 50/62/112 53/61/113 48/59/109
f 48/59/104 51/63/114 50/62/112
f 48/59/104 51/63/114 50/62/112
f 51/63/114 50/62/112 48/59/104
f 51/63/114 50/62/112 48/59/104
f 50/62/112 48/59/104 51/63/114
f 50/62/112 48/59/104 51/63/114
f 53/61/113 48/59/109 50/62/112
f 53/61/113 48/59/109 50/62/112
f 48/59/109 50/62/112 53/61/113
f 48/59/109 50/62/112 53/61/113
f 50/62/112 53/61/113 48/59/109
f 51/63/114 48/59/109 52/64/115
f 52/64/115 51/63/114 48/59/109
f 52/64/115 51/63/114 48/59/109
f 48/59/109 52/64/115 51/63/114
f 48/59/109 52/64/115 51/63/114
f 51/63/114 48/59/109 52/64/115
f 48/58/104 46/57/102 52/65/116
f 48/58/104 46/57/102 52/65/116
f 52/65/117 48/58/104 46/57/102
f 52/65/117 48/58/104 46/57/102
f 46/57/102 52/65/116 48/58/104
f 46/57/102 52/65/116 48/58/104
f 53/61/118 54/66/119 49/60/120
f 49/60/120 53/61/118 54/66/119
f 49/60/120 53/61/118 54/66/119
f 54/66/119 49/60/120 53/61/118
f 54/66/119 49/60/120 53/61/118
f 53/61/118 54/66/119 49/60/120
f 53/61/121 50/62/112 55/67/122
f 53/61/121 50/62/112 55/67/122
f 55/67/122 53/61/121 50/62/112
f 55/67/122 53/61/121 50/62/112
f 50/62/112 55/67/122 53/61/121
f 50/62/112 55/67/122 53/61/121
f 54/66/119 53/61/123 55/67/122
f 54/66/119 53/61/123 55/67/122
f 53/61/123 55/67/122 54/66/119
f 53/61/123 55/67/122 54/66/119
f 55/67/122 54/66/119 53/61/123
f 55/67/122 54/66/119 53/61/123
f 55/67/124 56/68/125 54/66/126
f 56/68/125 55/67/127 57/69/128
f 56/68/125 55/67/127 57/69/128
f 55/67/127 57/69/128 56/68/125
f 55/67/127 57/69/128 56/68/125
f 57/69/128 56/68/125 55/67/127
f 57/69/128 56/68/125 55/67/127
f 54/66/126 55/67/124 56/68/125
f 54/66/126 55/67/124 56/68/125
f 56/68/125 54/66/126 55/67/124
f 56/68/125 54/66/126 55/67/124
f 55/67/124 56/68/125 54/66/126
f 55/67/129 50/62/112 58/70/130
f 55/67/129 50/62/112 58/70/130
f 50/62/112 58/70/130 55/67/129
f 50/62/112 58/70/130 55/67/129
f 58/70/130 55/67/129 50/62/112
f 58/70/130 55/67/129 50/62/112
f 55/67/129 58/70/130 57/69/131
f 55/67/129 58/70/130 57/69/131
f 57/69/131 55/67/129 58/70/130
f 57/69/131 55/67/129 58/70/130
f 58/70/130 57/69/131 55/67/129
f 58/70/130 57/69/131 55/67/129
f 50/62/112 59/71/132 58/70/130
f 50/62/112 59/71/132 58/70/130
f 59/71/132 58/70/130 50/62/112
f 59/71/132 58/70/130 50/62/112
f 58/70/130 50/62/112 59/71/132
f 58/70/130 50/62/112 59/71/132
f 60/72/133 58/70/130 59/71/132
f 59/71/132 60/72/133 58/70/130
f 59/71/132 60/72/133 58/70/130
f 58/70/130 59/71/132 60/72/133
f 58/70/130 59/71/132 60/72/133
f 60/72/133 58/70/130 59/71/132
f 58/70/130 60/72/133 61/73/134
f 58/70/130 60/72/133 61/73/134
f 60/72/133 61/73/134 58/70/130
f 60/72/133 61/73/134 58/70/130
f 61/73/134 58/70/130 60/72/133
f 61/73/134 58/70/130 60/72/133
f 57/69/135 58/70/130 61/73/134
f 57/69/135 58/70/130 61/73/134
f 58/70/130 61/73/134 57/69/135
f 58/70/130 61/73/134 57/69/135
f 61/73/134 57/69/135 58/70/130
f 61/73/134 57/69/135 58/70/130
f 61/73/134 62/74/136 57/69/137
f 62/74/136 61/73/134 63/75/138
f 62/74/136 61/73/134 63/75/138
f 63/75/138 62/74/136 61/73/134
f 63/75/138 62/74/136 61/73/134
f 61/73/134 63/75/138 62/74/136
f 61/73/134 63/75/138 62/74/136
f 57/69/137 61/73/134 62/74/136
f 57/69/137 61/73/134 62/74/136
f 62/74/136 57/69/137 61/73/134
f 62/74/136 57/69/137 61/73/134
f 61/73/134 62/74/136 57/69/137
f 63/75/138 61/73/139 60/72/133
f 63/75/138 61/73/139 60/72/133
f 61/73/139 60/72/133 63/75/138
f 61/73/139 60/72/133 63/75/138
f 60/72/133 63/75/138 61/73/139
f 60/72/133 63/75/138 61/73/139
f 64/76/140 63/77/141 65/78/142
f 63/75/138 60/72/133 64/79/143
f 63/75/138 60/72/133 64/79/143
f 64/79/143 63/75/138 60/72/133
f 64/79/143 63/75/138 60/72/133
f 60/72/133 64/79/143 63/75/138
f 60/72/133 64/79/143 63/75/138
f 63/77/141 65/78/142 64/76/144
f 63/77/141 65/78/142 64/76/144
f 65/78/142 64/76/140 63/77/141
f 65/78/142 64/76/140 63/77/141
f 64/76/140 63/77/141 65/78/142
f 66/80/145 65/78/146 63/77/141
f 66/80/145 65/78/146 63/77/141
f 63/77/141 66/80/145 65/78/146
f 63/77/141 66/80/145 65/78/146
f 65/78/146 63/77/141 66/80/145
f 65/78/146 63/77/141 66/80/145
f 62/81/147 66/80/145 63/77/141
f 62/81/147 66/80/145 63/77/141
f 66/80/145 63/77/141 62/81/147
f 66/80/145 63/77/141 62/81/147
f 63/77/141 62/81/147 66/80/145
f 63/77/141 62/81/147 66/80/145
f 65/78/148 66/80/149 67/82/150
f 65/78/148 66/80/149 67/82/150
f 67/82/150 65/78/148 66/80/149
f 67/82/150 65/78/148 66/80/149
f 66/80/149 67/82/150 65/78/148
f 66/80/149 67/82/150 65/78/148
f 68/83/151 67/82/152 66/80/149
f 67/82/152 66/80/149 68/83/151
f 67/82/152 66/80/149 68/83/151
f 66/80/149 68/83/151 67/82/152
f 66/80/149 68/83/151 67/82/152
f 68/83/151 67/82/152 66/80/149
f 69/84/153 68/83/151 66/80/154
f 66/80/154 69/84/153 68/83/151
f 66/80/154 69/84/153 68/83/151
f 68/83/151 66/80/154 69/84/153
f 68/83/151 66/80/154 69/84/153
f 69/84/153 68/83/151 66/80/154
f 66/80/155 62/81/147 69/84/156
f 69/84/156 66/80/155 62/81/147
f 69/84/156 66/80/155 62/81/147
f 62/81/147 69/84/156 66/80/155
f 62/81/147 69/84/156 66/80/155
f 66/80/155 62/81/147 69/84/156
f 62/81/136 68/83/151 69/84/157
f 68/83/151 69/84/157 62/81/136
f 68/83/151 69/84/157 62/81/136
f 69/84/157 62/81/136 68/83/151
f 69/84/157 62/81/136 68/83/151
f 62/81/136 68/83/151 69/84/157
f 62/81/158 70/85/159 69/84/158
f 69/84/158 62/81/158 70/85/159
f 69/84/158 62/81/158 70/85/159
f 70/85/159 69/84/158 62/81/158
f 70/85/159 69/84/158 62/81/158
f 62/81/158 70/85/159 69/84/158
f 62/74/160 70/86/161 71/87/162
f 71/87/163 70/86/164 76/88/165
f 71/87/163 70/86/164 76/88/165
f 70/86/164 76/88/165 71/87/163
f 70/86/164 76/88/165 71/87/163
f 76/88/165 71/87/163 70/86/164
f 76/88/165 71/87/163 70/86/164
f 71/87/162 62/74/160 70/86/161
f 71/87/162 62/74/160 70/86/161
f 70/86/161 71/87/162 62/74/160
f 70/86/161 71/87/162 62/74/160
f 62/74/160 70/86/161 71/87/162
f 73/89/166 70/85/159 72/90/167
f 74/91/168 72/90/169 70/85/159
f 74/91/168 72/90/169 70/85/159
f 72/90/169 70/85/159 74/91/168
f 72/90/169 70/85/159 74/91/168
f 70/85/159 74/91/168 72/90/169
f 70/85/159 74/91/168 72/90/169
f 72/90/167 73/89/166 70/85/159
f 72/90/167 73/89/166 70/85/159
f 70/85/159 72/90/167 73/89/166
f 70/85/159 72/90/167 73/89/166
f 73/89/166 70/85/159 72/90/167
f 75/92/170 70/85/171 73/89/172
f 75/92/170 70/85/171 73/89/172
f 73/89/172 75/92/170 70/85/171
f 73/89/172 75/92/170 70/85/171
f 70/85/171 73/89/172 75/92/170
f 70/85/171 73/89/172 75/92/170
f 74/93/173 76/88/165 70/86/164
f 74/93/173 76/88/165 70/86/164
f 70/86/164 74/93/173 76/88/165
f 70/86/164 74/93/173 76/88/165
f 76/88/165 70/86/164 74/93/173
f 76/88/165 70/86/164 74/93/173
f 76/88/165 56/68/125 71/87/174
f 56/68/125 76/88/165 77/94/175
f 56/68/125 76/88/165 77/94/175
f 76/88/165 77/94/175 56/68/125
f 76/88/165 77/94/175 56/68/125
f 77/94/175 56/68/125 76/88/165
f 77/94/175 56/68/125 76/88/165
f 71/87/174 76/88/165 56/68/125
f 71/87/174 76/88/165 56/68/125
f 56/68/125 71/87/174 76/88/165
f 56/68/125 71/87/174 76/88/165
f 76/88/165 56/68/125 71/87/174
f 77/94/176 76/88/165 78/95/177
f 78/95/177 77/94/176 76/88/165
f 78/95/177 77/94/176 76/88/165
f 76/88/165 78/95/177 77/94/176
f 76/88/165 78/95/177 77/94/176
f 77/94/176 76/88/165 78/95/177
f 76/88/165 74/93/173 78/95/177
f 74/93/173 78/95/177 76/88/165
f 74/93/173 78/95/177 76/88/165
f 78/95/177 76/88/165 74/93/173
f 78/95/177 76/88/165 74/93/173
f 76/88/165 74/93/173 78/95/177
f 78/95/177 74/93/173 80/96/178
f 80/96/178 78/95/177 74/93/173
f 80/96/178 78/95/177 74/93/173
f 74/93/173 80/96/178 78/95/177
f 74/93/173 80/96/178 78/95/177
f 78/95/177 74/93/173 80/96/178
f 77/94/175 78/95/177 79/97/179
f 78/95/177 79/97/179 77/94/175
f 78/95/177 79/97/179 77/94/175
f 79/97/179 77/94/175 78/95/177
f 79/97/179 77/94/175 78/95/177
f 77/94/175 78/95/177 79/97/179
f 79/97/179 78/95/177 81/98/180
f 81/98/180 79/97/179 78/95/177
f 81/98/180 79/97/179 78/95/177
f 78/95/177 81/98/180 79/97/179
f 78/95/177 81/98/180 79/97/179
f 79/97/179 78/95/177 81/98/180
f 78/95/177 80/96/178 81/98/180
f 80/96/178 81/98/180 78/95/177
f 80/96/178 81/98/180 78/95/177
f 81/98/180 78/95/177 80/96/178
f 81/98/180 78/95/177 80/96/178
f 78/95/177 80/96/178 81/98/180
f 81/98/180 80/96/178 83/99/181
f 80/96/178 83/99/181 81/98/180
f 80/96/178 83/99/181 81/98/180
f 83/99/181 81/98/180 80/96/178
f 83/99/181 81/98/180 80/96/178
f 81/98/180 80/96/178 83/99/181
f 82/100/182 81/98/180 83/99/181
f 81/98/180 82/100/183 79/97/179
f 81/98/180 82/100/183 79/97/179
f 82/100/183 79/97/179 81/98/180
f 82/100/183 79/97/179 81/98/180
f 79/97/179 81/98/180 82/100/183
f 79/97/179 81/98/180 82/100/183
f 83/99/181 82/100/182 81/98/180
f 83/99/181 82/100/182 81/98/180
f 81/98/180 83/99/181 82/100/182
f 81/98/180 83/99/181 82/100/182
f 82/100/182 81/98/180 83/99/181
f 83/99/184 84/101/185 88/102/186
f 84/101/185 83/99/184 80/96/178
f 84/101/185 83/99/184 80/96/178
f 80/96/178 84/101/185 83/99/184
f 80/96/178 84/101/185 83/99/184
f 83/99/184 80/96/178 84/101/185
f 83/99/184 80/96/178 84/101/185
f 84/101/185 88/102/186 83/99/184
f 84/101/185 88/102/186 83/99/184
f 88/102/186 83/99/184 84/101/185
f 88/102/186 83/99/184 84/101/185
f 83/99/184 84/101/185 88/102/186
f 83/103/184 85/104/187 86/105/188
f 85/104/187 83/103/181 88/106/189
f 85/104/187 83/103/181 88/106/189
f 83/103/181 88/106/189 85/104/187
f 83/103/181 88/106/189 85/104/187
f 88/106/189 85/104/187 83/103/181
f 88/106/189 85/104/187 83/103/181
f 86/105/188 83/103/184 85/104/187
f 86/105/188 83/103/184 85/104/187
f 85/104/187 86/105/188 83/103/184
f 85/104/187 86/105/188 83/103/184
f 83/103/184 85/104/187 86/105/188
f 83/103/184 86/105/190 87/107/191
f 86/105/190 87/107/191 83/103/184
f 86/105/190 87/107/191 83/103/184
f 87/107/191 83/103/184 86/105/190
f 87/107/191 83/103/184 86/105/190
f 83/103/184 86/105/190 87/107/191
f 83/99/184 87/108/192 82/100/182
f 83/99/184 87/108/192 82/100/182
f 87/108/192 82/100/182 83/99/184
f 87/108/192 82/100/182 83/99/184
f 82/100/182 83/99/184 87/108/192
f 82/100/182 83/99/184 87/108/192
f 89/109/193 85/104/187 88/106/186
f 88/102/186 90/110/194 89/111/195
f 88/102/186 90/110/194 89/111/195
f 89/111/195 88/102/186 90/110/194
f 89/111/195 88/102/186 90/110/194
f 90/110/194 89/111/195 88/102/186
f 90/110/194 89/111/195 88/102/186
f 85/104/187 88/106/186 89/109/193
f 85/104/187 88/106/186 89/109/193
f 88/106/186 89/109/193 85/104/187
f 88/106/186 89/109/193 85/104/187
f 89/109/193 85/104/187 88/106/186
f 90/110/194 88/102/189 91/112/196
f 88/102/189 91/112/196 90/110/194
f 88/102/189 91/112/196 90/110/194
f 91/112/196 90/110/194 88/102/189
f 91/112/196 90/110/194 88/102/189
f 90/110/194 88/102/189 91/112/196
f 91/112/196 88/102/186 92/113/197
f 92/113/197 91/112/196 88/102/186
f 92/113/197 91/112/196 88/102/186
f 88/102/186 92/113/197 91/112/196
f 88/102/186 92/113/197 91/112/196
f 91/112/196 88/102/186 92/113/197
f 88/102/186 93/114/198 92/113/199
f 93/114/198 92/113/199 88/102/186
f 93/114/198 92/113/199 88/102/186
f 92/113/199 88/102/186 93/114/198
f 92/113/199 88/102/186 93/114/198
f 88/102/186 93/114/198 92/113/199
f 88/102/186 84/101/185 93/114/198
f 93/114/198 88/102/186 84/101/185
f 93/114/198 88/102/186 84/101/185
f 84/101/185 93/114/198 88/102/186
f 84/101/185 93/114/198 88/102/186
f 88/102/186 84/101/185 93/114/198
f 95/115/200 93/116/201 94/117/202
f 92/118/203 94/117/202 93/116/204
f 92/118/203 94/117/202 93/116/204
f 94/117/202 93/116/204 92/118/203
f 94/117/202 93/116/204 92/118/203
f 93/116/204 92/118/203 94/117/202
f 93/116/204 92/118/203 94/117/202
f 94/117/202 95/115/200 93/116/201
f 94/117/202 95/115/200 93/116/201
f 93/116/201 94/117/202 95/115/200
f 93/116/201 94/117/202 95/115/200
f 95/115/200 93/116/201 94/117/202
f 84/119/205 93/116/204 95/115/200
f 93/116/204 95/115/200 84/119/205
f 93/116/204 95/115/200 84/119/205
f 95/115/200 84/119/205 93/116/204
f 95/115/200 84/119/205 93/116/204
f 84/119/205 93/116/204 95/115/200
f 96/120/206 80/121/207 95/115/200
f 95/115/208 98/122/209 96/120/210
f 95/115/208 98/122/209 96/120/210
f 98/122/209 96/120/210 95/115/208
f 98/122/209 96/120/210 95/115/208
f 96/120/210 95/115/208 98/122/209
f 96/120/210 95/115/208 98/122/209
f 95/115/200 96/120/206 80/121/207
f 95/115/200 96/120/206 80/121/207
f 80/121/207 95/115/200 96/120/206
f 80/121/207 95/115/200 96/120/206
f 96/120/206 80/121/207 95/115/200
f 84/119/205 95/115/200 80/121/207
f 84/119/205 95/115/200 80/121/207
f 95/115/200 80/121/207 84/119/205
f 95/115/200 80/121/207 84/119/205
f 80/121/207 84/119/205 95/115/200
f 80/121/207 84/119/205 95/115/200
f 98/122/209 95/115/211 97/123/212
f 94/117/213 97/123/214 95/115/208
f 94/117/213 97/123/214 95/115/208
f 97/123/214 95/115/208 94/117/213
f 97/123/214 95/115/208 94/117/213
f 95/115/208 94/117/213 97/123/214
f 95/115/208 94/117/213 97/123/214
f 97/123/212 98/122/209 95/115/211
f 97/123/212 98/122/209 95/115/211
f 95/115/211 97/123/212 98/122/209
f 95/115/211 97/123/212 98/122/209
f 98/122/209 95/115/211 97/123/212
f 100/124/215 99/125/216 98/122/217
f 101/126/218 98/122/217 99/125/216
f 101/126/218 98/122/217 99/125/216
f 99/125/216 101/126/218 98/122/217
f 99/125/216 101/126/218 98/122/217
f 98/122/217 99/125/216 101/126/218
f 98/122/217 99/125/216 101/126/218
f 99/125/216 98/122/217 100/124/215
f 99/125/216 98/122/217 100/124/215
f 98/122/217 100/124/215 99/125/216
f 98/122/217 100/124/215 99/125/216
f 100/124/215 99/125/216 98/122/217
f 101/126/218 96/120/210 98/122/217
f 98/122/217 101/126/218 96/120/210
f 98/122/217 101/126/218 96/120/210
f 96/120/210 98/122/217 101/126/218
f 96/120/210 98/122/217 101/126/218
f 101/126/218 96/120/210 98/122/217
f 97/123/212 100/124/219 98/122/209
f 98/122/209 97/123/212 100/124/219
f 98/122/209 97/123/212 100/124/219
f 100/124/219 98/122/209 97/123/212
f 100/124/219 98/122/209 97/123/212
f 97/123/212 100/124/219 98/122/209
f 99/125/216 102/127/220 101/126/221
f 75/92/222 101/126/218 102/127/223
f 75/92/222 101/126/218 102/127/223
f 102/127/223 75/92/222 101/126/218
f 102/127/223 75/92/222 101/126/218
f 101/126/218 102/127/223 75/92/222
f 101/126/218 102/127/223 75/92/222
f 102/127/220 101/126/221 99/125/216
f 102/127/220 101/126/221 99/125/216
f 101/126/221 99/125/216 102/127/220
f 101/126/221 99/125/216 102/127/220
f 99/125/216 102/127/220 101/126/221
f 75/92/170 72/90/224 101/126/218
f 101/126/218 75/92/170 72/90/224
f 101/126/218 75/92/170 72/90/224
f 72/90/224 101/126/218 75/92/170
f 72/90/224 101/126/218 75/92/170
f 75/92/170 72/90/224 101/126/218
f 72/90/224 96/120/210 101/126/225
f 96/120/210 101/126/225 72/90/224
f 96/120/210 101/126/225 72/90/224
f 101/126/225 72/90/224 96/120/210
f 101/126/225 72/90/224 96/120/210
f 72/90/224 96/120/210 101/126/225
f 103/128/226 100/124/215 97/123/214
f 100/124/215 97/123/214 103/128/226
f 100/124/215 97/123/214 103/128/226
f 97/123/214 103/128/226 100/124/215
f 97/123/214 103/128/226 100/124/215
f 103/128/226 100/124/215 97/123/214
f 104/129/227 103/128/228 97/123/212
f 103/128/228 97/123/212 104/129/227
f 103/128/228 97/123/212 104/129/227
f 97/123/212 104/129/227 103/128/228
f 97/123/212 104/129/227 103/128/228
f 104/129/227 103/128/228 97/123/212
f 106/130/229 104/129/227 105/131/230
f 97/123/214 105/131/230 104/129/227
f 97/123/214 105/131/230 104/129/227
f 104/129/227 97/123/214 105/131/230
f 104/129/227 97/123/214 105/131/230
f 105/131/230 104/129/227 97/123/214
f 105/131/230 104/129/227 97/123/214
f 105/131/230 106/130/229 104/129/227
f 105/131/230 106/130/229 104/129/227
f 104/129/227 105/131/230 106/130/229
f 104/129/227 105/131/230 106/130/229
f 106/130/229 104/129/227 105/131/230
f 107/132/231 104/129/227 106/130/232
f 104/129/227 106/130/232 107/132/231
f 104/129/227 106/130/232 107/132/231
f 106/130/232 107/132/231 104/129/227
f 106/130/232 107/132/231 104/129/227
f 107/132/231 104/129/227 106/130/232
f 109/133/233 107/132/231 108/134/234
f 106/130/229 108/134/234 107/132/231
f 106/130/229 108/134/234 107/132/231
f 107/132/231 106/130/229 108/134/234
f 107/132/231 106/130/229 108/134/234
f 108/134/234 107/132/231 106/130/229
f 108/134/234 107/132/231 106/130/229
f 107/132/231 108/134/234 109/133/233
f 107/132/231 108/134/234 109/133/233
f 108/134/234 109/133/233 107/132/231
f 108/134/234 109/133/233 107/132/231
f 109/133/233 107/132/231 108/134/234
f 109/135/233 108/136/234 110/137/235
f 110/137/235 109/135/233 108/136/234
f 110/137/235 109/135/233 108/136/234
f 108/136/234 110/137/235 109/135/233
f 108/136/234 110/137/235 109/135/233
f 109/135/233 108/136/234 110/137/235
f 108/136/234 111/138/236 110/137/235
f 112/139/237 110/137/235 111/138/236
f 112/139/237 110/137/235 111/138/236
f 111/138/236 112/139/237 110/137/235
f 111/138/236 112/139/237 110/137/235
f 110/137/235 111/138/236 112/139/237
f 110/137/235 111/138/236 112/139/237
f 111/138/236 110/137/235 108/136/234
f 111/138/236 110/137/235 108/136/234
f 110/137/235 108/136/234 111/138/236
f 110/137/235 108/136/234 111/138/236
f 108/136/234 111/138/236 110/137/235
f 114/140/238 113/141/239 112/139/237
f 115/142/240 112/139/237 113/141/239
f 115/142/240 112/139/237 113/141/239
f 113/141/239 115/142/240 112/139/237
f 113/141/239 115/142/240 112/139/237
f 112/139/237 113/141/239 115/142/240
f 112/139/237 113/141/239 115/142/240
f 113/141/239 112/139/237 114/140/238
f 113/141/239 112/139/237 114/140/238
f 112/139/237 114/140/238 113/141/239
f 112/139/237 114/140/238 113/141/239
f 114/140/238 113/141/239 112/139/237
f 111/138/236 114/140/238 112/139/237
f 114/140/238 112/139/237 111/138/236
f 114/140/238 112/139/237 111/138/236
f 112/139/237 111/138/236 114/140/238
f 112/139/237 111/138/236 114/140/238
f 111/138/236 114/140/238 112/139/237
f 115/142/241 117/143/242 116/144/243
f 116/144/243 115/142/241 117/143/242
f 116/144/243 115/142/241 117/143/242
f 117/143/242 116/144/243 115/142/241
f 117/143/242 116/144/243 115/142/241
f 115/142/241 117/143/242 116/144/243
f 117/143/244 115/142/240 113/141/239
f 117/143/244 115/142/240 113/141/239
f 115/142/240 113/141/239 117/143/244
f 115/142/240 113/141/239 117/143/244
f 113/141/239 117/143/244 115/142/240
f 113/141/239 117/143/244 115/142/240
f 116/144/245 117/143/242 118/145/246
f 67/82/247 118/145/246 117/143/242
f 67/82/247 118/145/246 117/143/242
f 118/145/246 117/143/242 67/82/247
f 118/145/246 117/143/242 67/82/247
f 117/143/242 67/82/247 118/145/246
f 117/143/242 67/82/247 118/145/246
f 118/145/246 116/144/245 117/143/242
f 118/145/246 116/144/245 117/143/242
f 117/143/242 118/145/246 116/144/245
f 117/143/242 118/145/246 116/144/245
f 116/144/245 117/143/242 118/145/246
f 67/82/247 117/143/242 65/78/148
f 117/143/242 65/78/148 67/82/247
f 117/143/242 65/78/148 67/82/247
f 65/78/148 67/82/247 117/143/242
f 65/78/148 67/82/247 117/143/242
f 67/82/247 117/143/242 65/78/148
f 117/143/244 113/141/239 119/146/248
f 113/141/239 119/146/248 117/143/244
f 113/141/239 119/146/248 117/143/244
f 119/146/248 117/143/244 113/141/239
f 119/146/248 117/143/244 113/141/239
f 117/143/244 113/141/239 119/146/248
f 65/78/148 117/143/242 119/146/248
f 119/146/248 65/78/148 117/143/242
f 119/146/248 65/78/148 117/143/242
f 117/143/242 119/146/248 65/78/148
f 117/143/242 119/146/248 65/78/148
f 65/78/148 117/143/242 119/146/248
f 120/147/249 119/146/248 113/141/239
f 120/147/249 119/146/248 113/141/239
f 113/141/239 120/147/249 119/146/248
f 113/141/239 120/147/249 119/146/248
f 119/146/248 113/141/239 120/147/249
f 119/146/248 113/141/239 120/147/249
f 120/147/250 122/148/251 119/146/252
f 119/146/252 120/147/250 122/148/251
f 119/146/252 120/147/250 122/148/251
f 122/148/251 119/146/252 120/147/250
f 122/148/251 119/146/252 120/147/250
f 120/147/250 122/148/251 119/146/252
f 121/149/253 64/76/254 119/146/255
f 65/78/256 119/146/252 64/76/144
f 65/78/256 119/146/252 64/76/144
f 64/76/144 65/78/256 119/146/252
f 64/76/144 65/78/256 119/146/252
f 119/146/252 64/76/144 65/78/256
f 119/146/252 64/76/144 65/78/256
f 64/76/254 119/146/255 121/149/253
f 64/76/254 119/146/255 121/149/253
f 119/146/255 121/149/253 64/76/254
f 119/146/255 121/149/253 64/76/254
f 121/149/253 64/76/254 119/146/255
f 122/148/257 121/149/253 119/146/252
f 121/149/253 119/146/252 122/148/257
f 121/149/253 119/146/252 122/148/257
f 119/146/252 122/148/257 121/149/253
f 119/146/252 122/148/257 121/149/253
f 122/148/257 121/149/253 119/146/252
f 123/150/258 122/148/257 120/147/250
f 122/151/259 124/152/260 123/153/261
f 122/151/259 124/152/260 123/153/261
f 123/153/261 122/151/259 124/152/260
f 123/153/261 122/151/259 124/152/260
f 124/152/260 123/153/261 122/151/259
f 124/152/260 123/153/261 122/151/259
f 122/148/257 120/147/250 123/150/258
f 122/148/257 120/147/250 123/150/258
f 120/147/250 123/150/258 122/148/257
f 120/147/250 123/150/258 122/148/257
f 123/150/258 122/148/257 120/147/250
f 124/152/260 122/151/259 121/154/262
f 121/154/262 124/152/260 122/151/259
f 121/154/262 124/152/260 122/151/259
f 122/151/259 121/154/262 124/152/260
f 122/151/259 121/154/262 124/152/260
f 124/152/260 122/151/259 121/154/262
f 127/155/263 125/156/264 124/157/260
f 126/158/265 124/152/260 125/159/266
f 126/158/265 124/152/260 125/159/266
f 124/152/260 125/159/266 126/158/265
f 124/152/260 125/159/266 126/158/265
f 125/159/266 126/158/265 124/152/260
f 125/159/266 126/158/265 124/152/260
f 124/157/260 127/155/263 125/156/264
f 124/157/260 127/155/263 125/156/264
f 125/156/264 124/157/260 127/155/263
f 125/156/264 124/157/260 127/155/263
f 127/155/263 125/156/264 124/157/260
f 124/152/267 126/158/265 128/160/268
f 128/160/268 124/152/267 126/158/265
f 128/160/268 124/152/267 126/158/265
f 126/158/265 128/160/268 124/152/267
f 126/158/265 128/160/268 124/152/267
f 124/152/267 126/158/265 128/160/268
f 127/155/263 124/157/267 129/161/269
f 129/161/269 127/155/263 124/157/267
f 129/161/269 127/155/263 124/157/267
f 124/157/267 129/161/269 127/155/263
f 124/157/267 129/161/269 127/155/263
f 127/155/263 124/157/267 129/161/269
f 128/160/268 123/153/270 124/152/260
f 123/153/270 124/152/260 128/160/268
f 123/153/270 124/152/260 128/160/268
f 124/152/260 128/160/268 123/153/270
f 124/152/260 128/160/268 123/153/270
f 128/160/268 123/153/270 124/152/260
f 124/152/260 121/154/262 129/162/269
f 121/154/262 129/162/269 124/152/260
f 121/154/262 129/162/269 124/152/260
f 129/162/269 124/152/260 121/154/262
f 129/162/269 124/152/260 121/154/262
f 124/152/260 121/154/262 129/162/269
f 129/162/269 121/154/262 64/79/143
f 64/79/143 129/162/269 121/154/262
f 64/79/143 129/162/269 121/154/262
f 121/154/262 64/79/143 129/162/269
f 121/154/262 64/79/143 129/162/269
f 129/162/269 121/154/262 64/79/143
f 132/163/271 129/161/269 130/164/272
f 130/165/273 129/162/269 131/166/274
f 130/165/273 129/162/269 131/166/274
f 131/166/274 130/165/273 129/162/269
f 131/166/274 130/165/273 129/162/269
f 129/162/269 131/166/274 130/165/273
f 129/162/269 131/166/274 130/165/273
f 130/164/272 132/163/271 129/161/269
f 130/164/272 132/163/271 129/161/269
f 129/161/269 130/164/272 132/163/271
f 129/161/269 130/164/272 132/163/271
f 132/163/271 129/161/269 130/164/272
f 131/166/274 129/162/269 133/167/275
f 131/166/274 129/162/269 133/167/275
f 129/162/269 133/167/275 131/166/274
f 129/162/269 133/167/275 131/166/274
f 133/167/275 131/166/274 129/162/269
f 133/167/275 131/166/274 129/162/269
f 127/155/263 129/161/269 132/163/276
f 129/161/269 132/163/276 127/155/263
f 129/161/269 132/163/276 127/155/263
f 132/163/276 127/155/263 129/161/269
f 132/163/276 127/155/263 129/161/269
f 127/155/263 129/161/269 132/163/276
f 129/162/269 64/79/143 133/167/275
f 64/79/143 133/167/275 129/162/269
f 64/79/143 133/167/275 129/162/269
f 133/167/275 129/162/269 64/79/143
f 133/167/275 129/162/269 64/79/143
f 129/162/269 64/79/143 133/167/275
f 133/167/275 64/79/143 60/72/133
f 64/79/143 60/72/133 133/167/275
f 64/79/143 60/72/133 133/167/275
f 60/72/133 133/167/275 64/79/143
f 60/72/133 133/167/275 64/79/143
f 133/167/275 64/79/143 60/72/133
f 133/167/275 59/71/132 131/166/274
f 59/71/132 133/167/275 60/72/133
f 59/71/132 133/167/275 60/72/133
f 133/167/275 60/72/133 59/71/132
f 133/167/275 60/72/133 59/71/132
f 60/72/133 59/71/132 133/167/275
f 60/72/133 59/71/132 133/167/275
f 131/166/274 133/167/275 59/71/132
f 131/166/274 133/167/275 59/71/132
f 59/71/132 131/166/274 133/167/275
f 59/71/132 131/166/274 133/167/275
f 133/167/275 59/71/132 131/166/274
f 134/168/277 135/169/278 132/163/279
f 130/164/280 134/168/281 132/163/271
f 130/164/280 134/168/281 132/163/271
f 134/168/281 132/163/271 130/164/280
f 134/168/281 132/163/271 130/164/280
f 132/163/271 130/164/280 134/168/281
f 132/163/271 130/164/280 134/168/281
f 135/169/278 132/163/279 134/168/277
f 135/169/278 132/163/279 134/168/277
f 132/163/279 134/168/277 135/169/278
f 132/163/279 134/168/277 135/169/278
f 134/168/277 135/169/278 132/163/279
f 132/163/282 136/170/283 127/155/284
f 136/170/283 127/155/284 132/163/282
f 136/170/283 127/155/284 132/163/282
f 127/155/284 132/163/282 136/170/283
f 127/155/284 132/163/282 136/170/283
f 132/163/282 136/170/283 127/155/284
f 132/163/285 135/169/286 136/170/287
f 136/170/287 132/163/285 135/169/286
f 136/170/287 132/163/285 135/169/286
f 135/169/286 136/170/287 132/163/285
f 135/169/286 136/170/287 132/163/285
f 132/163/285 135/169/286 136/170/287
f 138/171/288 136/170/289 137/172/290
f 137/172/290 138/171/288 136/170/289
f 137/172/290 138/171/288 136/170/289
f 136/170/289 137/172/290 138/171/288
f 136/170/289 137/172/290 138/171/288
f 138/171/288 136/170/289 137/172/290
f 127/155/291 136/170/292 138/171/293
f 136/170/292 138/171/293 127/155/291
f 136/170/292 138/171/293 127/155/291
f 138/171/293 127/155/291 136/170/292
f 138/171/293 127/155/291 136/170/292
f 127/155/291 136/170/292 138/171/293
f 138/171/294 137/172/295 134/173/296
f 130/174/297 138/171/298 134/173/299
f 130/174/297 138/171/298 134/173/299
f 138/171/298 134/173/299 130/174/297
f 138/171/298 134/173/299 130/174/297
f 134/173/299 130/174/297 138/171/298
f 134/173/299 130/174/297 138/171/298
f 137/172/295 134/173/296 138/171/294
f 137/172/295 134/173/296 138/171/294
f 134/173/296 138/171/294 137/172/295
f 134/173/296 138/171/294 137/172/295
f 138/171/294 137/172/295 134/173/296
f 138/171/300 125/156/301 127/155/302
f 125/156/303 138/171/298 130/174/280
f 125/156/303 138/171/298 130/174/280
f 130/174/280 125/156/303 138/171/298
f 130/174/280 125/156/303 138/171/298
f 138/171/298 130/174/280 125/156/303
f 138/171/298 130/174/280 125/156/303
f 125/156/301 127/155/302 138/171/300
f 125/156/301 127/155/302 138/171/300
f 127/155/302 138/171/300 125/156/301
f 127/155/302 138/171/300 125/156/301
f 138/171/300 125/156/301 127/155/302
f 134/173/304 137/172/305 139/175/306
f 139/175/306 134/173/304 137/172/305
f 139/175/306 134/173/304 137/172/305
f 137/172/305 139/175/306 134/173/304
f 137/172/305 139/175/306 134/173/304
f 134/173/304 137/172/305 139/175/306
f 135/169/307 134/168/308 139/176/309
f 135/169/307 134/168/308 139/176/309
f 139/176/309 135/169/307 134/168/308
f 139/176/309 135/169/307 134/168/308
f 134/168/308 139/176/309 135/169/307
f 134/168/308 139/176/309 135/169/307
f 131/166/274 51/63/114 140/177/310
f 51/63/114 131/166/274 59/71/132
f 51/63/114 131/166/274 59/71/132
f 131/166/274 59/71/132 51/63/114
f 131/166/274 59/71/132 51/63/114
f 59/71/132 51/63/114 131/166/274
f 59/71/132 51/63/114 131/166/274
f 140/177/310 131/166/274 51/63/114
f 140/177/310 131/166/274 51/63/114
f 51/63/114 140/177/310 131/166/274
f 51/63/114 140/177/310 131/166/274
f 131/166/274 51/63/114 140/177/310
f 131/166/311 140/177/310 130/165/312
f 140/177/310 130/165/312 131/166/311
f 140/177/310 130/165/312 131/166/311
f 130/165/312 131/166/311 140/177/310
f 130/165/312 131/166/311 140/177/310
f 131/166/311 140/177/310 130/165/312
f 130/165/312 140/177/310 141/178/313
f 141/178/313 130/165/312 140/177/310
f 141/178/313 130/165/312 140/177/310
f 140/177/310 141/178/313 130/165/312
f 140/177/310 141/178/313 130/165/312
f 130/165/312 140/177/310 141/178/313
f 140/177/310 142/179/314 141/178/313
f 142/179/314 141/178/313 140/177/310
f 142/179/314 141/178/313 140/177/310
f 141/178/313 140/177/310 142/179/314
f 141/178/313 140/177/310 142/179/314
f 140/177/310 142/179/314 141/178/313
f 140/177/310 52/64/315 142/179/314
f 52/64/117 140/177/310 51/63/114
f 52/64/117 140/177/310 51/63/114
f 140/177/310 51/63/114 52/64/117
f 140/177/310 51/63/114 52/64/117
f 51/63/114 52/64/117 140/177/310
f 51/63/114 52/64/117 140/177/310
f 142/179/314 140/177/310 52/64/315
f 142/179/314 140/177/310 52/64/315
f 52/64/315 142/179/314 140/177/310
f 52/64/315 142/179/314 140/177/310
f 140/177/310 52/64/315 142/179/314
f 141/178/316 142/179/317 143/180/318
f 142/179/317 143/180/318 141/178/316
f 142/179/317 143/180/318 141/178/316
f 143/180/318 141/178/316 142/179/317
f 143/180/318 141/178/316 142/179/317
f 141/178/316 142/179/317 143/180/318
f 146/181/319 142/182/320 52/65/321
f 52/65/321 146/181/319 142/182/320
f 52/65/321 146/181/319 142/182/320
f 142/182/320 52/65/321 146/181/319
f 142/182/320 52/65/321 146/181/319
f 146/181/319 142/182/320 52/65/321
f 143/180/318 142/179/322 144/183/323
f 144/183/323 143/180/318 142/179/322
f 144/183/323 143/180/318 142/179/322
f 142/179/322 144/183/323 143/180/318
f 142/179/322 144/183/323 143/180/318
f 143/180/318 142/179/322 144/183/323
f 145/184/324 144/185/325 142/182/326
f 142/182/326 145/184/324 144/185/325
f 142/182/326 145/184/324 144/185/325
f 144/185/325 142/182/326 145/184/324
f 144/185/325 142/182/326 145/184/324
f 145/184/324 144/185/325 142/182/326
f 145/184/327 142/182/320 146/181/328
f 142/182/320 146/181/328 145/184/327
f 142/182/320 146/181/328 145/184/327
f 146/181/328 145/184/327 142/182/320
f 146/181/328 145/184/327 142/182/320
f 145/184/327 142/182/320 146/181/328
f 147/186/329 146/181/330 148/187/331
f 146/181/330 147/186/329 149/188/332
f 146/181/330 147/186/329 149/188/332
f 147/186/329 149/188/332 146/181/330
f 147/186/329 149/188/332 146/181/330
f 149/188/332 146/181/330 147/186/329
f 149/188/332 146/181/330 147/186/329
f 148/187/331 147/186/329 146/181/330
f 148/187/331 147/186/329 146/181/330
f 146/181/330 148/187/331 147/186/329
f 146/181/330 148/187/331 147/186/329
f 147/186/329 146/181/330 148/187/331
f 52/65/333 148/187/334 146/181/335
f 52/65/333 148/187/334 146/181/335
f 148/187/334 146/181/335 52/65/333
f 148/187/334 146/181/335 52/65/333
f 146/181/335 52/65/333 148/187/334
f 146/181/335 52/65/333 148/187/334
f 146/181/336 149/188/337 145/184/338
f 146/181/336 149/188/337 145/184/338
f 145/184/338 146/181/336 149/188/337
f 145/184/338 146/181/336 149/188/337
f 149/188/337 145/184/338 146/181/336
f 149/188/337 145/184/338 146/181/336
f 150/189/339 145/184/338 149/188/340
f 149/188/332 151/190/341 150/189/339
f 149/188/332 151/190/341 150/189/339
f 150/189/339 149/188/332 151/190/341
f 150/189/339 149/188/332 151/190/341
f 151/190/341 150/189/339 149/188/332
f 151/190/341 150/189/339 149/188/332
f 145/184/338 149/188/340 150/189/339
f 145/184/338 149/188/340 150/189/339
f 149/188/340 150/189/339 145/184/338
f 149/188/340 150/189/339 145/184/338
f 150/189/339 145/184/338 149/188/340
f 151/190/342 149/188/337 152/191/343
f 149/188/337 152/191/343 151/190/342
f 149/188/337 152/191/343 151/190/342
f 152/191/343 151/190/342 149/188/337
f 152/191/343 151/190/342 149/188/337
f 151/190/342 149/188/337 152/191/343
f 147/186/329 152/191/344 149/188/337
f 147/186/329 152/191/344 149/188/337
f 149/188/337 147/186/329 152/191/344
f 149/188/337 147/186/329 152/191/344
f 152/191/344 149/188/337 147/186/329
f 152/191/344 149/188/337 147/186/329
f 153/192/345 152/191/343 155/193/346
f 152/191/343 153/192/347 154/194/348
f 152/191/343 153/192/347 154/194/348
f 153/192/347 154/194/348 152/191/343
f 153/192/347 154/194/348 152/191/343
f 154/194/348 152/191/343 153/192/347
f 154/194/348 152/191/343 153/192/347
f 155/193/346 153/192/345 152/191/349
f 155/193/346 153/192/345 152/191/349
f 152/191/343 155/193/346 153/192/345
f 152/191/343 155/193/346 153/192/345
f 153/192/345 152/191/343 155/193/346
f 152/191/350 154/194/348 151/190/351
f 152/191/350 154/194/348 151/190/351
f 151/190/351 152/191/350 154/194/348
f 151/190/351 152/191/350 154/194/348
f 154/194/348 151/190/351 152/191/350
f 154/194/348 151/190/351 152/191/350
f 152/191/349 147/186/352 155/193/353
f 147/186/352 155/193/353 152/191/349
f 147/186/352 155/193/353 152/191/349
f 155/193/353 152/191/349 147/186/352
f 155/193/353 152/191/349 147/186/352
f 152/191/349 147/186/352 155/193/353
f 156/195/354 155/193/353 158/196/355
f 155/193/353 156/195/354 153/192/347
f 155/193/353 156/195/354 153/192/347
f 156/195/354 153/192/347 155/193/353
f 156/195/354 153/192/347 155/193/353
f 153/192/347 155/193/353 156/195/354
f 153/192/347 155/193/353 156/195/354
f 158/196/355 156/195/354 155/193/353
f 158/196/355 156/195/354 155/193/353
f 155/193/353 158/196/355 156/195/354
f 155/193/353 158/196/355 156/195/354
f 156/195/354 155/193/353 158/196/355
f 155/193/356 147/186/329 157/197/357
f 157/197/357 155/193/356 147/186/329
f 157/197/357 155/193/356 147/186/329
f 147/186/329 157/197/357 155/193/356
f 147/186/329 157/197/357 155/193/356
f 155/193/356 147/186/329 157/197/357
f 155/193/346 157/197/357 158/196/358
f 157/197/357 158/196/358 155/193/346
f 157/197/357 158/196/358 155/193/346
f 158/196/358 155/193/346 157/197/357
f 158/196/358 155/193/346 157/197/357
f 155/193/346 157/197/357 158/196/358
f 3/4/6 158/196/355 4/5/359
f 158/196/355 3/4/5 156/195/354
f 158/196/355 3/4/5 156/195/354
f 3/4/5 156/195/354 158/196/355
f 3/4/5 156/195/354 158/196/355
f 156/195/354 158/196/355 3/4/5
f 156/195/354 158/196/355 3/4/5
f 4/5/359 3/4/6 158/196/355
f 4/5/359 3/4/6 158/196/355
f 158/196/355 4/5/359 3/4/6
f 158/196/355 4/5/359 3/4/6
f 3/4/6 158/196/355 4/5/359
f 158/196/355 157/197/360 159/198/361
f 159/198/361 158/196/355 157/197/360
f 159/198/361 158/196/355 157/197/360
f 157/197/360 159/198/361 158/196/355
f 157/197/360 159/198/361 158/196/355
f 158/196/355 157/197/360 159/198/361
f 158/196/355 159/198/361 4/5/8
f 159/198/361 4/5/8 158/196/358
f 159/198/361 4/5/8 158/196/358
f 4/5/8 158/196/355 159/198/361
f 4/5/8 158/196/355 159/198/361
f 158/196/355 159/198/361 4/5/8
f 159/198/361 46/57/362 47/56/99
f 47/56/97 5/6/9 159/198/361
f 47/56/97 5/6/9 159/198/361
f 159/198/361 47/56/97 5/6/9
f 159/198/361 47/56/97 5/6/9
f 5/6/9 159/198/361 47/56/97
f 5/6/9 159/198/361 47/56/97
f 46/57/362 47/56/99 159/198/361
f 46/57/362 47/56/99 159/198/361
f 47/56/99 159/198/361 46/57/362
f 47/56/99 159/198/361 46/57/362
f 159/198/361 46/57/362 47/56/99
f 46/57/362 159/198/363 157/197/357
f 46/57/362 159/198/363 157/197/357
f 159/198/363 157/197/357 46/57/362
f 159/198/363 157/197/357 46/57/362
f 157/197/357 46/57/362 159/198/363
f 157/197/357 46/57/362 159/198/363
f 4/5/7 159/198/364 5/6/9
f 159/198/364 5/6/9 4/5/7
f 159/198/364 5/6/9 4/5/7
f 5/6/9 4/5/7 159/198/364
f 5/6/9 4/5/7 159/198/364
f 4/5/7 159/198/364 5/6/9
f 147/186/329 148/187/331 157/197/360
f 148/187/331 157/197/360 147/186/329
f 148/187/331 157/197/360 147/186/329
f 157/197/360 147/186/329 148/187/331
f 157/197/360 147/186/329 148/187/331
f 147/186/329 148/187/331 157/197/360
f 157/197/357 148/187/365 46/57/362
f 46/57/362 157/197/357 148/187/365
f 46/57/362 157/197/357 148/187/365
f 148/187/365 46/57/362 157/197/357
f 148/187/365 46/57/362 157/197/357
f 157/197/357 148/187/365 46/57/362
f 161/199/366 156/195/354 3/4/5
f 161/199/366 156/195/354 3/4/5
f 156/195/354 3/4/5 161/199/366
f 156/195/354 3/4/5 161/199/366
f 3/4/5 161/199/366 156/195/354
f 3/4/5 161/199/366 156/195/354
f 156/195/354 160/200/367 153/192/347
f 160/200/367 156/195/354 161/199/366
f 160/200/367 156/195/354 161/199/366
f 161/199/366 160/200/367 156/195/354
f 161/199/366 160/200/367 156/195/354
f 156/195/354 161/199/366 160/200/367
f 156/195/354 161/199/366 160/200/367
f 160/200/367 153/192/347 156/195/354
f 160/200/367 153/192/347 156/195/354
f 153/192/347 156/195/354 160/200/367
f 153/192/347 156/195/354 160/200/367
f 156/195/354 160/200/367 153/192/347
f 161/199/368 3/4/6 2/3/4
f 161/199/368 3/4/6 2/3/4
f 2/3/4 161/199/368 3/4/6
f 2/3/4 161/199/368 3/4/6
f 3/4/6 2/3/4 161/199/368
f 3/4/6 2/3/4 161/199/368
f 163/201/369 161/199/368 2/3/370
f 2/3/370 163/201/369 161/199/368
f 2/3/370 163/201/369 161/199/368
f 161/199/368 2/3/370 163/201/369
f 161/199/368 2/3/370 163/201/369
f 163/201/369 161/199/368 2/3/370
f 162/202/371 160/200/372 161/199/368
f 161/199/368 162/202/371 160/200/372
f 161/199/368 162/202/371 160/200/372
f 160/200/372 161/199/368 162/202/371
f 160/200/372 161/199/368 162/202/371
f 162/202/371 160/200/372 161/199/368
f 162/202/373 161/199/366 163/201/369
f 161/199/366 163/201/369 162/202/373
f 161/199/366 163/201/369 162/202/373
f 163/201/369 162/202/373 161/199/366
f 163/201/369 162/202/373 161/199/366
f 162/202/373 161/199/366 163/201/369
f 163/201/369 164/203/374 162/202/373
f 164/203/374 163/201/375 165/204/376
f 164/203/374 163/201/375 165/204/376
f 165/204/376 164/203/374 163/201/375
f 165/204/376 164/203/374 163/201/375
f 163/201/375 165/204/376 164/203/374
f 163/201/375 165/204/376 164/203/374
f 164/203/374 162/202/373 163/201/369
f 164/203/374 162/202/373 163/201/369
f 162/202/373 163/201/369 164/203/374
f 162/202/373 163/201/369 164/203/374
f 163/201/369 164/203/374 162/202/373
f 165/204/376 163/201/369 166/205/377
f 165/204/376 163/201/369 166/205/377
f 163/201/369 166/205/377 165/204/376
f 163/201/369 166/205/377 165/204/376
f 166/205/377 165/204/376 163/201/369
f 166/205/377 165/204/376 163/201/369
f 2/3/370 166/205/378 163/201/369
f 2/3/370 166/205/378 163/201/369
f 166/205/378 163/201/369 2/3/370
f 166/205/378 163/201/369 2/3/370
f 163/201/369 2/3/370 166/205/378
f 163/201/369 2/3/370 166/205/378
f 167/206/379 169/207/380 166/205/381
f 168/208/382 167/206/379 166/205/383
f 168/208/382 167/206/379 166/205/383
f 167/206/379 166/205/383 168/208/382
f 167/206/379 166/205/383 168/208/382
f 166/205/383 168/208/382 167/206/379
f 166/205/383 168/208/382 167/206/379
f 169/207/380 166/205/381 167/206/379
f 169/207/380 166/205/381 167/206/379
f 166/205/381 167/206/379 169/207/380
f 166/205/381 167/206/379 169/207/380
f 167/206/379 169/207/380 166/205/381
f 166/205/384 2/3/3 168/208/382
f 168/208/382 166/205/384 2/3/3
f 168/208/382 166/205/384 2/3/3
f 2/3/3 168/208/382 166/205/384
f 2/3/3 168/208/382 166/205/384
f 166/205/384 2/3/3 168/208/382
f 165/204/385 166/205/386 169/207/387
f 165/204/385 166/205/386 169/207/387
f 169/207/387 165/204/385 166/205/386
f 169/207/387 165/204/385 166/205/386
f 166/205/386 169/207/387 165/204/385
f 166/205/386 169/207/387 165/204/385
f 169/207/388 172/209/389 165/204/390
f 169/207/388 172/209/389 165/204/390
f 165/204/390 169/207/388 172/209/389
f 165/204/390 169/207/388 172/209/389
f 172/209/389 165/204/390 169/207/388
f 172/209/389 165/204/390 169/207/388
f 170/210/391 169/207/392 171/211/393
f 169/207/394 170/210/395 172/209/396
f 169/207/394 170/210/395 172/209/396
f 170/210/395 172/209/396 169/207/394
f 170/210/395 172/209/396 169/207/394
f 172/209/396 169/207/394 170/210/395
f 172/209/396 169/207/394 170/210/395
f 171/211/393 170/210/391 169/207/392
f 171/211/393 170/210/391 169/207/392
f 169/207/392 171/211/393 170/210/391
f 169/207/392 171/211/393 170/210/391
f 170/210/391 169/207/392 171/211/393
f 167/206/397 171/211/398 169/207/399
f 169/207/399 167/206/397 171/211/398
f 169/207/399 167/206/397 171/211/398
f 171/211/398 169/207/399 167/206/397
f 171/211/398 169/207/399 167/206/397
f 167/206/397 171/211/398 169/207/399
f 165/204/400 172/209/401 173/212/402
f 165/204/400 172/209/401 173/212/402
f 172/209/401 173/212/402 165/204/400
f 172/209/401 173/212/402 165/204/400
f 173/212/402 165/204/400 172/209/401
f 173/212/402 165/204/400 172/209/401
f 172/209/403 175/213/404 173/212/405
f 175/213/404 173/212/405 172/209/403
f 175/213/404 173/212/405 172/209/403
f 173/212/405 172/209/403 175/213/404
f 173/212/405 172/209/403 175/213/404
f 172/209/403 175/213/404 173/212/405
f 170/210/406 174/214/407 172/209/403
f 174/214/407 172/209/403 170/210/406
f 174/214/407 172/209/403 170/210/406
f 172/209/403 170/210/406 174/214/407
f 172/209/403 170/210/406 174/214/407
f 170/210/406 174/214/407 172/209/403
f 172/209/403 174/214/407 175/213/404
f 175/213/404 172/209/403 174/214/407
f 175/213/404 172/209/403 174/214/407
f 174/214/407 175/213/404 172/209/403
f 174/214/407 175/213/404 172/209/403
f 172/209/403 174/214/407 175/213/404
f 173/212/405 175/213/408 176/215/409
f 176/215/409 173/212/405 175/213/408
f 176/215/409 173/212/405 175/213/408
f 175/213/408 176/215/409 173/212/405
f 175/213/408 176/215/409 173/212/405
f 173/212/405 175/213/408 176/215/409
f 173/212/410 176/215/409 177/216/411
f 176/215/409 177/216/411 173/212/410
f 176/215/409 177/216/411 173/212/410
f 177/216/411 173/212/410 176/215/409
f 177/216/411 173/212/410 176/215/409
f 173/212/410 176/215/409 177/216/411
f 177/216/411 176/215/409 178/217/412
f 178/217/412 177/216/411 176/215/409
f 178/217/412 177/216/411 176/215/409
f 176/215/409 178/217/412 177/216/411
f 176/215/409 178/217/412 177/216/411
f 177/216/411 176/215/409 178/217/412
f 177/216/413 178/217/412 171/211/414
f 171/211/414 178/217/415 170/210/416
f 171/211/414 178/217/415 170/210/416
f 178/217/415 170/210/416 171/211/414
f 178/217/415 170/210/416 171/211/414
f 170/210/416 171/211/414 178/217/415
f 170/210/416 171/211/414 178/217/415
f 171/211/414 177/216/413 178/217/412
f 171/211/414 177/216/413 178/217/412
f 178/217/412 171/211/414 177/216/413
f 178/217/412 171/211/414 177/216/413
f 177/216/413 178/217/412 171/211/414
f 178/217/412 179/218/417 170/210/406
f 179/218/417 170/210/406 178/217/412
f 179/218/417 170/210/406 178/217/412
f 170/210/406 178/217/412 179/218/417
f 170/210/406 178/217/412 179/218/417
f 178/217/412 179/218/417 170/210/406
f 170/210/418 179/218/417 174/214/407
f 174/214/407 170/210/418 179/218/417
f 174/214/407 170/210/418 179/218/417
f 179/218/417 174/214/407 170/210/418
f 179/218/417 174/214/407 170/210/418
f 170/210/418 179/218/417 174/214/407
f 177/216/419 180/219/420 164/203/421
f 180/219/422 177/216/423 167/206/424
f 180/219/422 177/216/423 167/206/424
f 177/216/423 167/206/424 180/219/422
f 177/216/423 167/206/424 180/219/422
f 167/206/424 180/219/422 177/216/423
f 167/206/424 180/219/422 177/216/423
f 164/203/421 177/216/419 180/219/420
f 164/203/421 177/216/419 180/219/420
f 180/219/420 164/203/421 177/216/419
f 180/219/420 164/203/421 177/216/419
f 177/216/419 180/219/420 164/203/421
f 177/216/425 171/211/426 167/206/427
f 171/211/426 167/206/427 177/216/425
f 171/211/426 167/206/427 177/216/425
f 167/206/427 177/216/425 171/211/426
f 167/206/427 177/216/425 171/211/426
f 177/216/425 171/211/426 167/206/427
f 177/216/428 164/203/429 173/212/430
f 164/203/429 173/212/430 177/216/428
f 164/203/429 173/212/430 177/216/428
f 173/212/430 177/216/428 164/203/429
f 173/212/430 177/216/428 164/203/429
f 177/216/428 164/203/429 173/212/430
f 168/208/382 181/220/431 180/219/432
f 180/219/432 167/206/379 168/208/382
f 180/219/432 167/206/379 168/208/382
f 168/208/382 180/219/432 167/206/379
f 168/208/382 180/219/432 167/206/379
f 167/206/379 168/208/382 180/219/432
f 167/206/379 168/208/382 180/219/432
f 181/220/431 180/219/432 168/208/382
f 181/220/431 180/219/432 168/208/382
f 180/219/432 168/208/382 181/220/431
f 180/219/432 168/208/382 181/220/431
f 168/208/382 181/220/431 180/219/432
f 180/219/432 181/220/433 164/203/374
f 164/203/374 180/219/432 181/220/433
f 164/203/374 180/219/432 181/220/433
f 181/220/433 164/203/374 180/219/432
f 181/220/433 164/203/374 180/219/432
f 180/219/432 181/220/433 164/203/374
f 182/221/434 181/220/435 8/9/12
f 181/220/435 182/221/436 162/202/371
f 181/220/435 182/221/436 162/202/371
f 182/221/436 162/202/371 181/220/435
f 182/221/436 162/202/371 181/220/435
f 162/202/371 181/220/435 182/221/436
f 162/202/371 181/220/435 182/221/436
f 8/9/12 182/221/434 181/220/435
f 8/9/12 182/221/434 181/220/435
f 181/220/435 8/9/12 182/221/434
f 181/220/435 8/9/12 182/221/434
f 182/221/434 181/220/435 8/9/12
f 181/220/435 162/202/371 164/203/374
f 181/220/435 162/202/371 164/203/374
f 164/203/374 181/220/435 162/202/371
f 164/203/374 181/220/435 162/202/371
f 162/202/371 164/203/374 181/220/435
f 162/202/371 164/203/374 181/220/435
f 181/220/433 168/208/437 8/9/12
f 181/220/433 168/208/437 8/9/12
f 8/9/12 181/220/433 168/208/437
f 8/9/12 181/220/433 168/208/437
f 168/208/437 8/9/12 181/220/433
f 168/208/437 8/9/12 181/220/433
f 160/200/438 162/202/371 182/221/436
f 160/200/438 162/202/371 182/221/436
f 162/202/371 182/221/436 160/200/438
f 162/202/371 182/221/436 160/200/438
f 182/221/436 160/200/438 162/202/371
f 182/221/436 160/200/438 162/202/371
f 182/221/434 8/9/12 14/15/23
f 14/15/23 182/221/434 8/9/12
f 14/15/23 182/221/434 8/9/12
f 8/9/12 14/15/23 182/221/434
f 8/9/12 14/15/23 182/221/434
f 182/221/434 8/9/12 14/15/23
f 182/221/436 14/15/23 154/194/348
f 14/15/23 154/194/348 182/221/436
f 14/15/23 154/194/348 182/221/436
f 154/194/348 182/221/436 14/15/23
f 154/194/348 182/221/436 14/15/23
f 182/221/436 14/15/23 154/194/348
f 160/200/372 182/221/436 154/194/348
f 160/200/372 182/221/436 154/194/348
f 154/194/348 160/200/372 182/221/436
f 154/194/348 160/200/372 182/221/436
f 182/221/436 154/194/348 160/200/372
f 182/221/436 154/194/348 160/200/372
f 173/212/439 164/203/440 165/204/441
f 165/204/441 173/212/439 164/203/440
f 165/204/441 173/212/439 164/203/440
f 164/203/440 165/204/441 173/212/439
f 164/203/440 165/204/441 173/212/439
f 173/212/439 164/203/440 165/204/441
f 8/9/442 168/208/382 2/3/443
f 8/9/442 168/208/382 2/3/443
f 168/208/382 2/3/443 8/9/442
f 168/208/382 2/3/443 8/9/442
f 2/3/443 8/9/442 168/208/382
f 2/3/443 8/9/442 168/208/382
f 153/192/345 160/200/372 154/194/348
f 154/194/348 153/192/345 160/200/372
f 154/194/348 153/192/345 160/200/372
f 160/200/372 154/194/348 153/192/345
f 160/200/372 154/194/348 153/192/345
f 153/192/345 160/200/372 154/194/348
f 154/194/348 14/15/23 183/222/444
f 183/222/444 154/194/348 14/15/23
f 183/222/444 154/194/348 14/15/23
f 14/15/23 183/222/444 154/194/348
f 14/15/23 183/222/444 154/194/348
f 154/194/348 14/15/23 183/222/444
f 154/194/445 183/222/446 151/190/447
f 183/222/446 151/190/447 154/194/445
f 183/222/446 151/190/447 154/194/445
f 151/190/447 154/194/445 183/222/446
f 151/190/447 154/194/445 183/222/446
f 154/194/445 183/222/446 151/190/447
f 14/15/23 13/16/24 183/222/448
f 13/16/24 183/222/448 14/15/23
f 13/16/24 183/222/448 14/15/23
f 183/222/448 14/15/23 13/16/24
f 183/222/448 14/15/23 13/16/24
f 14/15/23 13/16/24 183/222/448
f 183/222/446 13/16/24 20/223/31
f 20/223/31 183/222/446 13/16/24
f 20/223/31 183/222/446 13/16/24
f 13/16/24 20/223/31 183/222/446
f 13/16/24 20/223/31 183/222/446
f 183/222/446 13/16/24 20/223/31
f 183/222/444 20/223/31 184/224/449
f 184/224/449 183/222/444 20/223/31
f 184/224/449 183/222/444 20/223/31
f 20/223/31 184/224/449 183/222/444
f 20/223/31 184/224/449 183/222/444
f 183/222/444 20/223/31 184/224/449
f 183/222/448 184/224/450 151/190/341
f 184/224/450 151/190/341 183/222/448
f 184/224/450 151/190/341 183/222/448
f 151/190/341 183/222/448 184/224/450
f 151/190/341 183/222/448 184/224/450
f 183/222/448 184/224/450 151/190/341
f 20/223/31 185/225/451 184/224/452
f 185/225/451 184/224/452 20/223/31
f 185/225/451 184/224/452 20/223/31
f 184/224/452 20/223/31 185/225/451
f 184/224/452 20/223/31 185/225/451
f 20/223/31 185/225/451 184/224/452
f 151/190/341 184/224/452 150/189/339
f 150/189/339 151/190/341 184/224/452
f 150/189/339 151/190/341 184/224/452
f 184/224/452 150/189/339 151/190/341
f 184/224/452 150/189/339 151/190/341
f 151/190/341 184/224/452 150/189/339
f 184/224/449 185/225/453 186/226/454
f 186/226/454 184/224/449 185/225/453
f 186/226/454 184/224/449 185/225/453
f 185/225/453 186/226/454 184/224/449
f 185/225/453 186/226/454 184/224/449
f 184/224/449 185/225/453 186/226/454
f 184/224/450 186/226/454 150/189/339
f 186/226/454 150/189/339 184/224/450
f 186/226/454 150/189/339 184/224/450
f 150/189/339 184/224/450 186/226/454
f 150/189/339 184/224/450 186/226/454
f 184/224/450 186/226/454 150/189/339
f 150/189/339 186/226/454 145/184/338
f 145/184/338 150/189/339 186/226/454
f 145/184/338 150/189/339 186/226/454
f 186/226/454 145/184/338 150/189/339
f 186/226/454 145/184/338 150/189/339
f 150/189/339 186/226/454 145/184/338
f 187/227/455 145/184/456 186/226/457
f 187/227/455 145/184/456 186/226/457
f 145/184/456 186/226/457 187/227/455
f 145/184/456 186/226/457 187/227/455
f 186/226/457 187/227/455 145/184/456
f 186/226/457 187/227/455 145/184/456
f 187/227/455 186/226/457 188/228/458
f 187/227/455 186/226/457 188/228/458
f 188/228/458 187/227/455 186/226/457
f 188/228/458 187/227/455 186/226/457
f 186/226/457 188/228/458 187/227/455
f 186/226/457 188/228/458 187/227/455
f 188/228/459 186/226/460 185/225/461
f 188/228/459 186/226/460 185/225/461
f 186/226/460 185/225/461 188/228/459
f 186/226/460 185/225/461 188/228/459
f 185/225/461 188/228/459 186/226/460
f 185/225/461 188/228/459 186/226/460
f 185/225/462 25/229/41 188/228/463
f 25/230/41 189/231/464 188/232/465
f 25/230/41 189/231/464 188/232/465
f 188/232/465 25/230/41 189/231/464
f 188/232/465 25/230/41 189/231/464
f 189/231/464 188/232/465 25/230/41
f 189/231/464 188/232/465 25/230/41
f 188/228/463 185/225/462 25/229/41
f 188/228/463 185/225/462 25/229/41
f 25/229/41 188/228/463 185/225/462
f 25/229/41 188/228/463 185/225/462
f 185/225/462 25/229/41 188/228/463
f 188/232/465 190/233/466 187/234/467
f 188/232/465 190/233/466 187/234/467
f 187/234/467 188/232/465 190/233/466
f 187/234/467 188/232/465 190/233/466
f 190/233/466 187/234/467 188/232/465
f 190/233/466 187/234/467 188/232/465
f 188/232/465 189/231/464 190/233/466
f 188/232/465 189/231/464 190/233/466
f 189/231/464 190/233/466 188/232/465
f 189/231/464 190/233/466 188/232/465
f 190/233/466 188/232/465 189/231/464
f 190/233/466 188/232/465 189/231/464
f 141/178/316 187/234/467 190/233/466
f 190/233/466 130/165/468 141/178/316
f 190/233/466 130/165/468 141/178/316
f 141/178/316 190/233/466 130/165/468
f 141/178/316 190/233/466 130/165/468
f 130/165/468 141/178/316 190/233/466
f 130/165/468 141/178/316 190/233/466
f 187/234/467 190/233/466 141/178/316
f 187/234/467 190/233/466 141/178/316
f 190/233/466 141/178/316 187/234/467
f 190/233/466 141/178/316 187/234/467
f 141/178/316 187/234/467 190/233/466
f 125/159/266 190/233/469 189/231/464
f 190/233/469 125/159/266 130/165/468
f 190/233/469 125/159/266 130/165/468
f 125/159/266 130/165/468 190/233/469
f 125/159/266 130/165/468 190/233/469
f 130/165/468 190/233/469 125/159/266
f 130/165/468 190/233/469 125/159/266
f 189/231/464 125/159/266 190/233/466
f 189/231/464 125/159/266 190/233/466
f 190/233/469 189/231/464 125/159/266
f 190/233/469 189/231/464 125/159/266
f 125/159/266 190/233/469 189/231/464
f 189/231/464 25/230/41 191/235/470
f 191/235/470 189/231/464 25/230/41
f 191/235/470 189/231/464 25/230/41
f 25/230/41 191/235/470 189/231/464
f 25/230/41 191/235/470 189/231/464
f 189/231/464 25/230/41 191/235/470
f 125/159/266 189/231/464 126/158/265
f 126/158/265 125/159/266 189/231/464
f 126/158/265 125/159/266 189/231/464
f 189/231/464 126/158/265 125/159/266
f 189/231/464 126/158/265 125/159/266
f 125/159/266 189/231/464 126/158/265
f 189/231/464 191/235/470 126/158/265
f 191/235/470 126/158/265 189/231/464
f 191/235/470 126/158/265 189/231/464
f 126/158/265 189/231/464 191/235/470
f 126/158/265 189/231/464 191/235/470
f 189/231/464 191/235/470 126/158/265
f 90/110/194 191/236/470 29/32/49
f 191/236/470 90/110/194 192/237/471
f 191/236/470 90/110/194 192/237/471
f 192/237/471 191/236/470 90/110/194
f 192/237/471 191/236/470 90/110/194
f 90/110/194 192/237/471 191/236/470
f 90/110/194 192/237/471 191/236/470
f 191/236/470 29/32/49 90/110/194
f 191/236/470 29/32/49 90/110/194
f 29/32/49 90/110/194 191/236/470
f 29/32/49 90/110/194 191/236/470
f 90/110/194 191/236/470 29/32/49
f 126/158/265 191/235/470 192/238/471
f 192/238/471 126/158/265 191/235/470
f 192/238/471 126/158/265 191/235/470
f 191/235/470 192/238/471 126/158/265
f 191/235/470 192/238/471 126/158/265
f 126/158/265 191/235/470 192/238/471
f 29/32/49 191/236/470 25/33/41
f 25/33/41 29/32/49 191/236/470
f 25/33/41 29/32/49 191/236/470
f 191/236/470 25/33/41 29/32/49
f 191/236/470 25/33/41 29/32/49
f 29/32/49 191/236/470 25/33/41
f 192/237/471 90/110/194 91/112/196
f 192/237/471 90/110/194 91/112/196
f 90/110/194 91/112/196 192/237/471
f 90/110/194 91/112/196 192/237/471
f 91/112/196 192/237/471 90/110/194
f 91/112/196 192/237/471 90/110/194
f 192/237/471 91/112/196 193/239/472
f 192/237/471 91/112/196 193/239/472
f 193/239/472 192/237/471 91/112/196
f 193/239/472 192/237/471 91/112/196
f 91/112/196 193/239/472 192/237/471
f 91/112/196 193/239/472 192/237/471
f 126/158/265 192/238/471 128/160/268
f 192/238/471 128/160/268 126/158/265
f 192/238/471 128/160/268 126/158/265
f 128/160/268 126/158/265 192/238/471
f 128/160/268 126/158/265 192/238/471
f 126/158/265 192/238/471 128/160/268
f 128/160/268 192/238/471 193/240/472
f 193/240/472 128/160/268 192/238/471
f 193/240/472 128/160/268 192/238/471
f 192/238/471 193/240/472 128/160/268
f 192/238/471 193/240/472 128/160/268
f 128/160/268 192/238/471 193/240/472
f 128/160/268 193/240/472 194/241/473
f 193/239/472 91/112/196 194/242/473
f 193/239/472 91/112/196 194/242/473
f 91/112/196 194/242/473 193/239/472
f 91/112/196 194/242/473 193/239/472
f 194/242/473 193/239/472 91/112/196
f 194/242/473 193/239/472 91/112/196
f 193/240/472 194/241/473 128/160/268
f 193/240/472 194/241/473 128/160/268
f 194/241/473 128/160/268 193/240/472
f 194/241/473 128/160/268 193/240/472
f 128/160/268 193/240/472 194/241/473
f 196/243/474 194/244/475 195/245/476
f 123/150/258 195/245/476 194/244/475
f 123/150/258 195/245/476 194/244/475
f 195/245/476 194/244/475 123/150/258
f 195/245/476 194/244/475 123/150/258
f 194/244/475 123/150/258 195/245/476
f 194/244/475 123/150/258 195/245/476
f 195/245/476 196/243/474 194/244/475
f 195/245/476 196/243/474 194/244/475
f 194/244/475 195/245/476 196/243/474
f 194/244/475 195/245/476 196/243/474
f 196/243/474 194/244/475 195/245/476
f 128/160/268 194/241/477 123/153/270
f 123/153/270 128/160/268 194/241/477
f 123/153/270 128/160/268 194/241/477
f 194/241/477 123/153/270 128/160/268
f 194/241/477 123/153/270 128/160/268
f 128/160/268 194/241/477 123/153/270
f 197/246/478 194/247/475 196/248/474
f 196/248/474 197/246/478 194/247/475
f 196/248/474 197/246/478 194/247/475
f 194/247/475 196/248/474 197/246/478
f 194/247/475 196/248/474 197/246/478
f 197/246/478 194/247/475 196/248/474
f 92/118/203 194/247/475 197/246/478
f 194/247/475 197/246/478 92/118/203
f 194/247/475 197/246/478 92/118/203
f 197/246/478 92/118/203 194/247/475
f 197/246/478 92/118/203 194/247/475
f 92/118/203 194/247/475 197/246/478
f 92/113/197 194/242/477 91/112/196
f 92/113/197 194/242/477 91/112/196
f 194/242/477 91/112/196 92/113/197
f 194/242/477 91/112/196 92/113/197
f 91/112/196 92/113/197 194/242/477
f 91/112/196 92/113/197 194/242/477
f 94/117/202 92/118/203 197/246/478
f 197/246/479 105/131/230 94/117/213
f 197/246/479 105/131/230 94/117/213
f 105/131/230 94/117/213 197/246/479
f 105/131/230 94/117/213 197/246/479
f 94/117/213 197/246/479 105/131/230
f 94/117/213 197/246/479 105/131/230
f 197/246/478 94/117/202 92/118/203
f 197/246/478 94/117/202 92/118/203
f 92/118/203 197/246/478 94/117/202
f 92/118/203 197/246/478 94/117/202
f 94/117/202 92/118/203 197/246/478
f 106/130/480 105/131/230 197/246/481
f 106/130/480 105/131/230 197/246/481
f 197/246/481 106/130/480 105/131/230
f 197/246/481 106/130/480 105/131/230
f 105/131/230 197/246/481 106/130/480
f 105/131/230 197/246/481 106/130/480
f 196/248/482 106/130/232 197/246/479
f 196/248/482 106/130/232 197/246/479
f 106/130/232 197/246/479 196/248/482
f 106/130/232 197/246/479 196/248/482
f 197/246/479 196/248/482 106/130/232
f 197/246/479 196/248/482 106/130/232
f 111/138/236 108/136/234 196/243/482
f 108/134/234 106/130/229 196/248/482
f 108/134/483 196/248/484 106/130/483
f 196/248/484 106/130/483 108/134/483
f 196/248/484 106/130/483 108/134/483
f 106/130/483 108/134/483 196/248/484
f 106/130/483 108/134/483 196/248/484
f 108/136/234 196/243/482 111/138/236
f 108/136/234 196/243/482 111/138/236
f 196/243/482 111/138/236 108/136/234
f 196/243/482 111/138/236 108/136/234
f 111/138/236 108/136/234 196/243/482
f 195/245/485 111/138/236 196/243/482
f 196/243/482 195/245/485 111/138/236
f 196/243/482 195/245/485 111/138/236
f 111/138/236 196/243/482 195/245/485
f 111/138/236 196/243/482 195/245/485
f 195/245/485 111/138/236 196/243/482
f 120/147/249 114/140/238 195/245/485
f 111/138/236 195/245/486 114/140/238
f 111/138/236 195/245/486 114/140/238
f 195/245/486 114/140/238 111/138/236
f 195/245/486 114/140/238 111/138/236
f 114/140/238 111/138/236 195/245/486
f 114/140/238 111/138/236 195/245/486
f 195/245/485 120/147/249 114/140/238
f 195/245/485 120/147/249 114/140/238
f 114/140/238 195/245/485 120/147/249
f 114/140/238 195/245/485 120/147/249
f 120/147/249 114/140/238 195/245/485
f 120/147/250 195/245/476 123/150/258
f 120/147/250 195/245/476 123/150/258
f 123/150/258 120/147/250 195/245/476
f 123/150/258 120/147/250 195/245/476
f 195/245/476 123/150/258 120/147/250
f 195/245/476 123/150/258 120/147/250
f 143/180/318 187/234/467 141/178/313
f 187/234/467 143/180/318 144/183/323
f 187/234/467 143/180/318 144/183/323
f 144/183/323 187/234/467 143/180/318
f 144/183/323 187/234/467 143/180/318
f 143/180/318 144/183/323 187/234/467
f 143/180/318 144/183/323 187/234/467
f 187/234/467 141/178/313 143/180/318
f 187/234/467 141/178/313 143/180/318
f 141/178/313 143/180/318 187/234/467
f 141/178/313 143/180/318 187/234/467
f 143/180/318 187/234/467 141/178/313
f 145/184/324 187/227/487 144/185/325
f 144/185/325 145/184/324 187/227/487
f 144/185/325 145/184/324 187/227/487
f 187/227/487 144/185/325 145/184/324
f 187/227/487 144/185/325 145/184/324
f 145/184/324 187/227/487 144/185/325
f 185/225/488 20/223/31 26/249/40
f 185/225/488 20/223/31 26/249/40
f 26/249/40 185/225/488 20/223/31
f 26/249/40 185/225/488 20/223/31
f 20/223/31 26/249/40 185/225/488
f 20/223/31 26/249/40 185/225/488
f 25/229/41 185/225/489 26/249/40
f 25/229/41 185/225/489 26/249/40
f 185/225/489 26/249/40 25/229/41
f 185/225/489 26/249/40 25/229/41
f 26/249/40 25/229/41 185/225/489
f 26/249/40 25/229/41 185/225/489
f 148/187/490 52/65/321 46/57/491
f 52/65/321 46/57/491 148/187/490
f 52/65/321 46/57/491 148/187/490
f 46/57/491 148/187/490 52/65/321
f 46/57/491 148/187/490 52/65/321
f 148/187/490 52/65/321 46/57/491
f 113/141/239 114/140/238 120/147/249
f 114/140/238 120/147/249 113/141/239
f 114/140/238 120/147/249 113/141/239
f 120/147/249 113/141/239 114/140/238
f 120/147/249 113/141/239 114/140/238
f 113/141/239 114/140/238 120/147/249
f 118/145/246 67/82/247 198/250/492
f 198/250/492 118/145/246 67/82/247
f 198/250/492 118/145/246 67/82/247
f 67/82/247 198/250/492 118/145/246
f 67/82/247 198/250/492 118/145/246
f 118/145/246 67/82/247 198/250/492
f 68/83/493 198/250/492 67/82/152
f 68/83/493 198/250/492 67/82/152
f 198/250/492 67/82/152 68/83/493
f 198/250/492 67/82/152 68/83/493
f 67/82/152 68/83/493 198/250/492
f 67/82/152 68/83/493 198/250/492
f 97/123/214 94/117/213 105/131/230
f 105/131/230 97/123/214 94/117/213
f 105/131/230 97/123/214 94/117/213
f 94/117/213 105/131/230 97/123/214
f 94/117/213 105/131/230 97/123/214
f 97/123/214 94/117/213 105/131/230
f 74/91/168 80/121/207 96/120/206
f 80/121/207 96/120/206 74/91/168
f 80/121/207 96/120/206 74/91/168
f 96/120/206 74/91/168 80/121/207
f 96/120/206 74/91/168 80/121/207
f 74/91/168 80/121/207 96/120/206
f 72/90/169 74/91/168 96/120/206
f 96/120/206 72/90/169 74/91/168
f 96/120/206 72/90/169 74/91/168
f 74/91/168 96/120/206 72/90/169
f 74/91/168 96/120/206 72/90/169
f 72/90/169 74/91/168 96/120/206
f 89/111/195 90/110/194 29/32/49
f 89/111/195 90/110/194 29/32/49
f 90/110/194 29/32/49 89/111/195
f 90/110/194 29/32/49 89/111/195
f 29/32/49 89/111/195 90/110/194
f 29/32/49 89/111/195 90/110/194
f 89/111/195 29/32/49 28/34/50
f 89/111/195 29/32/49 28/34/50
f 29/32/49 28/34/50 89/111/195
f 29/32/49 28/34/50 89/111/195
f 28/34/50 89/111/195 29/32/49
f 28/34/50 89/111/195 29/32/49
f 89/109/494 199/251/495 85/104/496
f 199/251/497 89/109/498 87/252/499
f 199/251/497 89/109/498 87/252/499
f 89/109/498 87/252/500 199/251/497
f 89/109/498 87/252/500 199/251/497
f 87/252/499 199/251/497 89/109/498
f 87/252/499 199/251/497 89/109/498
f 85/104/496 89/109/494 199/251/495
f 85/104/496 89/109/494 199/251/495
f 199/251/495 85/104/496 89/109/494
f 199/251/495 85/104/496 89/109/494
f 89/109/494 199/251/495 85/104/496
f 89/111/195 28/34/50 87/108/501
f 89/111/195 28/34/50 87/108/501
f 87/108/501 89/111/195 28/34/50
f 87/108/501 89/111/195 28/34/50
f 28/34/50 87/108/501 89/111/195
f 28/34/50 87/108/501 89/111/195
f 201/253/502 85/104/503 199/251/504
f 199/251/504 201/253/502 85/104/503
f 199/251/504 201/253/502 85/104/503
f 85/104/503 199/251/504 201/253/502
f 85/104/503 199/251/504 201/253/502
f 201/253/502 85/104/503 199/251/504
f 200/254/505 199/251/506 202/255/507
f 199/251/508 200/254/509 201/253/510
f 199/251/508 200/254/509 201/253/510
f 200/254/509 201/253/510 199/251/508
f 200/254/509 201/253/510 199/251/508
f 201/253/510 199/251/508 200/254/509
f 201/253/510 199/251/508 200/254/509
f 202/255/507 200/254/505 199/251/506
f 202/255/507 200/254/505 199/251/506
f 199/251/506 202/255/507 200/254/505
f 199/251/506 202/255/507 200/254/505
f 200/254/505 199/251/506 202/255/507
f 199/251/511 87/252/512 202/255/513
f 199/251/511 87/252/512 202/255/513
f 202/255/513 199/251/511 87/252/512
f 202/255/513 199/251/511 87/252/512
f 87/252/512 202/255/513 199/251/511
f 87/252/512 202/255/513 199/251/511
f 87/107/500 86/105/514 202/256/515
f 202/256/515 87/107/500 86/105/514
f 202/256/515 87/107/500 86/105/514
f 86/105/514 202/256/515 87/107/500
f 86/105/514 202/256/515 87/107/500
f 87/107/500 86/105/514 202/256/515
f 204/257/516 202/256/517 86/105/518
f 86/105/518 204/257/516 202/256/517
f 86/105/518 204/257/516 202/256/517
f 202/256/517 86/105/518 204/257/516
f 202/256/517 86/105/518 204/257/516
f 204/257/516 202/256/517 86/105/518
f 200/254/519 202/255/520 203/258/521
f 202/255/520 203/258/521 200/254/519
f 202/255/520 203/258/521 200/254/519
f 203/258/521 200/254/519 202/255/520
f 203/258/521 200/254/519 202/255/520
f 200/254/519 202/255/520 203/258/521
f 202/256/522 204/257/523 203/259/524
f 202/256/522 204/257/523 203/259/524
f 204/257/523 203/259/524 202/256/522
f 204/257/523 203/259/524 202/256/522
f 203/259/524 202/256/522 204/257/523
f 203/259/524 202/256/522 204/257/523
f 204/257/525 86/105/526 201/253/527
f 86/105/526 201/253/527 204/257/525
f 86/105/526 201/253/527 204/257/525
f 201/253/527 204/257/525 86/105/526
f 201/253/527 204/257/525 86/105/526
f 204/257/525 86/105/526 201/253/527
f 201/253/528 86/105/529 85/104/530
f 85/104/530 201/253/528 86/105/529
f 85/104/530 201/253/528 86/105/529
f 86/105/529 85/104/530 201/253/528
f 86/105/529 85/104/530 201/253/528
f 201/253/528 86/105/529 85/104/530
f 40/48/531 87/108/532 31/37/56
f 87/108/191 40/48/79 82/100/183
f 87/108/191 40/48/79 82/100/183
f 82/100/533 87/108/191 40/48/79
f 82/100/533 87/108/191 40/48/79
f 40/48/79 82/100/533 87/108/191
f 40/48/79 82/100/533 87/108/191
f 87/108/532 31/37/56 40/48/531
f 87/108/532 31/37/56 40/48/531
f 31/37/56 40/48/531 87/108/532
f 31/37/56 40/48/531 87/108/532
f 40/48/531 87/108/532 31/37/56
f 31/37/59 87/108/501 28/34/50
f 87/108/501 28/34/50 31/37/59
f 87/108/501 28/34/50 31/37/59
f 28/34/50 31/37/59 87/108/501
f 28/34/50 31/37/59 87/108/501
f 31/37/59 87/108/501 28/34/50
f 42/51/534 82/100/535 40/48/79
f 82/100/182 42/51/85 79/97/179
f 82/100/182 42/51/85 79/97/179
f 79/97/179 82/100/182 42/51/85
f 79/97/179 82/100/182 42/51/85
f 42/51/85 79/97/179 82/100/182
f 42/51/85 79/97/179 82/100/182
f 82/100/535 40/48/79 42/51/534
f 82/100/535 40/48/79 42/51/534
f 40/48/79 42/51/534 82/100/535
f 40/48/79 42/51/534 82/100/535
f 42/51/534 82/100/535 40/48/79
f 205/260/536 79/97/179 42/51/534
f 79/97/179 205/260/536 77/94/175
f 79/97/179 205/260/536 77/94/175
f 77/94/175 79/97/179 205/260/536
f 77/94/175 79/97/179 205/260/536
f 205/260/536 77/94/175 79/97/179
f 205/260/536 77/94/175 79/97/179
f 79/97/179 42/51/534 205/260/536
f 79/97/179 42/51/534 205/260/536
f 42/51/534 205/260/536 79/97/179
f 42/51/534 205/260/536 79/97/179
f 205/260/536 79/97/179 42/51/534
f 42/51/537 43/52/90 205/260/536
f 43/52/90 205/260/536 42/51/537
f 43/52/90 205/260/536 42/51/537
f 205/260/536 42/51/537 43/52/90
f 205/260/536 42/51/537 43/52/90
f 42/51/537 43/52/90 205/260/536
f 205/260/538 43/52/90 49/60/539
f 49/60/539 205/260/538 43/52/90
f 49/60/539 205/260/538 43/52/90
f 43/52/90 49/60/539 205/260/538
f 43/52/90 49/60/539 205/260/538
f 205/260/538 43/52/90 49/60/539
f 205/260/538 49/60/540 54/66/119
f 54/66/119 205/260/538 49/60/540
f 54/66/119 205/260/538 49/60/540
f 49/60/540 54/66/119 205/260/538
f 49/60/540 54/66/119 205/260/538
f 205/260/538 49/60/540 54/66/119
f 205/260/536 54/66/119 77/94/175
f 54/66/119 77/94/175 205/260/536
f 54/66/119 77/94/175 205/260/536
f 77/94/175 205/260/536 54/66/119
f 77/94/175 205/260/536 54/66/119
f 205/260/536 54/66/119 77/94/175
f 77/94/176 54/66/119 56/68/125
f 56/68/125 77/94/176 54/66/119
f 56/68/125 77/94/176 54/66/119
f 54/66/119 56/68/125 77/94/176
f 54/66/119 56/68/125 77/94/176
f 77/94/176 54/66/119 56/68/125
f 73/89/541 72/90/542 75/92/543
f 72/90/542 75/92/543 73/89/541
f 72/90/542 75/92/543 73/89/541
f 75/92/543 73/89/541 72/90/542
f 75/92/543 73/89/541 72/90/542
f 73/89/541 72/90/542 75/92/543
f 62/74/544 71/87/163 57/69/135
f 71/87/163 57/69/135 62/74/544
f 71/87/163 57/69/135 62/74/544
f 57/69/135 62/74/544 71/87/163
f 57/69/135 62/74/544 71/87/163
f 62/74/544 71/87/163 57/69/135
f 57/69/135 71/87/545 56/68/125
f 56/68/125 57/69/135 71/87/545
f 56/68/125 57/69/135 71/87/545
f 71/87/545 56/68/125 57/69/135
f 71/87/545 56/68/125 57/69/135
f 57/69/135 71/87/545 56/68/125
f 59/71/546 50/62/112 51/63/114
f 51/63/114 59/71/546 50/62/112
f 51/63/114 59/71/546 50/62/112
f 50/62/112 51/63/114 59/71/546
f 50/62/112 51/63/114 59/71/546
f 59/71/546 50/62/112 51/63/114
f 206/261/547 47/56/99 45/55/93
f 47/56/99 206/261/548 5/6/9
f 47/56/99 206/261/548 5/6/9
f 206/261/548 5/6/9 47/56/99
f 206/261/548 5/6/9 47/56/99
f 5/6/9 47/56/99 206/261/548
f 5/6/9 47/56/99 206/261/548
f 45/55/93 206/261/547 47/56/99
f 45/55/93 206/261/547 47/56/99
f 47/56/99 45/55/93 206/261/547
f 47/56/99 45/55/93 206/261/547
f 206/261/547 47/56/99 45/55/93
f 206/261/547 207/262/549 209/263/550
f 207/262/549 206/261/547 208/264/551
f 207/262/549 206/261/547 208/264/551
f 206/261/547 208/264/551 207/262/549
f 206/261/547 208/264/551 207/262/549
f 208/264/551 207/262/549 206/261/547
f 208/264/551 207/262/549 206/261/547
f 209/263/550 206/261/547 207/262/549
f 209/263/550 206/261/547 207/262/549
f 207/262/549 209/263/550 206/261/547
f 207/262/549 209/263/550 206/261/547
f 206/261/547 207/262/549 209/263/550
f 206/261/548 45/55/93 208/264/551
f 45/55/93 208/264/551 206/261/548
f 45/55/93 208/264/551 206/261/548
f 208/264/551 206/261/548 45/55/93
f 208/264/551 206/261/548 45/55/93
f 206/261/548 45/55/93 208/264/551
f 206/261/547 209/263/552 5/6/9
f 209/263/552 5/6/9 206/261/547
f 209/263/552 5/6/9 206/261/547
f 5/6/9 206/261/547 209/263/552
f 5/6/9 206/261/547 209/263/552
f 206/261/547 209/263/552 5/6/9
f 210/265/553 209/263/550 207/262/549
f 209/263/552 210/265/553 9/8/11
f 209/263/552 210/265/553 9/8/11
f 210/265/553 9/8/11 209/263/552
f 210/265/553 9/8/11 209/263/552
f 9/8/11 209/263/552 210/265/553
f 9/8/11 209/263/552 210/265/553
f 207/262/549 210/265/553 209/263/552
f 207/262/549 210/265/553 209/263/552
f 209/263/550 207/262/549 210/265/553
f 209/263/550 207/262/549 210/265/553
f 210/265/553 209/263/550 207/262/549
f 6/7/10 209/263/552 9/8/11
f 9/8/11 6/7/10 209/263/552
f 9/8/11 6/7/10 209/263/552
f 209/263/552 9/8/11 6/7/10
f 209/263/552 9/8/11 6/7/10
f 6/7/10 209/263/552 9/8/11
f 209/263/552 6/7/10 5/6/9
f 209/263/552 6/7/10 5/6/9
f 6/7/10 5/6/9 209/263/552
f 6/7/10 5/6/9 209/263/552
f 5/6/9 209/263/552 6/7/10
f 5/6/9 209/263/552 6/7/10
f 210/265/553 211/266/554 212/267/555
f 211/266/554 210/265/553 213/268/556
f 211/266/554 210/265/553 213/268/556
f 210/265/553 213/268/556 211/266/554
f 210/265/553 213/268/556 211/266/554
f 213/268/556 211/266/554 210/265/553
f 213/268/556 211/266/554 210/265/553
f 212/267/555 210/265/553 211/266/554
f 212/267/555 210/265/553 211/266/554
f 211/266/554 212/267/555 210/265/553
f 211/266/554 212/267/555 210/265/553
f 210/265/553 211/266/554 212/267/555
f 210/265/553 207/262/549 213/268/556
f 207/262/549 213/268/556 210/265/553
f 207/262/549 213/268/556 210/265/553
f 213/268/556 210/265/553 207/262/549
f 213/268/556 210/265/553 207/262/549
f 210/265/553 207/262/549 213/268/556
f 212/267/557 9/8/558 210/265/553
f 212/267/557 9/8/558 210/265/553
f 9/8/558 210/265/553 212/267/557
f 9/8/558 210/265/553 212/267/557
f 210/265/553 212/267/557 9/8/558
f 210/265/553 212/267/557 9/8/558
f 213/268/556 16/20/27 17/21/559
f 211/266/554 213/268/560 17/21/29
f 211/266/554 213/268/560 17/21/29
f 213/268/560 17/21/29 211/266/554
f 213/268/560 17/21/29 211/266/554
f 17/21/29 211/266/554 213/268/560
f 17/21/29 211/266/554 213/268/560
f 16/20/27 17/21/559 213/268/556
f 16/20/27 17/21/559 213/268/556
f 17/21/559 213/268/556 16/20/27
f 17/21/559 213/268/556 16/20/27
f 213/268/556 16/20/27 17/21/559
f 213/268/556 214/269/561 16/20/27
f 214/269/562 213/268/563 207/262/549
f 214/269/562 213/268/563 207/262/549
f 207/262/549 214/269/562 213/268/563
f 207/262/549 214/269/562 213/268/563
f 213/268/563 207/262/549 214/269/562
f 213/268/563 207/262/549 214/269/562
f 16/20/27 213/268/556 214/269/561
f 16/20/27 213/268/556 214/269/561
f 214/269/561 16/20/27 213/268/556
f 214/269/561 16/20/27 213/268/556
f 213/268/556 214/269/561 16/20/27
f 208/264/551 214/269/562 207/262/549
f 207/262/549 208/264/551 214/269/562
f 207/262/549 208/264/551 214/269/562
f 214/269/562 207/262/549 208/264/551
f 214/269/562 207/262/549 208/264/551
f 208/264/551 214/269/562 207/262/549
f 19/23/32 16/20/27 214/269/561
f 214/269/561 19/23/32 16/20/27
f 214/269/561 19/23/32 16/20/27
f 16/20/27 214/269/561 19/23/32
f 16/20/27 214/269/561 19/23/32
f 19/23/32 16/20/27 214/269/561
f 214/269/562 208/264/551 215/270/564
f 214/269/562 208/264/551 215/270/564
f 208/264/551 215/270/564 214/269/562
f 208/264/551 215/270/564 214/269/562
f 215/270/564 214/269/562 208/264/551
f 215/270/564 214/269/562 208/264/551
f 19/23/32 214/269/561 215/270/564
f 214/269/561 215/270/564 19/23/32
f 214/269/561 215/270/564 19/23/32
f 215/270/564 19/23/32 214/269/561
f 215/270/564 19/23/32 214/269/561
f 19/23/32 214/269/561 215/270/564
f 215/270/564 35/42/64 19/23/32
f 35/42/64 19/23/32 215/270/564
f 35/42/64 19/23/32 215/270/564
f 19/23/32 215/270/564 35/42/64
f 19/23/32 215/270/564 35/42/64
f 215/270/564 35/42/64 19/23/32
f 208/264/551 38/44/69 215/270/564
f 38/44/69 215/270/564 208/264/551
f 38/44/69 215/270/564 208/264/551
f 215/270/564 208/264/551 38/44/69
f 215/270/564 208/264/551 38/44/69
f 208/264/551 38/44/69 215/270/564
f 215/270/564 38/44/69 35/42/64
f 35/42/64 215/270/564 38/44/69
f 35/42/64 215/270/564 38/44/69
f 38/44/69 35/42/64 215/270/564
f 38/44/69 35/42/64 215/270/564
f 215/270/564 38/44/69 35/42/64
f 218/271/565 212/267/557 211/266/554
f 218/271/565 212/267/557 211/266/554
f 212/267/557 211/266/554 218/271/565
f 212/267/557 211/266/554 218/271/565
f 211/266/554 218/271/565 212/267/557
f 211/266/554 218/271/565 212/267/557
f 212/267/555 216/272/566 217/273/567
f 216/272/566 212/267/555 218/271/565
f 216/272/566 212/267/555 218/271/565
f 218/271/565 216/272/566 212/267/555
f 218/271/565 216/272/566 212/267/555
f 212/267/555 218/271/565 216/272/566
f 212/267/555 218/271/565 216/272/566
f 217/273/567 212/267/555 216/272/566
f 217/273/567 212/267/555 216/272/566
f 216/272/566 217/273/567 212/267/555
f 216/272/566 217/273/567 212/267/555
f 212/267/555 216/272/566 217/273/567
f 217/273/568 9/8/11 212/267/555
f 217/273/568 9/8/11 212/267/555
f 9/8/11 212/267/555 217/273/568
f 9/8/11 212/267/555 217/273/568
f 212/267/555 217/273/568 9/8/11
f 212/267/555 217/273/568 9/8/11
f 218/271/569 219/274/570 220/275/571
f 219/274/572 218/271/573 221/276/574
f 219/274/572 218/271/573 221/276/574
f 218/271/573 221/276/574 219/274/572
f 218/271/573 221/276/574 219/274/572
f 221/276/574 219/274/572 218/271/573
f 221/276/574 219/274/572 218/271/573
f 220/275/571 218/271/569 219/274/570
f 220/275/571 218/271/569 219/274/570
f 219/274/570 220/275/571 218/271/569
f 219/274/570 220/275/571 218/271/569
f 218/271/569 219/274/570 220/275/571
f 218/271/575 220/275/576 216/272/577
f 220/275/576 216/272/577 218/271/575
f 220/275/576 216/272/577 218/271/575
f 216/272/577 218/271/575 220/275/576
f 216/272/577 218/271/575 220/275/576
f 218/271/575 220/275/576 216/272/577
f 222/277/578 221/276/579 218/271/565
f 218/271/565 222/277/578 221/276/579
f 218/271/565 222/277/578 221/276/579
f 221/276/579 218/271/565 222/277/578
f 221/276/579 218/271/565 222/277/578
f 222/277/578 221/276/579 218/271/565
f 222/277/580 218/271/565 211/266/554
f 218/271/565 211/266/554 222/277/580
f 218/271/565 211/266/554 222/277/580
f 211/266/554 222/277/580 218/271/581
f 211/266/554 222/277/580 218/271/581
f 222/277/580 218/271/565 211/266/554
f 10/11/582 223/278/583 222/277/580
f 221/276/579 222/277/584 223/278/583
f 221/276/579 222/277/584 223/278/583
f 222/277/584 223/278/583 221/276/579
f 222/277/584 223/278/583 221/276/579
f 223/278/583 221/276/579 222/277/584
f 223/278/583 221/276/579 222/277/584
f 222/277/580 10/11/14 223/278/583
f 222/277/580 10/11/14 223/278/583
f 223/278/583 222/277/580 10/11/582
f 223/278/583 222/277/580 10/11/582
f 10/11/582 223/278/583 222/277/580
f 17/21/559 222/277/580 211/266/554
f 211/266/554 17/21/559 222/277/580
f 211/266/554 17/21/559 222/277/580
f 222/277/580 211/266/554 17/21/559
f 222/277/580 211/266/554 17/21/559
f 17/21/559 222/277/580 211/266/554
f 10/11/14 222/277/580 17/21/29
f 222/277/580 17/21/29 10/11/14
f 222/277/580 17/21/29 10/11/14
f 17/21/29 10/11/14 222/277/580
f 17/21/29 10/11/14 222/277/580
f 10/11/14 222/277/580 17/21/29
f 221/276/585 223/278/583 224/279/586
f 221/276/585 223/278/583 224/279/586
f 224/279/586 221/276/585 223/278/583
f 224/279/586 221/276/585 223/278/583
f 223/278/583 224/279/586 221/276/585
f 223/278/583 224/279/586 221/276/585
f 9/8/587 223/278/583 10/11/588
f 223/278/583 9/8/589 217/273/590
f 223/278/583 9/8/589 217/273/590
f 217/273/590 223/278/583 9/8/589
f 217/273/590 223/278/583 9/8/589
f 9/8/589 217/273/590 223/278/583
f 9/8/589 217/273/590 223/278/583
f 223/278/583 10/11/588 9/8/587
f 223/278/583 10/11/588 9/8/587
f 10/11/588 9/8/587 223/278/583
f 10/11/588 9/8/587 223/278/583
f 9/8/587 223/278/583 10/11/588
f 224/279/586 223/278/583 217/273/591
f 224/279/586 223/278/583 217/273/591
f 223/278/583 217/273/591 224/279/586
f 223/278/583 217/273/591 224/279/586
f 217/273/591 224/279/586 223/278/583
f 217/273/591 224/279/586 223/278/583
f 217/273/592 225/280/593 224/279/586
f 226/281/594 224/279/595 225/280/596
f 226/281/594 224/279/595 225/280/596
f 224/279/595 225/280/596 226/281/594
f 224/279/595 225/280/596 226/281/594
f 225/280/596 226/281/594 224/279/595
f 225/280/596 226/281/594 224/279/595
f 224/279/586 217/273/592 225/280/593
f 224/279/586 217/273/592 225/280/593
f 225/280/593 224/279/586 217/273/592
f 225/280/593 224/279/586 217/273/592
f 217/273/592 225/280/593 224/279/586
f 224/279/597 219/274/598 221/276/599
f 219/274/600 224/279/601 226/281/602
f 219/274/600 224/279/601 226/281/602
f 226/281/602 219/274/600 224/279/601
f 226/281/602 219/274/600 224/279/601
f 224/279/601 226/281/602 219/274/600
f 224/279/601 226/281/602 219/274/600
f 219/274/598 221/276/599 224/279/597
f 219/274/598 221/276/599 224/279/597
f 221/276/599 224/279/597 219/274/598
f 221/276/599 224/279/597 219/274/598
f 224/279/597 219/274/598 221/276/599
f 227/282/603 226/281/604 228/283/605
f 226/281/604 227/282/606 219/274/607
f 226/281/604 227/282/606 219/274/607
f 219/274/607 226/281/604 227/282/606
f 219/274/607 226/281/604 227/282/606
f 227/282/606 219/274/607 226/281/604
f 227/282/606 219/274/607 226/281/604
f 226/281/604 228/283/605 227/282/603
f 226/281/604 228/283/605 227/282/603
f 228/283/605 227/282/603 226/281/604
f 228/283/605 227/282/603 226/281/604
f 227/282/603 226/281/604 228/283/605
f 228/283/608 226/281/609 225/280/610
f 225/280/610 228/283/608 226/281/609
f 225/280/610 228/283/608 226/281/609
f 226/281/609 225/280/610 228/283/608
f 226/281/609 225/280/610 228/283/608
f 228/283/608 226/281/609 225/280/610
f 228/283/605 231/284/611 227/282/606
f 228/283/605 231/284/611 227/282/606
f 227/282/606 228/283/605 231/284/611
f 227/282/606 228/283/605 231/284/611
f 231/284/611 227/282/606 228/283/605
f 231/284/611 227/282/606 228/283/605
f 229/285/612 228/283/613 230/286/614
f 228/283/613 229/285/612 231/284/611
f 228/283/613 229/285/612 231/284/611
f 229/285/612 231/284/611 228/283/613
f 229/285/612 231/284/611 228/283/613
f 231/284/611 228/283/613 229/285/612
f 231/284/611 228/283/613 229/285/612
f 230/286/614 229/285/612 228/283/613
f 230/286/614 229/285/612 228/283/613
f 228/283/613 230/286/614 229/285/612
f 228/283/613 230/286/614 229/285/612
f 229/285/612 228/283/613 230/286/614
f 216/272/615 230/286/616 228/283/617
f 230/286/616 228/283/617 216/272/615
f 230/286/616 228/283/617 216/272/615
f 228/283/617 216/272/615 230/286/616
f 228/283/617 216/272/615 230/286/616
f 216/272/615 230/286/616 228/283/617
f 216/272/618 228/283/619 225/280/620
f 225/280/620 216/272/618 228/283/619
f 225/280/620 216/272/618 228/283/619
f 228/283/619 225/280/621 216/272/618
f 228/283/619 225/280/621 216/272/618
f 216/272/618 228/283/619 225/280/620
f 232/287/622 230/286/614 220/275/623
f 230/286/624 232/287/622 229/285/612
f 230/286/624 232/287/622 229/285/612
f 232/287/622 229/285/612 230/286/624
f 232/287/622 229/285/612 230/286/624
f 229/285/612 230/286/624 232/287/622
f 229/285/612 230/286/624 232/287/622
f 220/275/623 232/287/622 230/286/614
f 220/275/623 232/287/622 230/286/614
f 230/286/614 220/275/623 232/287/622
f 230/286/614 220/275/623 232/287/622
f 232/287/622 230/286/614 220/275/623
f 216/272/625 220/275/626 230/286/627
f 230/286/627 216/272/625 220/275/626
f 230/286/627 216/272/625 220/275/626
f 220/275/626 230/286/627 216/272/625
f 220/275/626 230/286/627 216/272/625
f 216/272/625 220/275/626 230/286/627
f 232/287/628 220/275/629 233/288/630
f 220/275/629 233/288/630 232/287/628
f 220/275/629 233/288/630 232/287/628
f 233/288/630 232/287/628 220/275/629
f 233/288/630 232/287/628 220/275/629
f 232/287/628 220/275/629 233/288/630
f 233/288/630 219/274/631 227/282/632
f 219/274/631 227/282/632 233/288/630
f 219/274/631 227/282/632 233/288/630
f 227/282/632 233/288/630 219/274/631
f 227/282/632 233/288/630 219/274/631
f 233/288/630 219/274/631 227/282/632
f 233/288/630 220/275/623 219/274/631
f 219/274/631 233/288/630 220/275/623
f 219/274/631 233/288/630 220/275/623
f 220/275/623 219/274/631 233/288/630
f 220/275/623 219/274/631 233/288/630
f 233/288/630 220/275/623 219/274/631
f 216/272/566 225/280/633 217/273/634
f 225/280/633 217/273/634 216/272/566
f 225/280/633 217/273/634 216/272/566
f 217/273/634 216/272/566 225/280/633
f 217/273/634 216/272/566 225/280/633
f 216/272/566 225/280/633 217/273/634
f 208/264/551 45/55/93 38/44/69
f 38/44/69 208/264/551 45/55/93
f 38/44/69 208/264/551 45/55/93
f 45/55/93 38/44/69 208/264/551
f 45/55/93 38/44/69 208/264/551
f 208/264/551 45/55/93 38/44/69
f 45/55/93 37/46/73 38/44/69
f 37/46/73 38/44/69 45/55/93
f 37/46/73 38/44/69 45/55/93
f 38/44/69 45/55/93 37/46/73
f 38/44/69 45/55/93 37/46/73
f 45/55/93 37/46/73 38/44/69
f 19/23/32 35/42/64 21/24/33
f 21/24/33 19/23/32 35/42/64
f 21/24/33 19/23/32 35/42/64
f 35/42/64 21/24/33 19/23/32
f 35/42/64 21/24/33 19/23/32
f 19/23/32 35/42/64 21/24/33
f 234/289/635 235/290/636 236/291/637
f 234/289/635 235/290/636 236/291/637
f 236/291/637 234/289/635 235/290/636
f 236/291/637 234/289/635 235/290/636
f 236/291/637 234/289/635 235/290/636
f 236/291/637 234/289/635 235/290/636
f 235/290/638 237/292/639 236/291/637
f 235/290/638 237/292/639 236/291/637
f 236/291/637 235/290/638 237/292/639
f 236/291/637 235/290/638 237/292/639
f 237/292/639 236/291/637 235/290/638
f 237/292/639 236/291/637 235/290/638
f 237/292/640 238/293/641 236/291/642
f 237/292/640 238/293/641 236/291/642
f 236/291/642 237/292/640 238/293/641
f 236/291/642 237/292/640 238/293/641
f 238/293/641 236/291/642 237/292/640
f 238/293/641 236/291/642 237/292/640
f 236/291/637 238/293/643 239/294/644
f 236/291/637 238/293/643 239/294/644
f 238/293/643 239/294/644 236/291/637
f 238/293/643 239/294/644 236/291/637
f 239/294/644 236/291/637 238/293/643
f 239/294/644 236/291/637 238/293/643
f 238/293/641 240/295/645 239/294/644
f 238/293/641 240/295/645 239/294/644
f 239/294/644 238/293/641 240/295/645
f 239/294/644 238/293/641 240/295/645
f 240/295/645 239/294/646 238/293/641
f 240/295/645 239/294/646 238/293/641
f 240/295/647 241/296/648 239/294/644
f 240/295/647 241/296/648 239/294/644
f 239/294/644 240/295/647 241/296/649
f 239/294/644 240/295/647 241/296/649
f 241/296/648 239/294/644 240/295/647
f 241/296/648 239/294/644 240/295/647
f 239/294/644 241/296/650 242/297/651
f 239/294/644 241/296/650 242/297/651
f 241/296/650 242/297/651 239/294/644
f 241/296/650 242/297/651 239/294/644
f 242/297/651 239/294/644 241/296/650
f 242/297/651 239/294/644 241/296/650
f 242/297/651 241/296/648 243/298/652
f 242/297/651 241/296/648 243/298/652
f 241/296/648 243/298/653 242/297/651
f 241/296/648 243/298/653 242/297/651
f 243/298/653 242/297/651 241/296/648
f 243/298/653 242/297/651 241/296/648
f 241/296/648 244/299/654 243/298/653
f 241/296/648 244/299/654 243/298/653
f 243/298/653 241/296/648 244/299/654
f 243/298/653 241/296/648 244/299/654
f 244/299/654 243/298/653 241/296/648
f 244/299/654 243/298/653 241/296/648
f 243/298/652 244/299/654 245/300/655
f 243/298/652 244/299/654 245/300/655
f 244/299/654 245/300/655 243/298/652
f 244/299/654 245/300/655 243/298/652
f 245/300/655 243/298/652 244/299/654
f 245/300/655 243/298/652 244/299/654
f 244/299/654 246/301/656 245/300/655
f 244/299/654 246/301/656 245/300/655
f 245/300/655 244/299/654 246/301/656
f 245/300/655 244/299/654 246/301/656
f 246/301/656 245/300/655 244/299/654
f 246/301/656 245/300/655 244/299/654
f 246/301/656 247/302/657 245/300/655
f 246/301/656 247/302/657 245/300/655
f 245/300/655 246/301/656 247/302/657
f 245/300/655 246/301/656 247/302/657
f 247/302/657 245/300/655 246/301/656
f 247/302/657 245/300/655 246/301/656
f 245/300/655 247/302/658 248/303/659
f 245/300/655 247/302/658 248/303/659
f 247/302/658 248/303/659 245/300/655
f 247/302/658 248/303/659 245/300/655
f 248/303/659 245/300/655 247/302/658
f 248/303/659 245/300/655 247/302/658
f 247/302/657 249/304/660 248/303/659
f 247/302/657 249/304/660 248/303/659
f 248/303/659 247/302/657 249/304/660
f 248/303/659 247/302/657 249/304/660
f 249/304/660 248/303/659 247/302/657
f 249/304/660 248/303/659 247/302/657
f 248/303/661 249/304/662 250/305/663
f 248/303/661 249/304/662 250/305/663
f 249/304/662 250/305/663 248/303/661
f 249/304/662 250/305/663 248/303/661
f 250/305/663 248/303/661 249/304/662
f 250/305/663 248/303/661 249/304/662
f 250/305/663 249/304/664 251/306/665
f 250/305/663 249/304/664 251/306/665
f 249/304/664 251/306/665 250/305/663
f 249/304/664 251/306/665 250/305/663
f 251/306/665 250/305/663 249/304/664
f 251/306/665 250/305/663 249/304/664
f 249/304/660 252/307/666 251/306/667
f 249/304/660 252/307/666 251/306/667
f 251/306/667 249/304/660 252/307/666
f 251/306/667 249/304/660 252/307/666
f 252/307/666 251/306/667 249/304/660
f 252/307/666 251/306/667 249/304/660
f 252/307/668 253/308/669 251/306/665
f 252/307/668 253/308/669 251/306/665
f 251/306/665 252/307/668 253/308/669
f 251/306/665 252/307/668 253/308/669
f 253/308/669 251/306/667 252/307/668
f 253/308/669 251/306/667 252/307/668
f 251/306/670 253/308/671 254/309/672
f 251/306/670 253/308/671 254/309/672
f 253/308/671 254/309/672 251/306/670
f 253/308/671 254/309/672 251/306/670
f 254/309/672 251/306/670 253/308/671
f 254/309/672 251/306/670 253/308/671
f 253/308/669 255/310/673 254/309/672
f 253/308/669 255/310/673 254/309/672
f 254/309/672 253/308/669 255/310/673
f 254/309/672 253/308/669 255/310/673
f 255/310/673 254/309/672 253/308/669
f 255/310/673 254/309/672 253/308/669
f 254/309/672 255/310/673 256/311/674
f 254/309/672 255/310/673 256/311/674
f 255/310/673 256/311/674 254/309/672
f 255/310/673 256/311/674 254/309/672
f 256/311/674 254/309/672 255/310/673
f 256/311/674 254/309/672 255/310/673
f 255/310/673 257/312/675 256/311/674
f 255/310/673 257/312/675 256/311/674
f 256/311/674 255/310/673 257/312/675
f 256/311/674 255/310/673 257/312/675
f 257/312/675 256/311/674 255/310/673
f 257/312/675 256/311/674 255/310/673
f 256/311/674 257/312/676 258/313/677
f 256/311/674 257/312/676 258/313/677
f 257/312/676 258/313/677 256/311/674
f 257/312/676 258/313/677 256/311/674
f 258/313/677 256/311/674 257/312/676
f 258/313/677 256/311/674 257/312/676
f 258/313/677 257/312/675 259/314/678
f 258/313/677 257/312/675 259/314/678
f 257/312/675 259/314/678 258/313/677
f 257/312/675 259/314/678 258/313/677
f 259/314/678 258/313/677 257/312/675
f 259/314/678 258/313/677 257/312/675
f 257/312/679 260/315/680 259/314/678
f 257/312/679 260/315/680 259/314/678
f 259/314/678 257/312/679 260/315/680
f 259/314/678 257/312/679 260/315/680
f 260/315/680 259/314/678 257/312/679
f 260/315/680 259/314/678 257/312/679
f 260/315/680 261/316/681 259/314/682
f 260/315/680 261/316/681 259/314/682
f 259/314/682 260/315/680 261/316/681
f 259/314/682 260/315/680 261/316/681
f 261/316/681 259/314/682 260/315/680
f 261/316/681 259/314/682 260/315/680
f 259/314/678 261/316/681 262/317/683
f 259/314/678 261/316/681 262/317/683
f 261/316/681 262/317/683 259/314/678
f 261/316/681 262/317/683 259/314/678
f 262/317/683 259/314/678 261/316/681
f 262/317/683 259/314/678 261/316/681
f 262/317/683 261/316/681 263/318/684
f 262/317/683 261/316/681 263/318/684
f 261/316/681 263/318/684 262/317/683
f 261/316/681 263/318/684 262/317/683
f 263/318/684 262/317/683 261/316/681
f 263/318/684 262/317/683 261/316/681
f 261/316/681 264/319/685 263/318/686
f 261/316/681 264/319/685 263/318/686
f 263/318/686 261/316/681 264/319/685
f 263/318/686 261/316/681 264/319/685
f 264/319/685 263/318/686 261/316/681
f 264/319/685 263/318/686 261/316/681
f 263/318/684 264/319/685 265/320/687
f 263/318/684 264/319/685 265/320/687
f 264/319/685 265/320/687 263/318/684
f 264/319/685 265/320/687 263/318/684
f 265/320/687 263/318/684 264/319/685
f 265/320/687 263/318/684 264/319/685
f 264/319/688 266/321/689 265/320/687
f 264/319/688 266/321/689 265/320/687
f 265/320/687 264/319/688 266/321/689
f 265/320/687 264/319/688 266/321/689
f 266/321/689 265/320/687 264/319/688
f 266/321/689 265/320/687 264/319/688
f 265/320/690 266/321/691 267/322/692
f 265/320/690 266/321/691 267/322/692
f 266/321/691 267/322/692 265/320/690
f 266/321/691 267/322/692 265/320/690
f 267/322/692 265/320/690 266/321/691
f 267/322/692 265/320/690 266/321/691
f 267/322/692 268/323/693 265/320/694
f 267/322/692 268/323/693 265/320/694
f 268/323/693 265/320/694 267/322/692
f 268/323/693 265/320/694 267/322/692
f 265/320/694 267/322/692 268/323/693
f 265/320/694 267/322/692 268/323/693
f 268/323/695 269/324/696 265/320/697
f 268/323/695 269/324/696 265/320/697
f 265/320/697 268/323/695 269/324/696
f 265/320/697 268/323/695 269/324/696
f 269/324/696 265/320/697 268/323/695
f 269/324/696 265/320/697 268/323/695
f 265/320/697 269/324/698 263/318/699
f 265/320/697 269/324/698 263/318/699
f 269/324/698 263/318/699 265/320/697
f 269/324/698 263/318/699 265/320/697
f 263/318/699 265/320/697 269/324/698
f 263/318/699 265/320/697 269/324/698
f 269/324/700 270/325/701 263/318/702
f 269/324/700 270/325/701 263/318/702
f 263/318/702 269/324/700 270/325/701
f 263/318/702 269/324/700 270/325/701
f 270/325/701 263/318/699 269/324/700
f 270/325/701 263/318/699 269/324/700
f 263/318/702 270/325/703 262/317/704
f 263/318/702 270/325/703 262/317/704
f 270/325/703 262/317/704 263/318/702
f 270/325/703 262/317/704 263/318/702
f 262/317/704 263/318/702 270/325/703
f 262/317/704 263/318/702 270/325/703
f 262/317/705 270/325/701 259/314/706
f 262/317/705 270/325/701 259/314/706
f 270/325/701 259/314/706 262/317/705
f 270/325/701 259/314/706 262/317/705
f 259/314/706 262/317/705 270/325/701
f 259/314/706 262/317/705 270/325/701
f 270/325/703 271/326/707 259/314/706
f 270/325/703 271/326/707 259/314/706
f 259/314/706 270/325/703 271/326/707
f 259/314/706 270/325/703 271/326/707
f 271/326/707 259/314/706 270/325/703
f 271/326/707 259/314/706 270/325/703
f 259/314/706 271/326/708 258/313/709
f 259/314/706 271/326/708 258/313/709
f 271/326/708 258/313/710 259/314/706
f 271/326/708 258/313/710 259/314/706
f 258/313/709 259/314/706 271/326/708
f 258/313/709 259/314/706 271/326/708
f 271/326/707 272/327/711 258/313/710
f 271/326/707 272/327/711 258/313/710
f 258/313/710 271/326/707 272/327/711
f 258/313/710 271/326/707 272/327/711
f 272/327/711 258/313/710 271/326/707
f 272/327/711 258/313/710 271/326/707
f 272/327/711 273/328/712 258/313/710
f 272/327/711 273/328/712 258/313/710
f 258/313/709 272/327/711 273/328/712
f 258/313/709 272/327/711 273/328/712
f 273/328/712 258/313/710 272/327/711
f 273/328/712 258/313/710 272/327/711
f 258/313/709 273/328/713 256/311/714
f 258/313/709 273/328/713 256/311/714
f 273/328/713 256/311/714 258/313/709
f 273/328/713 256/311/714 258/313/709
f 256/311/714 258/313/709 273/328/713
f 256/311/714 258/313/709 273/328/713
f 273/328/715 274/329/716 256/311/714
f 273/328/715 274/329/716 256/311/714
f 256/311/714 273/328/715 274/329/716
f 256/311/714 273/328/715 274/329/716
f 274/329/716 256/311/714 273/328/715
f 274/329/716 256/311/714 273/328/715
f 256/311/717 274/329/718 254/309/672
f 256/311/717 274/329/718 254/309/672
f 274/329/718 254/309/672 256/311/717
f 274/329/718 254/309/672 256/311/717
f 254/309/672 256/311/717 274/329/718
f 254/309/672 256/311/717 274/329/718
f 274/329/719 275/330/720 254/309/672
f 274/329/719 275/330/720 254/309/672
f 254/309/672 274/329/719 275/330/720
f 254/309/672 274/329/719 275/330/720
f 275/330/721 254/309/672 274/329/719
f 275/330/721 254/309/672 274/329/719
f 254/309/672 275/330/721 276/331/722
f 254/309/672 275/330/721 276/331/722
f 275/330/721 276/331/722 254/309/672
f 275/330/721 276/331/722 254/309/672
f 276/331/722 254/309/672 275/330/721
f 276/331/722 254/309/672 275/330/721
f 275/330/721 277/332/723 276/331/724
f 275/330/721 277/332/723 276/331/724
f 276/331/724 275/330/721 277/332/723
f 276/331/724 275/330/721 277/332/723
f 277/332/723 276/331/724 275/330/721
f 277/332/723 276/331/724 275/330/721
f 276/331/722 277/332/725 278/333/726
f 276/331/722 277/332/725 278/333/726
f 277/332/725 278/333/726 276/331/722
f 277/332/725 278/333/726 276/331/722
f 278/333/726 276/331/722 277/332/725
f 278/333/726 276/331/722 277/332/725
f 278/333/726 279/334/727 276/331/724
f 278/333/726 279/334/727 276/331/724
f 276/331/724 278/333/726 279/334/727
f 276/331/724 278/333/726 279/334/727
f 279/334/727 276/331/724 278/333/726
f 279/334/727 276/331/724 278/333/726
f 276/331/724 279/334/727 280/335/728
f 276/331/724 279/334/727 280/335/728
f 279/334/727 280/335/728 276/331/724
f 279/334/727 280/335/728 276/331/724
f 280/335/728 276/331/724 279/334/727
f 280/335/728 276/331/724 279/334/727
f 279/334/727 281/336/729 280/335/728
f 279/334/727 281/336/729 280/335/728
f 280/335/728 279/334/727 281/336/729
f 280/335/728 279/334/727 281/336/729
f 281/336/729 280/335/728 279/334/727
f 281/336/729 280/335/728 279/334/727
f 281/336/729 282/337/730 280/335/728
f 281/336/729 282/337/730 280/335/728
f 280/335/728 281/336/729 282/337/730
f 280/335/728 281/336/729 282/337/730
f 282/337/730 280/335/728 281/336/729
f 282/337/730 280/335/728 281/336/729
f 280/335/728 282/337/731 250/305/663
f 280/335/728 282/337/731 250/305/663
f 282/337/731 250/305/663 280/335/728
f 282/337/731 250/305/663 280/335/728
f 250/305/663 280/335/728 282/337/731
f 250/305/663 280/335/728 282/337/731
f 282/337/731 283/338/732 250/305/733
f 282/337/731 283/338/732 250/305/733
f 250/305/733 282/337/731 283/338/732
f 250/305/733 282/337/731 283/338/732
f 283/338/732 250/305/733 282/337/731
f 283/338/732 250/305/733 282/337/731
f 250/305/733 283/338/732 248/303/659
f 250/305/733 283/338/732 248/303/659
f 283/338/732 248/303/659 250/305/733
f 283/338/732 248/303/659 250/305/733
f 248/303/659 250/305/733 283/338/732
f 248/303/659 250/305/733 283/338/732
f 283/338/732 284/339/734 248/303/659
f 283/338/732 284/339/734 248/303/659
f 248/303/659 283/338/732 284/339/734
f 248/303/659 283/338/732 284/339/734
f 284/339/734 248/303/659 283/338/732
f 284/339/734 248/303/659 283/338/732
f 248/303/659 284/339/734 245/300/735
f 248/303/659 284/339/734 245/300/735
f 284/339/734 245/300/735 248/303/659
f 284/339/734 245/300/735 248/303/659
f 245/300/735 248/303/659 284/339/734
f 245/300/735 248/303/659 284/339/734
f 245/300/655 284/339/734 243/298/653
f 245/300/655 284/339/734 243/298/653
f 284/339/734 243/298/653 245/300/655
f 284/339/734 243/298/653 245/300/655
f 243/298/653 245/300/655 284/339/734
f 243/298/653 245/300/655 284/339/734
f 284/339/734 285/340/736 243/298/652
f 284/339/734 285/340/736 243/298/652
f 243/298/652 284/339/734 285/340/736
f 243/298/652 284/339/734 285/340/736
f 285/340/736 243/298/652 284/339/734
f 285/340/736 243/298/652 284/339/734
f 243/298/652 285/340/736 242/297/651
f 243/298/652 285/340/736 242/297/651
f 285/340/736 242/297/651 243/298/652
f 285/340/736 242/297/651 243/298/652
f 242/297/651 243/298/652 285/340/736
f 242/297/651 243/298/652 285/340/736
f 285/340/736 286/341/737 242/297/651
f 285/340/736 286/341/737 242/297/651
f 242/297/651 285/340/736 286/341/737
f 242/297/651 285/340/736 286/341/737
f 286/341/737 242/297/651 285/340/736
f 286/341/737 242/297/651 285/340/736
f 242/297/651 286/341/737 239/294/644
f 242/297/651 286/341/737 239/294/644
f 286/341/737 239/294/644 242/297/651
f 286/341/737 239/294/644 242/297/651
f 239/294/644 242/297/651 286/341/737
f 239/294/644 242/297/651 286/341/737
f 286/341/738 236/291/637 239/294/739
f 286/341/738 236/291/637 239/294/739
f 239/294/739 286/341/737 236/291/637
f 239/294/739 286/341/737 236/291/637
f 236/291/637 239/294/739 286/341/737
f 236/291/637 239/294/739 286/341/737
f 286/341/740 234/289/635 236/291/637
f 286/341/740 234/289/635 236/291/637
f 286/341/740 234/289/635 236/291/637
f 286/341/740 234/289/635 236/291/637
f 234/289/635 236/291/637 286/341/740
f 234/289/635 236/291/637 286/341/740
f 285/340/736 234/289/741 286/341/737
f 285/340/736 234/289/741 286/341/737
f 234/289/635 286/341/737 285/340/736
f 234/289/635 286/341/737 285/340/736
f 285/340/736 234/289/741 286/341/737
f 285/340/736 234/289/741 286/341/737
f 234/289/741 285/340/736 287/342/742
f 234/289/741 285/340/736 287/342/742
f 287/342/742 234/289/741 285/340/736
f 287/342/742 234/289/741 285/340/736
f 287/342/742 234/289/741 285/340/736
f 287/342/742 234/289/741 285/340/736
f 285/340/736 284/339/743 287/342/742
f 285/340/736 284/339/743 287/342/742
f 287/342/742 285/340/736 284/339/743
f 287/342/742 285/340/736 284/339/743
f 284/339/743 287/342/742 285/340/736
f 284/339/743 287/342/742 285/340/736
f 287/342/744 284/339/745 288/343/746
f 287/342/744 284/339/745 288/343/746
f 284/339/745 288/343/746 287/342/744
f 284/339/745 288/343/746 287/342/744
f 288/343/746 287/342/744 284/339/745
f 288/343/746 287/342/744 284/339/745
f 288/343/747 284/339/734 289/344/748
f 288/343/747 284/339/734 289/344/748
f 284/339/734 289/344/748 288/343/747
f 284/339/734 289/344/748 288/343/747
f 289/344/748 288/343/747 284/339/734
f 289/344/748 288/343/747 284/339/734
f 284/339/734 283/338/732 289/344/748
f 284/339/734 283/338/732 289/344/748
f 289/344/748 284/339/734 283/338/732
f 289/344/748 284/339/734 283/338/732
f 283/338/732 289/344/748 284/339/734
f 283/338/732 289/344/748 284/339/734
f 283/338/732 282/337/730 289/344/749
f 283/338/732 282/337/730 289/344/749
f 289/344/749 283/338/732 282/337/730
f 289/344/749 283/338/732 282/337/730
f 282/337/730 289/344/749 283/338/732
f 282/337/730 289/344/749 283/338/732
f 289/344/749 282/337/730 290/345/750
f 289/344/749 282/337/730 290/345/750
f 282/337/730 290/345/750 289/344/749
f 282/337/730 290/345/750 289/344/749
f 290/345/750 289/344/749 282/337/730
f 290/345/750 289/344/749 282/337/730
f 282/337/731 281/336/751 290/345/750
f 282/337/731 281/336/751 290/345/750
f 290/345/750 282/337/731 281/336/751
f 290/345/750 282/337/731 281/336/751
f 281/336/751 290/345/750 282/337/731
f 281/336/751 290/345/750 282/337/731
f 290/345/750 281/336/752 291/346/753
f 290/345/750 281/336/752 291/346/753
f 281/336/752 291/346/753 290/345/750
f 281/336/752 291/346/753 290/345/750
f 291/346/753 290/345/750 281/336/752
f 291/346/753 290/345/750 281/336/752
f 281/336/751 292/347/754 291/346/755
f 281/336/751 292/347/754 291/346/755
f 291/346/755 281/336/751 292/347/754
f 291/346/755 281/336/751 292/347/754
f 292/347/754 291/346/755 281/336/751
f 292/347/754 291/346/755 281/336/751
f 291/346/753 292/347/756 293/348/757
f 291/346/753 292/347/756 293/348/757
f 292/347/756 293/348/757 291/346/753
f 292/347/756 293/348/757 291/346/753
f 293/348/757 291/346/753 292/347/756
f 293/348/757 291/346/753 292/347/756
f 292/347/756 294/349/758 293/348/757
f 292/347/756 294/349/758 293/348/757
f 293/348/757 292/347/756 294/349/758
f 293/348/757 292/347/756 294/349/758
f 294/349/758 293/348/757 292/347/756
f 294/349/758 293/348/757 292/347/756
f 293/348/759 294/349/758 295/350/760
f 293/348/759 294/349/758 295/350/760
f 294/349/758 295/350/760 293/348/759
f 294/349/758 295/350/760 293/348/759
f 295/350/760 293/348/759 294/349/758
f 295/350/760 293/348/759 294/349/758
f 295/350/761 294/349/758 296/351/762
f 295/350/761 294/349/758 296/351/762
f 294/349/758 296/351/762 295/350/761
f 294/349/758 296/351/762 295/350/761
f 296/351/762 295/350/761 294/349/758
f 296/351/762 295/350/761 294/349/758
f 294/349/758 297/352/763 296/351/762
f 294/349/758 297/352/763 296/351/762
f 296/351/762 294/349/758 297/352/763
f 296/351/762 294/349/758 297/352/763
f 297/352/763 296/351/762 294/349/758
f 297/352/763 296/351/762 294/349/758
f 297/352/764 298/353/765 296/351/762
f 297/352/764 298/353/765 296/351/762
f 296/351/762 297/352/764 298/353/765
f 296/351/762 297/352/764 298/353/765
f 298/353/765 296/351/762 297/352/764
f 298/353/765 296/351/762 297/352/764
f 296/351/762 298/353/766 299/354/767
f 296/351/762 298/353/766 299/354/767
f 298/353/766 299/354/767 296/351/762
f 298/353/766 299/354/767 296/351/762
f 299/354/767 296/351/762 298/353/766
f 299/354/767 296/351/762 298/353/766
f 298/353/765 300/355/768 299/354/767
f 298/353/765 300/355/768 299/354/767
f 299/354/767 298/353/765 300/355/768
f 299/354/767 298/353/765 300/355/768
f 300/355/768 299/354/767 298/353/765
f 300/355/768 299/354/767 298/353/765
f 299/354/767 300/355/769 301/356/770
f 299/354/767 300/355/769 301/356/770
f 300/355/769 301/356/770 299/354/767
f 300/355/769 301/356/770 299/354/767
f 301/356/770 299/354/767 300/355/769
f 301/356/770 299/354/767 300/355/769
f 300/355/769 302/357/771 301/356/772
f 300/355/769 302/357/771 301/356/772
f 301/356/772 300/355/769 302/357/771
f 301/356/772 300/355/769 302/357/771
f 302/357/771 301/356/772 300/355/769
f 302/357/771 301/356/772 300/355/769
f 301/356/772 302/357/771 303/358/773
f 301/356/772 302/357/771 303/358/773
f 302/357/771 303/358/773 301/356/772
f 302/357/771 303/358/773 301/356/772
f 303/358/773 301/356/772 302/357/771
f 303/358/773 301/356/772 302/357/771
f 302/357/771 304/359/774 303/358/775
f 302/357/771 304/359/774 303/358/775
f 303/358/775 302/357/771 304/359/774
f 303/358/775 302/357/771 304/359/774
f 304/359/774 303/358/775 302/357/771
f 304/359/774 303/358/775 302/357/771
f 304/359/776 302/357/777 305/360/778
f 304/359/776 302/357/777 305/360/778
f 305/360/778 304/359/776 302/357/777
f 305/360/778 304/359/776 302/357/777
f 302/357/777 305/360/778 304/359/776
f 302/357/777 305/360/778 304/359/776
f 305/360/778 302/357/777 306/361/779
f 305/360/778 302/357/777 306/361/779
f 302/357/777 306/361/779 305/360/778
f 302/357/777 306/361/779 305/360/778
f 306/361/779 305/360/778 302/357/777
f 306/361/779 305/360/778 302/357/777
f 306/361/779 302/357/777 307/362/780
f 306/361/779 302/357/777 307/362/780
f 302/357/777 307/362/780 306/361/779
f 302/357/777 307/362/780 306/361/779
f 307/362/780 306/361/779 302/357/777
f 307/362/780 306/361/779 302/357/777
f 302/357/771 300/355/769 307/362/781
f 302/357/771 300/355/769 307/362/781
f 307/362/781 302/357/771 300/355/769
f 307/362/781 302/357/771 300/355/769
f 300/355/769 307/362/781 302/357/771
f 300/355/769 307/362/781 302/357/771
f 307/362/781 300/355/768 308/363/782
f 307/362/781 300/355/768 308/363/782
f 300/355/768 308/363/782 307/362/781
f 300/355/768 308/363/782 307/362/781
f 308/363/782 307/362/781 300/355/768
f 308/363/782 307/362/781 300/355/768
f 300/355/769 298/353/765 308/363/782
f 300/355/769 298/353/765 308/363/782
f 308/363/782 300/355/769 298/353/765
f 308/363/782 300/355/769 298/353/765
f 298/353/765 308/363/782 300/355/769
f 298/353/765 308/363/782 300/355/769
f 308/363/782 298/353/765 309/364/783
f 308/363/782 298/353/765 309/364/783
f 298/353/765 309/364/783 308/363/782
f 298/353/765 309/364/783 308/363/782
f 309/364/783 308/363/782 298/353/765
f 309/364/783 308/363/782 298/353/765
f 298/353/765 297/352/764 309/364/784
f 298/353/765 297/352/764 309/364/784
f 309/364/783 298/353/765 297/352/764
f 309/364/783 298/353/765 297/352/764
f 297/352/764 309/364/785 298/353/765
f 297/352/764 309/364/785 298/353/765
f 309/364/783 297/352/764 310/365/786
f 309/364/783 297/352/764 310/365/786
f 297/352/764 310/365/786 309/364/783
f 297/352/764 310/365/786 309/364/783
f 310/365/786 309/364/783 297/352/764
f 310/365/786 309/364/783 297/352/764
f 297/352/763 294/349/758 310/365/787
f 297/352/763 294/349/758 310/365/787
f 310/365/787 297/352/763 294/349/758
f 310/365/787 297/352/763 294/349/758
f 294/349/758 310/365/787 297/352/763
f 294/349/758 310/365/787 297/352/763
f 310/365/786 294/349/758 311/366/788
f 310/365/786 294/349/758 311/366/788
f 294/349/758 311/366/788 310/365/786
f 294/349/758 311/366/788 310/365/786
f 311/366/788 310/365/786 294/349/758
f 311/366/788 310/365/786 294/349/758
f 294/349/758 292/347/756 311/366/788
f 294/349/758 292/347/756 311/366/788
f 311/366/788 294/349/758 292/347/756
f 311/366/788 294/349/758 292/347/756
f 292/347/756 311/366/788 294/349/758
f 292/347/756 311/366/788 294/349/758
f 311/366/789 292/347/756 312/367/790
f 311/366/789 292/347/756 312/367/790
f 292/347/756 312/367/790 311/366/789
f 292/347/756 312/367/790 311/366/789
f 312/367/790 311/366/789 292/347/756
f 312/367/790 311/366/789 292/347/756
f 292/347/756 281/336/729 312/367/790
f 292/347/756 281/336/729 312/367/790
f 312/367/790 292/347/756 281/336/729
f 312/367/790 292/347/756 281/336/729
f 281/336/729 312/367/790 292/347/756
f 281/336/729 312/367/790 292/347/756
f 312/367/791 281/336/792 313/368/793
f 312/367/791 281/336/792 313/368/793
f 281/336/792 313/368/794 312/367/791
f 281/336/792 313/368/794 312/367/791
f 313/368/794 312/367/791 281/336/792
f 313/368/794 312/367/791 281/336/792
f 281/336/729 279/334/727 313/368/795
f 281/336/729 279/334/727 313/368/795
f 313/368/795 281/336/729 279/334/727
f 313/368/795 281/336/729 279/334/727
f 279/334/727 313/368/796 281/336/729
f 279/334/727 313/368/796 281/336/729
f 313/368/796 279/334/727 314/369/797
f 313/368/796 279/334/727 314/369/797
f 279/334/727 314/369/797 313/368/796
f 279/334/727 314/369/797 313/368/796
f 314/369/797 313/368/796 279/334/727
f 314/369/797 313/368/796 279/334/727
f 314/369/797 279/334/727 315/370/798
f 314/369/797 279/334/727 315/370/798
f 279/334/727 315/370/798 314/369/797
f 279/334/727 315/370/798 314/369/797
f 315/370/798 314/369/797 279/334/727
f 315/370/798 314/369/797 279/334/727
f 279/334/727 278/333/726 315/370/798
f 279/334/727 278/333/726 315/370/798
f 315/370/798 279/334/727 278/333/726
f 315/370/798 279/334/727 278/333/726
f 278/333/726 315/370/798 279/334/727
f 278/333/726 315/370/798 279/334/727
f 315/370/799 278/333/726 316/371/800
f 315/370/799 278/333/726 316/371/800
f 278/333/726 316/371/800 315/370/799
f 278/333/726 316/371/800 315/370/799
f 316/371/800 315/370/799 278/333/726
f 316/371/800 315/370/799 278/333/726
f 278/333/726 277/332/723 316/371/800
f 278/333/726 277/332/723 316/371/800
f 316/371/800 278/333/726 277/332/723
f 316/371/800 278/333/726 277/332/723
f 277/332/723 316/371/800 278/333/726
f 277/332/723 316/371/800 278/333/726
f 277/332/723 317/372/801 316/371/800
f 277/332/723 317/372/801 316/371/800
f 316/371/800 277/332/723 317/372/801
f 316/371/800 277/332/723 317/372/801
f 317/372/801 316/371/800 277/332/723
f 317/372/801 316/371/800 277/332/723
f 316/371/800 317/372/802 318/373/803
f 316/371/800 317/372/802 318/373/803
f 317/372/802 318/373/803 316/371/800
f 317/372/802 318/373/803 316/371/800
f 318/373/803 316/371/800 317/372/802
f 318/373/803 316/371/800 317/372/802
f 317/372/801 319/374/804 318/373/805
f 317/372/801 319/374/804 318/373/805
f 318/373/805 317/372/801 319/374/804
f 318/373/805 317/372/801 319/374/804
f 319/374/804 318/373/805 317/372/801
f 319/374/804 318/373/805 317/372/801
f 318/373/806 319/374/807 320/375/808
f 318/373/806 319/374/807 320/375/808
f 319/374/807 320/375/808 318/373/806
f 319/374/807 320/375/808 318/373/806
f 320/375/808 318/373/806 319/374/807
f 320/375/808 318/373/806 319/374/807
f 319/374/809 321/376/810 320/375/808
f 319/374/809 321/376/810 320/375/808
f 320/375/808 319/374/809 321/376/810
f 320/375/808 319/374/809 321/376/810
f 321/376/810 320/375/808 319/374/809
f 321/376/810 320/375/808 319/374/809
f 321/376/810 322/377/811 320/375/808
f 321/376/810 322/377/811 320/375/808
f 320/375/808 321/376/810 322/377/812
f 320/375/808 321/376/810 322/377/812
f 322/377/811 320/375/808 321/376/810
f 322/377/811 320/375/808 321/376/810
f 320/375/808 322/377/812 323/378/813
f 320/375/808 322/377/812 323/378/813
f 322/377/812 323/378/813 320/375/808
f 322/377/812 323/378/813 320/375/808
f 323/378/813 320/375/808 322/377/812
f 323/378/813 320/375/808 322/377/812
f 322/377/812 324/379/814 323/378/813
f 322/377/812 324/379/814 323/378/813
f 323/378/813 322/377/812 324/379/814
f 323/378/813 322/377/812 324/379/814
f 324/379/814 323/378/813 322/377/812
f 324/379/814 323/378/813 322/377/812
f 323/378/813 324/379/814 325/380/815
f 323/378/813 324/379/814 325/380/815
f 324/379/814 325/380/815 323/378/813
f 324/379/814 325/380/815 323/378/813
f 325/380/815 323/378/813 324/379/814
f 325/380/815 323/378/813 324/379/814
f 325/380/816 326/381/817 323/378/818
f 325/380/816 326/381/817 323/378/818
f 326/381/817 323/378/818 325/380/816
f 326/381/817 323/378/818 325/380/816
f 323/378/818 325/380/816 326/381/817
f 323/378/818 325/380/816 326/381/817
f 326/381/817 327/382/819 323/378/818
f 326/381/817 327/382/819 323/378/818
f 323/378/818 326/381/817 327/382/819
f 323/378/818 326/381/817 327/382/819
f 327/382/819 323/378/818 326/381/817
f 327/382/819 323/378/818 326/381/817
f 327/382/819 328/383/820 323/378/818
f 327/382/819 328/383/820 323/378/818
f 323/378/818 327/382/819 328/383/821
f 323/378/818 327/382/819 328/383/821
f 328/383/820 323/378/818 327/382/819
f 328/383/820 323/378/818 327/382/819
f 323/378/818 328/383/820 320/375/822
f 323/378/818 328/383/820 320/375/822
f 328/383/820 320/375/822 323/378/818
f 328/383/820 320/375/822 323/378/818
f 320/375/822 323/378/818 328/383/820
f 320/375/822 323/378/818 328/383/820
f 320/375/822 328/383/820 318/373/823
f 320/375/822 328/383/820 318/373/823
f 328/383/820 318/373/823 320/375/822
f 328/383/820 318/373/823 320/375/822
f 318/373/823 320/375/822 328/383/820
f 318/373/823 320/375/822 328/383/820
f 328/383/820 329/384/824 318/373/825
f 328/383/820 329/384/824 318/373/825
f 318/373/823 328/383/821 329/384/824
f 318/373/823 328/383/821 329/384/824
f 329/384/824 318/373/825 328/383/820
f 329/384/824 318/373/825 328/383/820
f 318/373/823 329/384/826 316/371/800
f 318/373/823 329/384/826 316/371/800
f 329/384/827 316/371/800 318/373/823
f 329/384/827 316/371/800 318/373/823
f 316/371/800 318/373/823 329/384/827
f 316/371/800 318/373/823 329/384/827
f 329/384/826 330/385/828 316/371/800
f 329/384/826 330/385/828 316/371/800
f 316/371/800 329/384/826 330/385/828
f 316/371/800 329/384/826 330/385/828
f 330/385/828 316/371/800 329/384/826
f 330/385/828 316/371/800 329/384/826
f 316/371/800 330/385/828 315/370/798
f 316/371/800 330/385/828 315/370/798
f 330/385/828 315/370/798 316/371/800
f 330/385/828 315/370/798 316/371/800
f 315/370/798 316/371/800 330/385/828
f 315/370/798 316/371/800 330/385/828
f 330/385/828 331/386/829 315/370/830
f 330/385/828 331/386/829 315/370/830
f 315/370/830 330/385/828 331/386/829
f 315/370/830 330/385/828 331/386/829
f 331/386/829 315/370/830 330/385/828
f 331/386/829 315/370/830 330/385/828
f 315/370/798 331/386/829 314/369/797
f 315/370/798 331/386/829 314/369/797
f 331/386/829 314/369/797 315/370/798
f 331/386/829 314/369/797 315/370/798
f 314/369/797 315/370/798 331/386/829
f 314/369/797 315/370/798 331/386/829
f 331/386/829 332/387/831 314/369/797
f 331/386/829 332/387/831 314/369/797
f 314/369/797 331/386/829 332/387/831
f 314/369/797 331/386/829 332/387/831
f 332/387/831 314/369/797 331/386/829
f 332/387/831 314/369/797 331/386/829
f 314/369/832 332/387/831 313/368/833
f 314/369/832 332/387/831 313/368/833
f 332/387/831 313/368/833 314/369/832
f 332/387/831 313/368/833 314/369/832
f 313/368/833 314/369/832 332/387/831
f 313/368/833 314/369/832 332/387/831
f 332/387/831 333/388/834 313/368/835
f 332/387/831 333/388/834 313/368/835
f 313/368/835 332/387/831 333/388/834
f 313/368/835 332/387/831 333/388/834
f 333/388/834 313/368/835 332/387/831
f 333/388/834 313/368/835 332/387/831
f 333/388/836 334/389/837 313/368/796
f 333/388/836 334/389/837 313/368/796
f 313/368/796 333/388/836 334/389/837
f 313/368/796 333/388/836 334/389/837
f 334/389/837 313/368/796 333/388/836
f 334/389/837 313/368/796 333/388/836
f 313/368/796 334/389/837 312/367/790
f 313/368/796 334/389/837 312/367/790
f 334/389/837 312/367/790 313/368/796
f 334/389/837 312/367/790 313/368/796
f 312/367/790 313/368/796 334/389/837
f 312/367/790 313/368/796 334/389/837
f 334/389/838 335/390/839 312/367/790
f 334/389/838 335/390/839 312/367/790
f 312/367/791 334/389/838 335/390/839
f 312/367/791 334/389/838 335/390/839
f 335/390/839 312/367/791 334/389/838
f 335/390/839 312/367/791 334/389/838
f 312/367/790 335/390/839 311/366/788
f 312/367/790 335/390/839 311/366/788
f 335/390/839 311/366/788 312/367/790
f 335/390/839 311/366/788 312/367/790
f 311/366/788 312/367/790 335/390/839
f 311/366/788 312/367/790 335/390/839
f 335/390/839 336/391/840 311/366/788
f 335/390/839 336/391/840 311/366/788
f 311/366/788 335/390/839 336/391/840
f 311/366/788 335/390/839 336/391/840
f 336/391/840 311/366/788 335/390/839
f 336/391/840 311/366/788 335/390/839
f 311/366/789 336/391/841 310/365/842
f 311/366/789 336/391/841 310/365/842
f 336/391/841 310/365/842 311/366/789
f 336/391/841 310/365/842 311/366/789
f 310/365/842 311/366/789 336/391/841
f 310/365/842 311/366/789 336/391/841
f 336/391/841 337/392/843 310/365/842
f 336/391/841 337/392/843 310/365/842
f 310/365/842 336/391/841 337/392/843
f 310/365/842 336/391/841 337/392/843
f 337/392/843 310/365/842 336/391/841
f 337/392/843 310/365/842 336/391/841
f 310/365/786 337/392/843 309/364/785
f 310/365/786 337/392/843 309/364/785
f 337/392/843 309/364/785 310/365/786
f 337/392/843 309/364/785 310/365/786
f 309/364/785 310/365/786 337/392/843
f 309/364/785 310/365/786 337/392/843
f 337/392/844 338/393/845 309/364/783
f 337/392/844 338/393/845 309/364/783
f 309/364/783 337/392/844 338/393/845
f 309/364/783 337/392/844 338/393/845
f 338/393/845 309/364/783 337/392/844
f 338/393/845 309/364/783 337/392/844
f 309/364/846 338/393/845 308/363/847
f 309/364/846 338/393/845 308/363/847
f 338/393/845 308/363/847 309/364/846
f 338/393/845 308/363/847 309/364/846
f 308/363/847 309/364/846 338/393/845
f 308/363/847 309/364/846 338/393/845
f 338/393/845 339/394/848 308/363/847
f 338/393/845 339/394/848 308/363/847
f 308/363/847 338/393/845 339/394/848
f 308/363/847 338/393/845 339/394/848
f 339/394/848 308/363/847 338/393/845
f 339/394/848 308/363/847 338/393/845
f 308/363/849 339/394/850 307/362/781
f 308/363/849 339/394/850 307/362/781
f 339/394/851 307/362/781 308/363/849
f 339/394/851 307/362/781 308/363/849
f 307/362/781 308/363/849 339/394/851
f 307/362/781 308/363/849 339/394/851
f 339/394/848 340/395/852 307/362/780
f 339/394/848 340/395/852 307/362/780
f 307/362/780 339/394/848 340/395/852
f 307/362/780 339/394/848 340/395/852
f 340/395/852 307/362/780 339/394/848
f 340/395/852 307/362/780 339/394/848
f 307/362/780 340/395/852 306/361/779
f 307/362/780 340/395/852 306/361/779
f 340/395/852 306/361/779 307/362/780
f 340/395/852 306/361/779 307/362/780
f 306/361/779 307/362/780 340/395/852
f 306/361/779 307/362/780 340/395/852
f 254/309/672 276/331/722 251/306/665
f 254/309/672 276/331/722 251/306/665
f 251/306/665 254/309/672 276/331/722
f 251/306/665 254/309/672 276/331/722
f 276/331/722 251/306/665 254/309/672
f 276/331/722 251/306/665 254/309/672
f 251/306/667 276/331/724 250/305/733
f 251/306/667 276/331/724 250/305/733
f 276/331/724 250/305/733 251/306/667
f 276/331/724 250/305/733 251/306/667
f 250/305/733 251/306/667 276/331/724
f 250/305/733 251/306/667 276/331/724
f 276/331/722 280/335/728 250/305/663
f 276/331/722 280/335/728 250/305/663
f 250/305/663 276/331/722 280/335/728
f 250/305/663 276/331/722 280/335/728
f 280/335/728 250/305/663 276/331/722
f 280/335/728 250/305/663 276/331/722
f 317/372/853 277/332/725 341/396/854
f 317/372/853 277/332/725 341/396/854
f 341/396/854 317/372/853 277/332/723
f 341/396/854 317/372/853 277/332/723
f 277/332/723 341/396/854 317/372/801
f 277/332/723 341/396/854 317/372/801
f 341/396/854 277/332/723 342/397/855
f 341/396/854 277/332/723 342/397/855
f 277/332/723 342/397/855 341/396/854
f 277/332/723 342/397/855 341/396/854
f 342/397/855 341/396/854 277/332/723
f 342/397/855 341/396/854 277/332/723
f 277/332/723 343/398/856 342/397/857
f 277/332/723 343/398/856 342/397/857
f 342/397/857 277/332/725 343/398/856
f 342/397/857 277/332/725 343/398/856
f 343/398/856 342/397/857 277/332/725
f 343/398/856 342/397/857 277/332/725
f 343/398/858 277/332/723 344/399/859
f 343/398/858 277/332/723 344/399/859
f 277/332/723 344/399/859 343/398/860
f 277/332/723 344/399/859 343/398/860
f 344/399/859 343/398/860 277/332/725
f 344/399/859 343/398/860 277/332/725
f 277/332/725 275/330/861 344/399/859
f 277/332/725 275/330/861 344/399/859
f 344/399/859 277/332/725 275/330/862
f 344/399/859 277/332/725 275/330/862
f 275/330/861 344/399/859 277/332/725
f 275/330/861 344/399/859 277/332/725
f 344/399/859 275/330/862 345/400/863
f 344/399/859 275/330/862 345/400/863
f 275/330/862 345/400/863 344/399/859
f 275/330/862 345/400/863 344/399/859
f 345/400/863 344/399/859 275/330/862
f 345/400/863 344/399/859 275/330/862
f 345/400/863 275/330/862 346/401/864
f 345/400/863 275/330/862 346/401/864
f 275/330/862 346/401/864 345/400/863
f 275/330/862 346/401/864 345/400/863
f 346/401/864 345/400/863 275/330/862
f 346/401/864 345/400/863 275/330/862
f 275/330/861 274/329/719 346/401/865
f 275/330/861 274/329/719 346/401/865
f 346/401/865 275/330/861 274/329/719
f 346/401/865 275/330/861 274/329/719
f 274/329/719 346/401/865 275/330/861
f 274/329/719 346/401/865 275/330/861
f 346/401/865 274/329/866 347/402/867
f 346/401/865 274/329/866 347/402/867
f 274/329/866 347/402/867 346/401/865
f 274/329/866 347/402/867 346/401/865
f 347/402/867 346/401/865 274/329/866
f 347/402/867 346/401/865 274/329/866
f 274/329/868 273/328/869 347/402/870
f 274/329/868 273/328/869 347/402/870
f 347/402/870 274/329/868 273/328/869
f 347/402/870 274/329/868 273/328/869
f 273/328/869 347/402/870 274/329/868
f 273/328/869 347/402/870 274/329/868
f 347/402/867 348/403/871 346/401/865
f 347/402/867 348/403/871 346/401/865
f 348/403/871 346/401/865 347/402/867
f 348/403/871 346/401/865 347/402/867
f 346/401/865 347/402/867 348/403/871
f 346/401/865 347/402/867 348/403/871
f 348/403/872 349/404/873 346/401/864
f 348/403/872 349/404/873 346/401/864
f 346/401/864 348/403/872 349/404/873
f 346/401/864 348/403/872 349/404/873
f 349/404/873 346/401/865 348/403/872
f 349/404/873 346/401/865 348/403/872
f 346/401/865 349/404/873 345/400/874
f 346/401/865 349/404/873 345/400/874
f 349/404/873 345/400/875 346/401/865
f 349/404/873 345/400/875 346/401/865
f 345/400/874 346/401/865 349/404/873
f 345/400/874 346/401/865 349/404/873
f 349/404/873 350/405/876 345/400/877
f 349/404/873 350/405/876 345/400/877
f 345/400/877 349/404/873 350/405/876
f 345/400/877 349/404/873 350/405/876
f 350/405/876 345/400/877 349/404/873
f 350/405/876 345/400/877 349/404/873
f 345/400/878 350/405/876 351/406/879
f 345/400/878 350/405/876 351/406/879
f 350/405/876 351/406/879 345/400/878
f 350/405/876 351/406/879 345/400/878
f 351/406/879 345/400/878 350/405/876
f 351/406/879 345/400/878 350/405/876
f 350/405/876 352/407/880 351/406/879
f 350/405/876 352/407/880 351/406/879
f 351/406/879 350/405/876 352/407/880
f 351/406/879 350/405/876 352/407/880
f 352/407/880 351/406/879 350/405/876
f 352/407/880 351/406/879 350/405/876
f 351/406/879 352/407/881 353/408/882
f 351/406/879 352/407/881 353/408/882
f 352/407/881 353/408/882 351/406/879
f 352/407/881 353/408/882 351/406/879
f 353/408/882 351/406/879 352/407/881
f 353/408/882 351/406/879 352/407/881
f 352/407/880 354/409/883 353/408/882
f 352/407/880 354/409/883 353/408/882
f 353/408/882 352/407/880 354/409/883
f 353/408/882 352/407/880 354/409/883
f 354/409/883 353/408/882 352/407/880
f 354/409/883 353/408/882 352/407/880
f 353/408/882 354/409/884 355/410/885
f 353/408/882 354/409/884 355/410/885
f 354/409/883 355/410/885 353/408/882
f 354/409/883 355/410/885 353/408/882
f 355/410/885 353/408/882 354/409/883
f 355/410/885 353/408/882 354/409/883
f 355/410/886 354/409/884 356/411/887
f 355/410/886 354/409/884 356/411/887
f 354/409/884 356/411/887 355/410/886
f 354/409/884 356/411/887 355/410/886
f 356/411/887 355/410/886 354/409/884
f 356/411/887 355/410/886 354/409/884
f 354/409/884 357/412/888 356/411/889
f 354/409/884 357/412/888 356/411/889
f 356/411/889 354/409/884 357/412/888
f 356/411/889 354/409/884 357/412/888
f 357/412/888 356/411/889 354/409/884
f 357/412/888 356/411/889 354/409/884
f 356/411/887 357/412/890 358/413/891
f 356/411/887 357/412/890 358/413/891
f 357/412/890 358/413/891 356/411/887
f 357/412/890 358/413/891 356/411/887
f 358/413/891 356/411/887 357/412/890
f 358/413/891 356/411/887 357/412/890
f 357/412/890 359/414/892 358/413/893
f 357/412/890 359/414/892 358/413/893
f 358/413/893 357/412/890 359/414/892
f 358/413/893 357/412/890 359/414/892
f 359/414/892 358/413/893 357/412/890
f 359/414/892 358/413/893 357/412/890
f 358/413/894 359/414/895 360/415/896
f 358/413/894 359/414/895 360/415/896
f 359/414/895 360/415/897 358/413/894
f 359/414/895 360/415/897 358/413/894
f 360/415/897 358/413/894 359/414/895
f 360/415/897 358/413/894 359/414/895
f 360/415/898 361/416/899 358/413/900
f 360/415/901 358/413/902 361/416/901
f 361/416/901 360/415/901 358/413/902
f 361/416/901 360/415/901 358/413/902
f 358/413/902 361/416/901 360/415/901
f 358/413/902 361/416/901 360/415/901
f 361/416/903 362/417/904 358/413/905
f 361/416/903 362/417/904 358/413/905
f 358/413/905 361/416/903 362/417/904
f 358/413/905 361/416/903 362/417/904
f 362/417/904 358/413/905 361/416/903
f 362/417/904 358/413/905 361/416/903
f 358/413/905 362/417/904 356/411/906
f 358/413/905 362/417/904 356/411/906
f 362/417/904 356/411/906 358/413/905
f 362/417/904 356/411/906 358/413/905
f 356/411/906 358/413/905 362/417/904
f 356/411/906 358/413/905 362/417/904
f 362/417/907 363/418/908 356/411/906
f 362/417/907 363/418/908 356/411/906
f 356/411/906 362/417/907 363/418/908
f 356/411/906 362/417/907 363/418/908
f 363/418/908 356/411/906 362/417/907
f 363/418/908 356/411/906 362/417/907
f 356/411/906 363/418/908 355/410/909
f 356/411/906 363/418/908 355/410/909
f 363/418/908 355/410/909 356/411/906
f 363/418/908 355/410/909 356/411/906
f 355/410/909 356/411/906 363/418/908
f 355/410/909 356/411/906 363/418/908
f 355/410/909 363/418/908 353/408/910
f 355/410/909 363/418/908 353/408/910
f 363/418/908 353/408/911 355/410/909
f 363/418/908 353/408/911 355/410/909
f 353/408/911 355/410/909 363/418/908
f 353/408/911 355/410/909 363/418/908
f 363/418/908 364/419/912 353/408/910
f 363/418/908 364/419/912 353/408/910
f 353/408/910 363/418/908 364/419/912
f 353/408/910 363/418/908 364/419/912
f 364/419/912 353/408/910 363/418/908
f 364/419/912 353/408/910 363/418/908
f 353/408/910 364/419/913 351/406/914
f 353/408/910 364/419/913 351/406/914
f 364/419/913 351/406/914 353/408/910
f 364/419/913 351/406/914 353/408/910
f 351/406/914 353/408/910 364/419/913
f 351/406/914 353/408/910 364/419/913
f 364/419/912 365/420/915 351/406/914
f 364/419/912 365/420/915 351/406/914
f 351/406/914 364/419/912 365/420/915
f 351/406/914 364/419/912 365/420/915
f 365/420/915 351/406/914 364/419/912
f 365/420/915 351/406/914 364/419/912
f 365/420/916 366/421/917 351/406/914
f 365/420/916 366/421/917 351/406/914
f 351/406/914 365/420/916 366/421/917
f 351/406/914 365/420/916 366/421/917
f 366/421/917 351/406/914 365/420/916
f 366/421/917 351/406/914 365/420/916
f 351/406/914 366/421/917 345/400/918
f 351/406/914 366/421/917 345/400/918
f 366/421/917 345/400/918 351/406/914
f 366/421/917 345/400/918 351/406/914
f 345/400/918 351/406/914 366/421/917
f 345/400/918 351/406/914 366/421/917
f 345/400/919 366/421/920 344/399/859
f 345/400/919 366/421/920 344/399/859
f 366/421/920 344/399/859 345/400/919
f 366/421/920 344/399/859 345/400/919
f 344/399/859 345/400/919 366/421/920
f 344/399/859 345/400/919 366/421/920
f 366/421/917 367/422/921 344/399/859
f 366/421/917 367/422/921 344/399/859
f 344/399/859 366/421/917 367/422/921
f 344/399/859 366/421/917 367/422/921
f 367/422/921 344/399/859 366/421/917
f 367/422/921 344/399/859 366/421/917
f 344/399/859 367/422/921 343/398/860
f 344/399/859 367/422/921 343/398/860
f 367/422/921 343/398/860 344/399/859
f 367/422/921 343/398/860 344/399/859
f 343/398/860 344/399/859 367/422/921
f 343/398/860 344/399/859 367/422/921
f 367/422/921 368/423/922 343/398/860
f 367/422/921 368/423/922 343/398/860
f 343/398/860 367/422/921 368/423/922
f 343/398/860 367/422/921 368/423/922
f 368/423/922 343/398/860 367/422/921
f 368/423/922 343/398/860 367/422/921
f 368/423/922 369/424/923 343/398/924
f 368/423/922 369/424/923 343/398/924
f 343/398/924 368/423/922 369/424/923
f 343/398/924 368/423/922 369/424/923
f 369/424/923 343/398/924 368/423/922
f 369/424/923 343/398/924 368/423/922
f 343/398/856 369/424/923 342/397/857
f 343/398/856 369/424/923 342/397/857
f 369/424/923 342/397/857 343/398/860
f 369/424/923 342/397/857 343/398/860
f 342/397/857 343/398/860 369/424/923
f 342/397/857 343/398/860 369/424/923
f 342/397/925 369/424/923 370/425/926
f 342/397/925 369/424/923 370/425/926
f 369/424/927 370/425/926 342/397/925
f 369/424/927 370/425/926 342/397/925
f 370/425/926 342/397/925 369/424/923
f 370/425/926 342/397/925 369/424/923
f 369/424/923 371/426/928 370/425/926
f 369/424/923 371/426/928 370/425/926
f 370/425/926 369/424/923 371/426/928
f 370/425/926 369/424/923 371/426/928
f 371/426/928 370/425/926 369/424/923
f 371/426/928 370/425/926 369/424/923
f 371/426/928 372/427/929 370/425/926
f 371/426/928 372/427/929 370/425/926
f 370/425/926 371/426/928 372/427/929
f 370/425/926 371/426/928 372/427/929
f 372/427/929 370/425/926 371/426/928
f 372/427/929 370/425/926 371/426/928
f 370/425/926 372/427/929 373/428/930
f 370/425/926 372/427/929 373/428/930
f 372/427/929 373/428/930 370/425/926
f 372/427/929 373/428/930 370/425/926
f 373/428/930 370/425/926 372/427/929
f 373/428/930 370/425/926 372/427/929
f 372/427/931 374/429/932 373/428/930
f 372/427/931 374/429/932 373/428/930
f 373/428/930 372/427/931 374/429/933
f 373/428/930 372/427/931 374/429/933
f 374/429/932 373/428/930 372/427/931
f 374/429/932 373/428/930 372/427/931
f 373/428/930 374/429/932 375/430/934
f 373/428/930 374/429/932 375/430/934
f 374/429/932 375/430/934 373/428/930
f 374/429/932 375/430/934 373/428/930
f 375/430/934 373/428/930 374/429/932
f 375/430/934 373/428/930 374/429/932
f 375/430/934 374/429/932 376/431/935
f 375/430/934 374/429/932 376/431/935
f 374/429/932 376/431/935 375/430/934
f 374/429/932 376/431/935 375/430/934
f 376/431/935 375/430/934 374/429/932
f 376/431/935 375/430/934 374/429/932
f 374/429/932 377/432/936 376/431/935
f 374/429/932 377/432/936 376/431/935
f 376/431/935 374/429/932 377/432/936
f 376/431/935 374/429/932 377/432/936
f 377/432/936 376/431/935 374/429/932
f 377/432/936 376/431/935 374/429/932
f 376/431/935 377/432/937 378/433/938
f 376/431/935 377/432/937 378/433/938
f 377/432/937 378/433/938 376/431/935
f 377/432/937 378/433/938 376/431/935
f 378/433/938 376/431/935 377/432/937
f 378/433/938 376/431/935 377/432/937
f 377/432/936 379/434/939 378/433/938
f 377/432/936 379/434/939 378/433/938
f 378/433/938 377/432/936 379/434/939
f 378/433/938 377/432/936 379/434/939
f 379/434/939 378/433/938 377/432/937
f 379/434/939 378/433/938 377/432/937
f 378/433/940 379/434/941 380/435/942
f 378/433/940 379/434/941 380/435/942
f 379/434/943 380/435/942 378/433/940
f 379/434/943 380/435/942 378/433/940
f 380/435/942 378/433/940 379/434/941
f 380/435/942 378/433/940 379/434/941
f 380/435/944 381/436/945 378/433/946
f 380/435/944 381/436/945 378/433/946
f 381/436/945 378/433/946 380/435/944
f 381/436/945 378/433/946 380/435/944
f 378/433/946 380/435/944 381/436/945
f 378/433/946 380/435/944 381/436/945
f 381/436/945 382/437/947 378/433/948
f 381/436/945 382/437/947 378/433/948
f 378/433/948 381/436/945 382/437/947
f 378/433/948 381/436/945 382/437/947
f 382/437/947 378/433/948 381/436/945
f 382/437/947 378/433/948 381/436/945
f 378/433/949 382/437/947 376/431/950
f 378/433/949 382/437/947 376/431/950
f 382/437/947 376/431/950 378/433/949
f 382/437/947 376/431/950 378/433/949
f 376/431/950 378/433/949 382/437/947
f 376/431/950 378/433/949 382/437/947
f 382/437/951 383/438/952 376/431/950
f 382/437/951 383/438/952 376/431/950
f 376/431/950 382/437/951 383/438/952
f 376/431/950 382/437/951 383/438/952
f 383/438/952 376/431/950 382/437/951
f 383/438/952 376/431/950 382/437/951
f 376/431/950 383/438/953 375/430/954
f 376/431/950 383/438/953 375/430/954
f 383/438/953 375/430/954 376/431/950
f 383/438/953 375/430/954 376/431/950
f 375/430/954 376/431/950 383/438/953
f 375/430/954 376/431/950 383/438/953
f 375/430/954 383/438/955 373/428/956
f 375/430/954 383/438/955 373/428/956
f 383/438/953 373/428/956 375/430/954
f 383/438/953 373/428/956 375/430/954
f 373/428/956 375/430/954 383/438/953
f 373/428/956 375/430/954 383/438/953
f 383/438/955 384/439/957 373/428/956
f 383/438/955 384/439/957 373/428/956
f 373/428/956 383/438/955 384/439/957
f 373/428/956 383/438/955 384/439/957
f 384/439/957 373/428/956 383/438/955
f 384/439/957 373/428/956 383/438/955
f 384/439/957 385/440/958 373/428/956
f 384/439/957 385/440/958 373/428/956
f 373/428/956 384/439/957 385/440/958
f 373/428/956 384/439/957 385/440/958
f 385/440/958 373/428/956 384/439/957
f 385/440/958 373/428/956 384/439/957
f 373/428/956 385/440/959 370/425/960
f 373/428/956 385/440/959 370/425/960
f 385/440/959 370/425/960 373/428/956
f 385/440/959 370/425/960 373/428/956
f 370/425/960 373/428/956 385/440/959
f 370/425/960 373/428/956 385/440/959
f 370/425/960 385/440/959 342/397/961
f 370/425/960 385/440/959 342/397/961
f 385/440/959 342/397/961 370/425/960
f 385/440/959 342/397/961 370/425/960
f 342/397/961 370/425/960 385/440/959
f 342/397/961 370/425/960 385/440/959
f 385/440/959 386/441/962 342/397/961
f 385/440/959 386/441/962 342/397/961
f 342/397/961 385/440/959 386/441/962
f 342/397/961 385/440/959 386/441/962
f 386/441/962 342/397/961 385/440/959
f 386/441/962 342/397/961 385/440/959
f 342/397/855 386/441/963 341/396/854
f 342/397/855 386/441/963 341/396/854
f 386/441/963 341/396/854 342/397/855
f 386/441/963 341/396/854 342/397/855
f 341/396/854 342/397/855 386/441/963
f 341/396/854 342/397/855 386/441/963
f 386/441/963 387/442/964 341/396/854
f 386/441/963 387/442/964 341/396/854
f 341/396/854 386/441/963 387/442/964
f 341/396/854 386/441/963 387/442/964
f 387/442/964 341/396/854 386/441/963
f 387/442/964 341/396/854 386/441/963
f 341/396/854 387/442/965 317/372/966
f 341/396/854 387/442/965 317/372/966
f 387/442/965 317/372/966 341/396/854
f 387/442/965 317/372/966 341/396/854
f 317/372/966 341/396/854 387/442/965
f 317/372/966 341/396/854 387/442/965
f 387/442/965 388/443/967 317/372/968
f 387/442/965 388/443/967 317/372/968
f 317/372/968 387/442/965 388/443/967
f 317/372/968 387/442/965 388/443/967
f 388/443/967 317/372/968 387/442/965
f 388/443/967 317/372/968 387/442/965
f 317/372/853 388/443/969 319/374/804
f 317/372/853 388/443/969 319/374/804
f 388/443/969 319/374/804 317/372/853
f 388/443/969 319/374/804 317/372/853
f 319/374/804 317/372/853 388/443/969
f 319/374/804 317/372/853 388/443/969
f 389/444/970 391/445/971 390/446/972
f 389/444/970 391/445/971 390/446/972
f 390/446/972 389/444/970 391/445/971
f 390/446/972 389/444/970 391/445/971
f 391/445/971 390/446/972 389/444/970
f 391/445/971 390/446/972 389/444/970
f 390/446/973 391/445/971 392/447/974
f 390/446/973 391/445/971 392/447/974
f 391/445/971 392/447/974 390/446/973
f 391/445/971 392/447/974 390/446/973
f 392/447/974 390/446/973 391/445/971
f 392/447/974 390/446/973 391/445/971
f 391/445/975 393/448/976 392/447/974
f 391/445/975 393/448/976 392/447/974
f 392/447/974 391/445/975 393/448/976
f 392/447/974 391/445/975 393/448/976
f 393/448/976 392/447/974 391/445/975
f 393/448/976 392/447/974 391/445/975
f 392/447/974 393/448/976 394/449/977
f 392/447/974 393/448/976 394/449/977
f 393/448/976 394/449/978 392/447/974
f 393/448/976 394/449/978 392/447/974
f 394/449/977 392/447/974 393/448/976
f 394/449/977 392/447/974 393/448/976
f 394/449/977 393/448/979 395/450/980
f 394/449/977 393/448/979 395/450/980
f 393/448/979 395/450/980 394/449/978
f 393/448/979 395/450/980 394/449/978
f 395/450/980 394/449/977 393/448/979
f 395/450/980 394/449/977 393/448/979
f 393/448/979 396/451/981 395/450/982
f 393/448/979 396/451/981 395/450/982
f 395/450/982 393/448/976 396/451/983
f 395/450/982 393/448/976 396/451/983
f 396/451/981 395/450/982 393/448/979
f 396/451/981 395/450/982 393/448/979
f 395/450/980 396/451/983 397/452/984
f 395/450/980 396/451/983 397/452/984
f 396/451/983 397/452/984 395/450/980
f 396/451/983 397/452/984 395/450/980
f 397/452/984 395/450/980 396/451/983
f 397/452/984 395/450/980 396/451/983
f 396/451/983 398/453/985 397/452/986
f 396/451/983 398/453/985 397/452/986
f 397/452/986 396/451/983 398/453/985
f 397/452/986 396/451/983 398/453/985
f 398/453/985 397/452/986 396/451/983
f 398/453/985 397/452/986 396/451/983
f 397/452/986 398/453/987 399/454/988
f 397/452/986 398/453/987 399/454/988
f 398/453/987 399/454/988 397/452/986
f 398/453/987 399/454/988 397/452/986
f 399/454/988 397/452/986 398/453/987
f 399/454/988 397/452/986 398/453/987
f 398/453/985 400/455/989 399/454/990
f 398/453/985 400/455/989 399/454/990
f 399/454/990 398/453/985 400/455/989
f 399/454/990 398/453/985 400/455/989
f 400/455/989 399/454/990 398/453/985
f 400/455/989 399/454/990 398/453/985
f 399/454/990 400/455/989 401/456/991
f 399/454/990 400/455/989 401/456/991
f 400/455/989 401/456/991 399/454/990
f 400/455/989 401/456/991 399/454/990
f 401/456/991 399/454/990 400/455/989
f 401/456/991 399/454/990 400/455/989
f 400/455/989 402/457/992 401/456/991
f 400/455/989 402/457/992 401/456/991
f 401/456/991 400/455/989 402/457/992
f 401/456/991 400/455/989 402/457/992
f 402/457/992 401/456/991 400/455/989
f 402/457/992 401/456/991 400/455/989
f 401/456/991 402/457/992 403/458/993
f 401/456/991 402/457/992 403/458/993
f 402/457/992 403/458/993 401/456/991
f 402/457/992 403/458/993 401/456/991
f 403/458/993 401/456/991 402/457/992
f 403/458/993 401/456/991 402/457/992
f 403/458/993 402/457/992 404/459/994
f 403/458/993 402/457/992 404/459/994
f 402/457/992 404/459/994 403/458/993
f 402/457/992 404/459/994 403/458/993
f 404/459/994 403/458/993 402/457/992
f 404/459/994 403/458/993 402/457/992
f 402/457/992 405/460/995 404/459/994
f 402/457/992 405/460/995 404/459/994
f 404/459/994 402/457/992 405/460/995
f 404/459/994 402/457/992 405/460/995
f 405/460/995 404/459/994 402/457/992
f 405/460/995 404/459/994 402/457/992
f 404/459/994 405/460/995 406/461/996
f 404/459/994 405/460/995 406/461/996
f 405/460/995 406/461/996 404/459/994
f 405/460/995 406/461/996 404/459/994
f 406/461/996 404/459/994 405/460/995
f 406/461/996 404/459/994 405/460/995
f 405/460/997 407/462/998 406/461/999
f 405/460/997 407/462/998 406/461/999
f 406/461/999 405/460/997 407/462/998
f 406/461/999 405/460/997 407/462/998
f 407/462/998 406/461/999 405/460/997
f 407/462/998 406/461/999 405/460/997
f 406/461/996 407/462/1000 332/463/831
f 406/461/996 407/462/1000 332/463/831
f 407/462/1000 332/463/831 406/461/996
f 407/462/1000 332/463/831 406/461/996
f 332/463/831 406/461/996 407/462/1000
f 332/463/831 406/461/996 407/462/1000
f 332/463/831 407/462/1001 333/464/834
f 332/463/831 407/462/1001 333/464/834
f 407/462/1001 333/464/834 332/463/831
f 407/462/1001 333/464/834 332/463/831
f 333/464/834 332/463/831 407/462/1001
f 333/464/834 332/463/831 407/462/1001
f 407/462/1001 405/460/995 333/464/834
f 407/462/1001 405/460/995 333/464/834
f 333/464/834 407/462/1001 405/460/995
f 333/464/834 407/462/1001 405/460/995
f 405/460/995 333/464/834 407/462/1001
f 405/460/995 333/464/834 407/462/1001
f 333/464/834 405/460/995 408/465/1002
f 333/464/834 405/460/995 408/465/1002
f 405/460/995 408/465/1002 333/464/834
f 405/460/995 408/465/1002 333/464/834
f 408/465/1002 333/464/834 405/460/995
f 408/465/1002 333/464/834 405/460/995
f 405/460/995 402/457/992 408/465/1002
f 405/460/995 402/457/992 408/465/1002
f 408/465/1002 405/460/995 402/457/992
f 408/465/1002 405/460/995 402/457/992
f 402/457/992 408/465/1002 405/460/995
f 402/457/992 408/465/1002 405/460/995
f 402/457/992 400/455/1003 408/465/1002
f 402/457/992 400/455/1003 408/465/1002
f 408/465/1002 402/457/992 400/455/1003
f 408/465/1002 402/457/992 400/455/1003
f 400/455/1003 408/465/1002 402/457/992
f 400/455/1003 408/465/1002 402/457/992
f 408/465/1002 400/455/1003 291/466/1004
f 408/465/1002 400/455/1003 291/466/1004
f 400/455/1003 291/466/1004 408/465/1002
f 400/455/1003 291/466/1004 408/465/1002
f 291/466/1004 408/465/1002 400/455/989
f 291/466/1004 408/465/1002 400/455/989
f 291/466/1005 400/455/1003 290/467/750
f 291/466/1005 400/455/1003 290/467/750
f 400/455/1003 290/467/750 291/466/1005
f 400/455/1003 290/467/750 291/466/1005
f 290/467/750 291/466/1005 400/455/1003
f 290/467/750 291/466/1005 400/455/1003
f 400/455/1003 398/453/985 290/467/750
f 400/455/1003 398/453/985 290/467/750
f 290/467/750 400/455/1003 398/453/985
f 290/467/750 400/455/1003 398/453/985
f 398/453/985 290/467/750 400/455/1003
f 398/453/985 290/467/750 400/455/1003
f 290/467/750 398/453/987 289/468/749
f 290/467/750 398/453/987 289/468/749
f 398/453/987 289/468/749 290/467/750
f 398/453/987 289/468/749 290/467/750
f 289/468/749 290/467/750 398/453/985
f 289/468/749 290/467/750 398/453/985
f 289/468/749 398/453/985 288/469/1006
f 289/468/749 398/453/985 288/469/1006
f 398/453/985 288/469/1006 289/468/749
f 398/453/985 288/469/1006 289/468/749
f 288/469/1006 289/468/749 398/453/985
f 288/469/1006 289/468/749 398/453/985
f 398/453/985 396/451/983 288/469/746
f 398/453/985 396/451/983 288/469/746
f 288/469/746 398/453/985 396/451/983
f 288/469/746 398/453/985 396/451/983
f 396/451/983 288/469/746 398/453/987
f 396/451/983 288/469/746 398/453/987
f 396/451/981 393/448/979 288/469/746
f 396/451/981 393/448/979 288/469/746
f 288/469/746 396/451/983 393/448/979
f 288/469/746 396/451/983 393/448/979
f 393/448/979 288/469/746 396/451/983
f 393/448/979 288/469/746 396/451/983
f 288/469/746 393/448/976 287/470/742
f 288/469/746 393/448/976 287/470/742
f 393/448/976 287/470/742 288/469/746
f 393/448/976 287/470/742 288/469/746
f 287/470/742 288/469/746 393/448/976
f 287/470/742 288/469/746 393/448/976
f 393/448/979 391/445/971 287/470/742
f 393/448/979 391/445/971 287/470/742
f 287/470/742 393/448/979 391/445/971
f 287/470/742 393/448/979 391/445/971
f 391/445/971 287/470/742 393/448/979
f 391/445/971 287/470/742 393/448/979
f 391/445/971 234/471/741 287/470/742
f 391/445/971 234/471/741 287/470/742
f 391/445/971 234/471/741 287/470/742
f 391/445/971 234/471/741 287/470/742
f 234/471/741 287/470/742 391/445/971
f 234/471/741 287/470/742 391/445/971
f 234/471/635 391/445/971 235/472/636
f 234/471/635 391/445/971 235/472/636
f 235/472/636 234/471/635 391/445/971
f 235/472/636 234/471/635 391/445/971
f 235/472/636 234/471/635 391/445/971
f 235/472/636 234/471/635 391/445/971
f 391/445/971 389/444/1007 235/472/638
f 391/445/971 389/444/1007 235/472/638
f 235/472/638 391/445/971 389/444/1007
f 235/472/638 391/445/971 389/444/1007
f 389/444/1007 235/472/638 391/445/971
f 389/444/1007 235/472/638 391/445/971
f 235/472/636 389/444/970 237/473/640
f 235/472/636 389/444/970 237/473/640
f 389/444/970 237/473/640 235/472/636
f 389/444/970 237/473/640 235/472/636
f 237/473/640 235/472/636 389/444/970
f 237/473/640 235/472/636 389/444/970
f 389/444/1007 390/446/972 237/473/1008
f 389/444/1007 390/446/972 237/473/1008
f 237/473/1008 389/444/1007 390/446/972
f 237/473/1008 389/444/1007 390/446/972
f 390/446/972 237/473/1008 389/444/1007
f 390/446/972 237/473/1008 389/444/1007
f 237/473/1008 390/446/973 238/474/1009
f 237/473/1008 390/446/973 238/474/1009
f 390/446/973 238/474/1009 237/473/1008
f 390/446/973 238/474/1009 237/473/1008
f 238/474/1009 237/473/1008 390/446/973
f 238/474/1009 237/473/1008 390/446/973
f 238/474/641 390/446/973 240/475/645
f 238/474/641 390/446/973 240/475/645
f 390/446/973 240/475/645 238/474/641
f 390/446/973 240/475/645 238/474/641
f 240/475/645 238/474/641 390/446/973
f 240/475/645 238/474/641 390/446/973
f 390/446/973 392/447/1010 240/475/645
f 390/446/973 392/447/1010 240/475/645
f 240/475/645 390/446/973 392/447/1010
f 240/475/645 390/446/973 392/447/1010
f 392/447/1011 240/475/645 390/446/973
f 392/447/1011 240/475/645 390/446/973
f 240/475/645 392/447/1010 241/476/648
f 240/475/645 392/447/1010 241/476/648
f 392/447/1010 241/476/648 240/475/645
f 392/447/1010 241/476/648 240/475/645
f 241/476/648 240/475/645 392/447/1010
f 241/476/648 240/475/645 392/447/1010
f 392/447/974 394/449/978 241/476/648
f 392/447/974 394/449/978 241/476/648
f 241/476/648 392/447/974 394/449/978
f 241/476/648 392/447/974 394/449/978
f 394/449/978 241/476/648 392/447/974
f 394/449/978 241/476/648 392/447/974
f 241/476/648 394/449/978 244/477/1012
f 241/476/648 394/449/978 244/477/1012
f 394/449/978 244/477/1012 241/476/648
f 394/449/978 244/477/1012 241/476/648
f 244/477/1012 241/476/648 394/449/978
f 244/477/1012 241/476/648 394/449/978
f 244/477/654 394/449/978 246/478/656
f 244/477/654 394/449/978 246/478/656
f 394/449/978 246/478/656 244/477/654
f 394/449/978 246/478/656 244/477/654
f 246/478/656 244/477/654 394/449/978
f 246/478/656 244/477/654 394/449/978
f 394/449/978 395/450/982 246/478/656
f 394/449/978 395/450/982 246/478/656
f 246/478/656 394/449/978 395/450/982
f 246/478/656 394/449/978 395/450/982
f 395/450/982 246/478/656 394/449/978
f 395/450/982 246/478/656 394/449/978
f 246/478/656 395/450/982 247/479/657
f 246/478/656 395/450/982 247/479/657
f 395/450/982 247/479/657 246/478/656
f 395/450/982 247/479/657 246/478/656
f 247/479/657 246/478/656 395/450/982
f 247/479/657 246/478/656 395/450/982
f 395/450/980 397/452/986 247/479/658
f 395/450/980 397/452/986 247/479/658
f 247/479/658 395/450/980 397/452/986
f 247/479/658 395/450/980 397/452/986
f 397/452/986 247/479/658 395/450/980
f 397/452/986 247/479/658 395/450/980
f 247/479/658 397/452/1013 249/480/1014
f 247/479/658 397/452/1013 249/480/1014
f 397/452/1013 249/480/1014 247/479/658
f 397/452/1013 249/480/1014 247/479/658
f 249/480/1014 247/479/658 397/452/1013
f 249/480/1014 247/479/658 397/452/1013
f 397/452/1015 399/454/990 249/480/664
f 397/452/1015 399/454/990 249/480/664
f 249/480/664 397/452/1015 399/454/990
f 249/480/664 397/452/1015 399/454/990
f 399/454/990 249/480/664 397/452/1015
f 399/454/990 249/480/664 397/452/1015
f 249/480/1016 399/454/1017 409/481/1018
f 249/480/1016 399/454/1017 409/481/1018
f 399/454/1017 409/481/1018 249/480/1016
f 399/454/1017 409/481/1018 249/480/1016
f 409/481/1018 249/480/1016 399/454/1017
f 409/481/1018 249/480/1016 399/454/1017
f 399/454/990 401/456/991 409/481/1019
f 399/454/990 401/456/991 409/481/1019
f 409/481/1019 399/454/990 401/456/991
f 409/481/1019 399/454/990 401/456/991
f 401/456/991 409/481/1019 399/454/990
f 401/456/991 409/481/1019 399/454/990
f 409/481/1019 401/456/991 410/482/1020
f 409/481/1019 401/456/991 410/482/1020
f 401/456/991 410/482/1020 409/481/1019
f 401/456/991 410/482/1020 409/481/1019
f 410/482/1020 409/481/1019 401/456/991
f 410/482/1020 409/481/1019 401/456/991
f 401/456/1021 411/483/1022 410/482/1020
f 401/456/1021 411/483/1022 410/482/1020
f 410/482/1020 401/456/1021 411/483/1022
f 410/482/1020 401/456/1021 411/483/1022
f 411/483/1022 410/482/1020 401/456/1021
f 411/483/1022 410/482/1020 401/456/1021
f 411/483/1022 401/456/991 412/484/1023
f 411/483/1022 401/456/991 412/484/1023
f 401/456/1021 412/484/1023 411/483/1022
f 401/456/1021 412/484/1023 411/483/1022
f 412/484/1023 411/483/1022 401/456/1021
f 412/484/1023 411/483/1022 401/456/1021
f 401/456/991 403/458/993 412/484/1023
f 401/456/991 403/458/993 412/484/1023
f 412/484/1023 401/456/991 403/458/993
f 412/484/1023 401/456/991 403/458/993
f 403/458/993 412/484/1023 401/456/991
f 403/458/993 412/484/1023 401/456/991
f 403/458/993 404/459/994 412/484/1023
f 403/458/993 404/459/994 412/484/1023
f 412/484/1023 403/458/993 404/459/994
f 412/484/1023 403/458/993 404/459/994
f 404/459/994 412/484/1023 403/458/993
f 404/459/994 412/484/1023 403/458/993
f 412/484/1024 404/459/994 413/485/1025
f 412/484/1024 404/459/994 413/485/1025
f 404/459/994 413/485/1025 412/484/1024
f 404/459/994 413/485/1025 412/484/1024
f 413/485/1025 412/484/1024 404/459/994
f 413/485/1025 412/484/1024 404/459/994
f 413/485/1025 404/459/994 414/486/1026
f 413/485/1025 404/459/994 414/486/1026
f 404/459/994 414/486/1026 413/485/1025
f 404/459/994 414/486/1026 413/485/1025
f 414/486/1026 413/485/1025 404/459/994
f 414/486/1026 413/485/1025 404/459/994
f 404/459/994 406/461/999 414/486/1026
f 404/459/994 406/461/999 414/486/1026
f 414/486/1026 404/459/994 406/461/999
f 414/486/1026 404/459/994 406/461/999
f 406/461/999 414/486/1026 404/459/994
f 406/461/999 414/486/1026 404/459/994
f 249/480/660 409/481/1018 252/487/666
f 249/480/660 409/481/1018 252/487/666
f 409/481/1018 252/487/666 249/480/660
f 409/481/1018 252/487/666 249/480/660
f 252/487/666 249/480/660 409/481/1018
f 252/487/666 249/480/660 409/481/1018
f 409/481/1018 410/482/1020 252/487/1027
f 409/481/1018 410/482/1020 252/487/1027
f 252/487/1027 409/481/1018 410/482/1020
f 252/487/1027 409/481/1018 410/482/1020
f 410/482/1020 252/487/1027 409/481/1018
f 410/482/1020 252/487/1027 409/481/1018
f 252/487/1027 410/482/1020 253/488/671
f 252/487/1027 410/482/1020 253/488/671
f 410/482/1020 253/488/671 252/487/1027
f 410/482/1020 253/488/671 252/487/1027
f 253/488/671 252/487/1027 410/482/1020
f 253/488/671 252/487/1027 410/482/1020
f 253/488/1028 410/482/1020 255/489/1029
f 253/488/1028 410/482/1020 255/489/1029
f 410/482/1020 255/489/1029 253/488/1028
f 410/482/1020 255/489/1029 253/488/1028
f 255/489/1029 253/488/1028 410/482/1020
f 255/489/1029 253/488/1028 410/482/1020
f 410/482/1020 415/490/1030 255/489/673
f 410/482/1020 415/490/1030 255/489/673
f 255/489/673 410/482/1020 415/490/1030
f 255/489/673 410/482/1020 415/490/1030
f 415/490/1030 255/489/673 410/482/1020
f 415/490/1030 255/489/673 410/482/1020
f 255/489/673 415/490/1031 257/491/675
f 255/489/673 415/490/1031 257/491/675
f 415/490/1031 257/491/675 255/489/673
f 415/490/1031 257/491/675 255/489/673
f 257/491/675 255/489/673 415/490/1031
f 257/491/675 255/489/673 415/490/1031
f 415/490/1031 416/492/1032 257/491/1033
f 415/490/1031 416/492/1032 257/491/1033
f 257/491/1033 415/490/1031 416/492/1032
f 257/491/1033 415/490/1031 416/492/1032
f 416/492/1032 257/491/1033 415/490/1031
f 416/492/1032 257/491/1033 415/490/1031
f 257/491/675 416/492/1034 260/493/1035
f 257/491/675 416/492/1034 260/493/1035
f 416/492/1034 260/493/1035 257/491/675
f 416/492/1034 260/493/1035 257/491/675
f 260/493/1035 257/491/675 416/492/1034
f 260/493/1035 257/491/675 416/492/1034
f 416/492/1036 417/494/1037 260/493/1035
f 416/492/1036 417/494/1037 260/493/1035
f 260/493/1035 416/492/1036 417/494/1037
f 260/493/1035 416/492/1036 417/494/1037
f 417/494/1037 260/493/1035 416/492/1036
f 417/494/1037 260/493/1035 416/492/1036
f 417/494/1038 418/495/1039 260/493/1035
f 417/494/1038 418/495/1039 260/493/1035
f 260/493/1040 417/494/1038 418/495/1039
f 260/493/1040 417/494/1038 418/495/1039
f 418/495/1039 260/493/1035 417/494/1038
f 418/495/1039 260/493/1035 417/494/1038
f 260/493/1035 418/495/1039 261/496/681
f 260/493/1035 418/495/1039 261/496/681
f 418/495/1039 261/496/681 260/493/1035
f 418/495/1039 261/496/681 260/493/1035
f 261/496/681 260/493/1035 418/495/1039
f 261/496/681 260/493/1035 418/495/1039
f 261/496/681 418/495/1039 264/497/688
f 261/496/681 418/495/1039 264/497/688
f 418/495/1039 264/497/688 261/496/681
f 418/495/1039 264/497/688 261/496/681
f 264/497/688 261/496/681 418/495/1039
f 264/497/688 261/496/681 418/495/1039
f 418/495/1039 419/498/1041 264/497/685
f 418/495/1039 419/498/1041 264/497/685
f 264/497/685 418/495/1039 419/498/1041
f 264/497/685 418/495/1039 419/498/1041
f 419/498/1042 264/497/685 418/495/1039
f 419/498/1042 264/497/685 418/495/1039
f 264/497/688 419/498/1043 266/499/1044
f 264/497/688 419/498/1043 266/499/1044
f 419/498/1043 266/499/1044 264/497/688
f 419/498/1043 266/499/1044 264/497/688
f 266/499/1044 264/497/688 419/498/1043
f 266/499/1044 264/497/688 419/498/1043
f 419/498/1045 420/500/1046 266/499/691
f 419/498/1045 420/500/1046 266/499/691
f 266/499/691 419/498/1045 420/500/1047
f 266/499/691 419/498/1045 420/500/1047
f 420/500/1047 266/499/691 419/498/1045
f 420/500/1047 266/499/691 419/498/1045
f 266/499/1048 420/500/1047 267/501/692
f 266/499/1048 420/500/1047 267/501/692
f 420/500/1047 267/501/692 266/499/1048
f 420/500/1047 267/501/692 266/499/1048
f 267/501/692 266/499/1048 420/500/1047
f 267/501/692 266/499/1048 420/500/1047
f 267/501/692 420/500/1046 268/502/1049
f 267/501/692 420/500/1046 268/502/1049
f 420/500/1046 268/502/1049 267/501/692
f 420/500/1046 268/502/1049 267/501/692
f 268/502/1049 267/501/692 420/500/1046
f 268/502/1049 267/501/692 420/500/1046
f 420/500/1050 419/498/1045 268/502/1049
f 420/500/1050 419/498/1045 268/502/1049
f 268/502/1049 420/500/1050 419/498/1045
f 268/502/1049 420/500/1050 419/498/1045
f 419/498/1045 268/502/1049 420/500/1050
f 419/498/1045 268/502/1049 420/500/1050
f 268/502/1051 419/498/1052 269/503/1053
f 268/502/1051 419/498/1052 269/503/1053
f 419/498/1052 269/503/1053 268/502/1051
f 419/498/1052 269/503/1053 268/502/1051
f 269/503/1053 268/502/1051 419/498/1052
f 269/503/1053 268/502/1051 419/498/1052
f 419/498/1052 418/495/1054 269/503/700
f 419/498/1052 418/495/1054 269/503/700
f 269/503/700 419/498/1052 418/495/1055
f 269/503/700 419/498/1052 418/495/1055
f 418/495/1054 269/503/700 419/498/1052
f 418/495/1054 269/503/700 419/498/1052
f 269/503/1053 418/495/1054 270/504/701
f 269/503/1053 418/495/1054 270/504/701
f 418/495/1054 270/504/701 269/503/1053
f 418/495/1054 270/504/701 269/503/1053
f 270/504/701 269/503/1053 418/495/1054
f 270/504/701 269/503/1053 418/495/1054
f 270/504/701 418/495/1054 271/505/707
f 270/504/701 418/495/1054 271/505/707
f 418/495/1054 271/505/707 270/504/701
f 418/495/1054 271/505/707 270/504/701
f 271/505/707 270/504/701 418/495/1054
f 271/505/707 270/504/701 418/495/1054
f 418/495/1054 417/494/1056 271/505/707
f 418/495/1054 417/494/1056 271/505/707
f 271/505/707 418/495/1054 417/494/1056
f 271/505/707 418/495/1054 417/494/1056
f 417/494/1056 271/505/707 418/495/1054
f 417/494/1056 271/505/707 418/495/1054
f 271/505/707 417/494/1056 272/506/711
f 271/505/707 417/494/1056 272/506/711
f 417/494/1056 272/506/711 271/505/708
f 417/494/1056 272/506/711 271/505/708
f 272/506/711 271/505/707 417/494/1056
f 272/506/711 271/505/707 417/494/1056
f 417/494/1057 416/492/1058 272/506/711
f 417/494/1057 416/492/1058 272/506/711
f 272/506/711 417/494/1057 416/492/1058
f 272/506/711 417/494/1057 416/492/1058
f 416/492/1058 272/506/711 417/494/1057
f 416/492/1058 272/506/711 417/494/1057
f 272/506/711 416/492/1058 273/507/1059
f 272/506/711 416/492/1058 273/507/1059
f 416/492/1058 273/507/1059 272/506/711
f 416/492/1058 273/507/1059 272/506/711
f 273/507/1059 272/506/711 416/492/1058
f 273/507/1059 272/506/711 416/492/1058
f 416/492/1060 415/490/1061 273/507/1062
f 416/492/1060 415/490/1061 273/507/1062
f 273/507/1062 416/492/1060 415/490/1061
f 273/507/1062 416/492/1060 415/490/1061
f 415/490/1061 273/507/1062 416/492/1060
f 415/490/1061 273/507/1062 416/492/1060
f 273/507/1063 415/490/1064 347/508/1065
f 273/507/1063 415/490/1064 347/508/1065
f 415/490/1064 347/508/1065 273/507/1063
f 415/490/1064 347/508/1065 273/507/1063
f 347/508/1065 273/507/1063 415/490/1064
f 347/508/1065 273/507/1063 415/490/1064
f 415/490/1066 410/482/1067 347/508/1068
f 415/490/1066 410/482/1067 347/508/1068
f 347/508/1068 415/490/1066 410/482/1067
f 347/508/1068 415/490/1066 410/482/1067
f 410/482/1067 347/508/1069 415/490/1066
f 410/482/1067 347/508/1069 415/490/1066
f 410/482/1070 411/483/1022 347/508/1071
f 410/482/1070 411/483/1022 347/508/1071
f 347/508/1071 410/482/1070 411/483/1022
f 347/508/1071 410/482/1070 411/483/1022
f 411/483/1022 347/508/1071 410/482/1070
f 411/483/1022 347/508/1071 410/482/1070
f 347/508/1072 411/483/1022 348/509/871
f 347/508/1072 411/483/1022 348/509/871
f 411/483/1022 348/509/871 347/508/1072
f 411/483/1022 348/509/871 347/508/1072
f 348/509/871 347/508/1072 411/483/1022
f 348/509/871 347/508/1072 411/483/1022
f 411/483/1022 412/484/1023 348/509/871
f 411/483/1022 412/484/1023 348/509/871
f 348/509/871 411/483/1022 412/484/1023
f 348/509/871 411/483/1022 412/484/1023
f 412/484/1023 348/509/871 411/483/1022
f 412/484/1023 348/509/871 411/483/1022
f 412/484/1023 421/510/1073 348/509/1074
f 412/484/1023 421/510/1073 348/509/1074
f 348/509/1074 412/484/1023 421/510/1073
f 348/509/1074 412/484/1023 421/510/1073
f 421/510/1073 348/509/872 412/484/1023
f 421/510/1073 348/509/872 412/484/1023
f 348/509/871 421/510/1075 349/511/873
f 348/509/871 421/510/1075 349/511/873
f 421/510/1075 349/511/873 348/509/871
f 421/510/1075 349/511/873 348/509/871
f 349/511/873 348/509/871 421/510/1075
f 349/511/873 348/509/871 421/510/1075
f 421/510/1076 422/512/1077 349/511/873
f 421/510/1076 422/512/1077 349/511/873
f 349/511/873 421/510/1076 422/512/1077
f 349/511/873 421/510/1076 422/512/1077
f 422/512/1077 349/511/873 421/510/1076
f 422/512/1077 349/511/873 421/510/1076
f 349/511/873 422/512/1078 350/513/876
f 349/511/873 422/512/1078 350/513/876
f 422/512/1078 350/513/876 349/511/873
f 422/512/1078 350/513/876 349/511/873
f 350/513/876 349/511/873 422/512/1078
f 350/513/876 349/511/873 422/512/1078
f 422/512/1078 423/514/1079 350/513/1080
f 422/512/1078 423/514/1079 350/513/1080
f 350/513/1080 422/512/1078 423/514/1079
f 350/513/1080 422/512/1078 423/514/1079
f 423/514/1079 350/513/1080 422/512/1078
f 423/514/1079 350/513/1080 422/512/1078
f 350/513/876 423/514/1079 352/515/880
f 350/513/876 423/514/1079 352/515/880
f 423/514/1079 352/515/880 350/513/876
f 423/514/1079 352/515/880 350/513/876
f 352/515/880 350/513/876 423/514/1079
f 352/515/880 350/513/876 423/514/1079
f 423/514/1079 424/516/1081 352/515/881
f 423/514/1079 424/516/1081 352/515/881
f 352/515/881 423/514/1079 424/516/1081
f 352/515/881 423/514/1079 424/516/1081
f 424/516/1081 352/515/881 423/514/1079
f 424/516/1081 352/515/881 423/514/1079
f 352/515/880 424/516/1081 354/517/884
f 352/515/880 424/516/1081 354/517/884
f 424/516/1081 354/517/884 352/515/880
f 424/516/1081 354/517/884 352/515/880
f 354/517/884 352/515/880 424/516/1081
f 354/517/884 352/515/880 424/516/1081
f 354/517/884 424/516/1081 357/518/888
f 354/517/884 424/516/1081 357/518/888
f 424/516/1081 357/518/888 354/517/884
f 424/516/1081 357/518/888 354/517/884
f 357/518/888 354/517/884 424/516/1081
f 357/518/888 354/517/884 424/516/1081
f 424/516/1081 425/519/1082 357/518/888
f 424/516/1081 425/519/1082 357/518/888
f 357/518/888 424/516/1083 425/519/1082
f 357/518/888 424/516/1083 425/519/1082
f 425/519/1082 357/518/888 424/516/1081
f 425/519/1082 357/518/888 424/516/1081
f 357/518/890 425/519/1082 359/520/1084
f 357/518/890 425/519/1082 359/520/1084
f 425/519/1082 359/520/1084 357/518/890
f 425/519/1082 359/520/1084 357/518/890
f 359/520/1084 357/518/890 425/519/1082
f 359/520/1084 357/518/890 425/519/1082
f 425/519/1085 426/521/1086 359/520/1084
f 425/519/1085 426/521/1086 359/520/1084
f 359/520/1084 425/519/1085 426/521/1086
f 359/520/1084 425/519/1085 426/521/1086
f 426/521/1086 359/520/1084 425/519/1085
f 426/521/1086 359/520/1084 425/519/1085
f 359/520/1087 426/521/1086 360/522/897
f 359/520/1087 426/521/1086 360/522/897
f 426/521/1086 360/522/897 359/520/1087
f 426/521/1086 360/522/897 359/520/1087
f 360/522/897 359/520/1087 426/521/1086
f 360/522/897 359/520/1087 426/521/1086
f 360/522/897 426/521/1086 361/523/1088
f 360/522/897 426/521/1086 361/523/1088
f 426/521/1086 361/523/1088 360/522/897
f 426/521/1086 361/523/1088 360/522/897
f 361/523/1088 360/522/1089 426/521/1086
f 361/523/1088 360/522/1089 426/521/1086
f 426/521/1086 425/519/1090 361/523/1091
f 426/521/1086 425/519/1090 361/523/1091
f 361/523/1091 426/521/1086 425/519/1090
f 361/523/1091 426/521/1086 425/519/1090
f 425/519/1090 361/523/1091 426/521/1086
f 425/519/1090 361/523/1091 426/521/1086
f 361/523/1091 425/519/1092 362/524/907
f 361/523/1091 425/519/1092 362/524/907
f 425/519/1092 362/524/907 361/523/1091
f 425/519/1092 362/524/907 361/523/1091
f 362/524/907 361/523/1091 425/519/1092
f 362/524/907 361/523/1091 425/519/1092
f 425/519/1093 424/516/1094 362/524/907
f 425/519/1093 424/516/1094 362/524/907
f 362/524/907 425/519/1093 424/516/1094
f 362/524/907 425/519/1093 424/516/1094
f 424/516/1095 362/524/907 425/519/1093
f 424/516/1095 362/524/907 425/519/1093
f 362/524/907 424/516/1094 363/525/908
f 362/524/907 424/516/1094 363/525/908
f 424/516/1094 363/525/908 362/524/907
f 424/516/1094 363/525/908 362/524/907
f 363/525/908 362/524/907 424/516/1094
f 363/525/908 362/524/907 424/516/1094
f 363/525/908 424/516/1094 364/526/912
f 363/525/908 424/516/1094 364/526/912
f 424/516/1094 364/526/912 363/525/908
f 424/516/1094 364/526/912 363/525/908
f 364/526/912 363/525/908 424/516/1094
f 364/526/912 363/525/908 424/516/1094
f 424/516/1094 423/514/1096 364/526/912
f 424/516/1094 423/514/1096 364/526/912
f 364/526/912 424/516/1094 423/514/1096
f 364/526/912 424/516/1094 423/514/1096
f 423/514/1096 364/526/912 424/516/1094
f 423/514/1096 364/526/912 424/516/1094
f 364/526/912 423/514/1096 365/527/915
f 364/526/912 423/514/1096 365/527/915
f 423/514/1096 365/527/915 364/526/912
f 423/514/1096 365/527/915 364/526/912
f 365/527/915 364/526/912 423/514/1096
f 365/527/915 364/526/912 423/514/1096
f 423/514/1097 422/512/1098 365/527/915
f 423/514/1097 422/512/1098 365/527/915
f 365/527/915 423/514/1097 422/512/1098
f 365/527/915 423/514/1097 422/512/1098
f 422/512/1098 365/527/915 423/514/1097
f 422/512/1098 365/527/915 423/514/1097
f 422/512/1098 421/510/1099 365/527/1100
f 422/512/1098 421/510/1099 365/527/1100
f 365/527/1100 422/512/1098 421/510/1099
f 365/527/1100 422/512/1098 421/510/1099
f 421/510/1099 365/527/1100 422/512/1098
f 421/510/1099 365/527/1100 422/512/1098
f 365/527/915 421/510/1099 366/528/920
f 365/527/915 421/510/1099 366/528/920
f 421/510/1099 366/528/920 365/527/915
f 421/510/1099 366/528/920 365/527/915
f 366/528/920 365/527/1100 421/510/1099
f 366/528/920 365/527/1100 421/510/1099
f 366/528/917 421/510/1101 367/529/921
f 366/528/917 421/510/1101 367/529/921
f 421/510/1101 367/529/921 366/528/917
f 421/510/1101 367/529/921 366/528/917
f 367/529/921 366/528/917 421/510/1101
f 367/529/921 366/528/917 421/510/1101
f 421/510/1073 412/484/1023 367/529/1102
f 421/510/1073 412/484/1023 367/529/1102
f 367/529/1102 421/510/1073 412/484/1023
f 367/529/1102 421/510/1073 412/484/1023
f 412/484/1023 367/529/1102 421/510/1073
f 412/484/1023 367/529/1102 421/510/1073
f 412/484/1023 413/485/1103 367/529/1102
f 412/484/1023 413/485/1103 367/529/1102
f 367/529/1102 412/484/1023 413/485/1103
f 367/529/1102 412/484/1023 413/485/1103
f 413/485/1103 367/529/921 412/484/1024
f 413/485/1103 367/529/921 412/484/1024
f 367/529/921 413/485/1103 368/530/922
f 367/529/921 413/485/1103 368/530/922
f 413/485/1103 368/530/922 367/529/1102
f 413/485/1103 368/530/922 367/529/1102
f 368/530/922 367/529/921 413/485/1103
f 368/530/922 367/529/921 413/485/1103
f 413/485/1104 427/531/1105 368/530/922
f 413/485/1104 427/531/1105 368/530/922
f 368/530/922 413/485/1104 427/531/1105
f 368/530/922 413/485/1104 427/531/1105
f 427/531/1105 368/530/922 413/485/1104
f 427/531/1105 368/530/922 413/485/1104
f 368/530/922 427/531/1106 369/532/923
f 368/530/922 427/531/1106 369/532/923
f 427/531/1106 369/532/923 368/530/922
f 427/531/1106 369/532/923 368/530/922
f 369/532/923 368/530/922 427/531/1106
f 369/532/923 368/530/922 427/531/1106
f 427/531/1107 428/533/1108 369/532/923
f 427/531/1107 428/533/1108 369/532/923
f 369/532/923 427/531/1107 428/533/1108
f 369/532/923 427/531/1107 428/533/1108
f 428/533/1108 369/532/923 427/531/1107
f 428/533/1108 369/532/923 427/531/1107
f 369/532/923 428/533/1108 371/534/928
f 369/532/923 428/533/1108 371/534/928
f 428/533/1108 371/534/928 369/532/923
f 428/533/1108 371/534/928 369/532/923
f 371/534/928 369/532/923 428/533/1108
f 371/534/928 369/532/923 428/533/1108
f 428/533/1108 429/535/1109 371/534/928
f 428/533/1108 429/535/1109 371/534/928
f 371/534/928 428/533/1108 429/535/1109
f 371/534/928 428/533/1108 429/535/1109
f 429/535/1109 371/534/928 428/533/1108
f 429/535/1109 371/534/928 428/533/1108
f 371/534/928 429/535/1109 372/536/931
f 371/534/928 429/535/1109 372/536/931
f 429/535/1109 372/536/931 371/534/928
f 429/535/1109 372/536/931 371/534/928
f 372/536/931 371/534/928 429/535/1109
f 372/536/931 371/534/928 429/535/1109
f 429/535/1109 430/537/1110 372/536/931
f 429/535/1109 430/537/1110 372/536/931
f 372/536/931 429/535/1109 430/537/1110
f 372/536/931 429/535/1109 430/537/1110
f 430/537/1110 372/536/931 429/535/1109
f 430/537/1110 372/536/931 429/535/1109
f 372/536/931 430/537/1110 374/538/1111
f 372/536/931 430/537/1110 374/538/1111
f 430/537/1110 374/538/1111 372/536/931
f 430/537/1110 374/538/1111 372/536/931
f 374/538/1111 372/536/931 430/537/1110
f 374/538/1111 372/536/931 430/537/1110
f 374/538/1111 430/537/1110 377/539/1112
f 374/538/1111 430/537/1110 377/539/1112
f 430/537/1110 377/539/1112 374/538/1111
f 430/537/1110 377/539/1112 374/538/1111
f 377/539/1112 374/538/1111 430/537/1110
f 377/539/1112 374/538/1111 430/537/1110
f 430/537/1110 431/540/1113 377/539/936
f 430/537/1110 431/540/1113 377/539/936
f 377/539/937 430/537/1110 431/540/1113
f 377/539/937 430/537/1110 431/540/1113
f 431/540/1113 377/539/936 430/537/1110
f 431/540/1113 377/539/936 430/537/1110
f 377/539/937 431/540/1113 379/541/939
f 377/539/937 431/540/1113 379/541/939
f 431/540/1113 379/541/939 377/539/937
f 431/540/1113 379/541/939 377/539/937
f 379/541/939 377/539/937 431/540/1113
f 379/541/939 377/539/937 431/540/1113
f 431/540/1114 432/542/1115 379/541/939
f 431/540/1114 432/542/1115 379/541/939
f 379/541/939 431/540/1114 432/542/1115
f 379/541/939 431/540/1114 432/542/1115
f 432/542/1115 379/541/939 431/540/1114
f 432/542/1115 379/541/939 431/540/1114
f 379/541/939 432/542/1115 380/543/942
f 379/541/939 432/542/1115 380/543/942
f 432/542/1115 380/543/942 379/541/939
f 432/542/1115 380/543/942 379/541/939
f 380/543/942 379/541/939 432/542/1115
f 380/543/942 379/541/939 432/542/1115
f 380/543/942 432/542/1115 381/544/945
f 380/543/942 432/542/1115 381/544/945
f 432/542/1115 381/544/945 380/543/942
f 432/542/1115 381/544/945 380/543/942
f 381/544/945 380/543/942 432/542/1115
f 381/544/945 380/543/942 432/542/1115
f 432/542/1115 431/540/1114 381/544/945
f 432/542/1115 431/540/1114 381/544/945
f 381/544/945 432/542/1115 431/540/1114
f 381/544/945 432/542/1115 431/540/1114
f 431/540/1114 381/544/945 432/542/1115
f 431/540/1114 381/544/945 432/542/1115
f 381/544/945 431/540/1116 382/545/947
f 381/544/945 431/540/1116 382/545/947
f 431/540/1116 382/545/947 381/544/945
f 431/540/1116 382/545/947 381/544/945
f 382/545/947 381/544/945 431/540/1116
f 382/545/947 381/544/945 431/540/1116
f 431/540/1117 430/537/1118 382/545/947
f 431/540/1117 430/537/1118 382/545/947
f 382/545/947 431/540/1117 430/537/1118
f 382/545/947 431/540/1117 430/537/1118
f 430/537/1118 382/545/947 431/540/1117
f 430/537/1118 382/545/947 431/540/1117
f 382/545/1119 430/537/1118 383/546/1120
f 382/545/1119 430/537/1118 383/546/1120
f 430/537/1118 383/546/1120 382/545/1119
f 430/537/1118 383/546/1120 382/545/1119
f 383/546/1120 382/545/1119 430/537/1118
f 383/546/1120 382/545/1119 430/537/1118
f 383/546/953 430/537/1118 384/547/957
f 383/546/953 430/537/1118 384/547/957
f 430/537/1121 384/547/957 383/546/953
f 430/537/1121 384/547/957 383/546/953
f 384/547/957 383/546/953 430/537/1118
f 384/547/957 383/546/953 430/537/1118
f 430/537/1118 429/535/1122 384/547/1123
f 430/537/1118 429/535/1122 384/547/1123
f 384/547/1123 430/537/1121 429/535/1122
f 384/547/1123 430/537/1121 429/535/1122
f 429/535/1122 384/547/1123 430/537/1118
f 429/535/1122 384/547/1123 430/537/1118
f 384/547/957 429/535/1122 385/548/958
f 384/547/957 429/535/1122 385/548/958
f 429/535/1122 385/548/959 384/547/957
f 429/535/1122 385/548/959 384/547/957
f 385/548/959 384/547/957 429/535/1122
f 385/548/959 384/547/957 429/535/1122
f 429/535/1122 428/533/1124 385/548/959
f 429/535/1122 428/533/1124 385/548/959
f 385/548/959 429/535/1122 428/533/1124
f 385/548/959 429/535/1122 428/533/1124
f 428/533/1124 385/548/959 429/535/1122
f 428/533/1124 385/548/959 429/535/1122
f 428/533/1124 427/531/1125 385/548/1126
f 428/533/1124 427/531/1125 385/548/1126
f 385/548/959 428/533/1124 427/531/1125
f 385/548/959 428/533/1124 427/531/1125
f 427/531/1125 385/548/1126 428/533/1124
f 427/531/1125 385/548/1126 428/533/1124
f 385/548/959 427/531/1125 386/549/963
f 385/548/959 427/531/1125 386/549/963
f 427/531/1125 386/549/963 385/548/959
f 427/531/1125 386/549/963 385/548/959
f 386/549/963 385/548/959 427/531/1125
f 386/549/963 385/548/959 427/531/1125
f 386/549/963 427/531/1127 387/550/1128
f 386/549/963 427/531/1127 387/550/1128
f 427/531/1127 387/550/1128 386/549/963
f 427/531/1127 387/550/1128 386/549/963
f 387/550/1128 386/549/963 427/531/1127
f 387/550/1128 386/549/963 427/531/1127
f 427/531/1129 413/485/1130 387/550/1128
f 427/531/1129 413/485/1130 387/550/1128
f 387/550/1128 427/531/1129 413/485/1130
f 387/550/1128 427/531/1129 413/485/1130
f 413/485/1130 387/550/1128 427/531/1129
f 413/485/1130 387/550/1128 427/531/1129
f 413/485/1103 414/486/1026 387/550/1128
f 413/485/1103 414/486/1026 387/550/1128
f 387/550/1128 413/485/1103 414/486/1026
f 387/550/1128 413/485/1103 414/486/1026
f 414/486/1026 387/550/1128 413/485/1103
f 414/486/1026 387/550/1128 413/485/1103
f 387/550/1131 414/486/1026 388/551/969
f 387/550/1131 414/486/1026 388/551/969
f 414/486/1026 388/551/969 387/550/1128
f 414/486/1026 388/551/969 387/550/1128
f 388/551/969 387/550/1128 414/486/1132
f 388/551/969 387/550/1128 414/486/1132
f 414/486/1133 433/552/1134 388/551/1135
f 414/486/1133 433/552/1134 388/551/1135
f 388/551/1135 414/486/1133 433/552/1134
f 388/551/1135 414/486/1133 433/552/1134
f 433/552/1134 388/551/1135 414/486/1133
f 433/552/1134 388/551/1135 414/486/1133
f 388/551/969 433/552/1136 319/553/1137
f 388/551/969 433/552/1136 319/553/1137
f 433/552/1136 319/553/1137 388/551/969
f 433/552/1136 319/553/1137 388/551/969
f 319/553/1137 388/551/969 433/552/1136
f 319/553/1137 388/551/969 433/552/1136
f 433/552/1138 434/554/1139 319/553/804
f 433/552/1138 434/554/1139 319/553/804
f 319/553/804 433/552/1138 434/554/1139
f 319/553/804 433/552/1138 434/554/1139
f 434/554/1139 319/553/804 433/552/1138
f 434/554/1139 319/553/804 433/552/1138
f 319/553/804 434/554/1139 321/555/1140
f 319/553/804 434/554/1139 321/555/1140
f 434/554/1141 321/555/810 319/553/804
f 434/554/1141 321/555/810 319/553/804
f 321/555/1140 319/553/804 434/554/1139
f 321/555/1140 319/553/804 434/554/1139
f 321/555/810 434/554/1139 322/556/811
f 321/555/810 434/554/1139 322/556/811
f 434/554/1139 322/556/812 321/555/810
f 434/554/1139 322/556/812 321/555/810
f 322/556/811 321/555/810 434/554/1139
f 322/556/811 321/555/810 434/554/1139
f 434/554/1142 435/557/1143 322/556/811
f 434/554/1142 435/557/1143 322/556/811
f 322/556/811 434/554/1142 435/557/1144
f 322/556/811 434/554/1142 435/557/1144
f 435/557/1143 322/556/811 434/554/1142
f 435/557/1143 322/556/811 434/554/1142
f 322/556/812 435/557/1143 324/558/1145
f 322/556/812 435/557/1143 324/558/1145
f 435/557/1143 324/558/1145 322/556/812
f 435/557/1143 324/558/1145 322/556/812
f 324/558/1145 322/556/812 435/557/1143
f 324/558/1145 322/556/812 435/557/1143
f 435/557/1144 436/559/1146 324/558/1145
f 435/557/1144 436/559/1146 324/558/1145
f 324/558/1145 435/557/1144 436/559/1146
f 324/558/1145 435/557/1144 436/559/1146
f 436/559/1146 324/558/1145 435/557/1143
f 436/559/1146 324/558/1145 435/557/1143
f 324/558/814 436/559/1147 437/560/1148
f 324/558/814 436/559/1147 437/560/1148
f 436/559/1147 437/560/1148 324/558/814
f 436/559/1147 437/560/1148 324/558/814
f 437/560/1148 324/558/814 436/559/1147
f 437/560/1148 324/558/814 436/559/1147
f 436/559/1147 438/561/1149 437/560/1150
f 436/559/1147 438/561/1149 437/560/1150
f 437/560/1150 436/559/1147 438/561/1149
f 437/560/1150 436/559/1147 438/561/1149
f 438/561/1149 437/560/1150 436/559/1147
f 438/561/1149 437/560/1150 436/559/1147
f 437/560/1150 438/561/1149 439/562/1151
f 437/560/1150 438/561/1149 439/562/1151
f 438/561/1149 439/562/1151 437/560/1150
f 438/561/1149 439/562/1151 437/560/1150
f 439/562/1151 437/560/1150 438/561/1149
f 439/562/1151 437/560/1150 438/561/1149
f 438/561/1152 440/563/1153 439/562/1151
f 438/561/1152 440/563/1153 439/562/1151
f 439/562/1151 438/561/1152 440/563/1153
f 439/562/1151 438/561/1152 440/563/1153
f 440/563/1153 439/562/1151 438/561/1152
f 440/563/1153 439/562/1151 438/561/1152
f 439/562/1154 440/563/1155 441/564/1156
f 439/562/1154 440/563/1155 441/564/1156
f 440/563/1155 441/564/1156 439/562/1154
f 440/563/1155 441/564/1156 439/562/1154
f 441/564/1156 439/562/1154 440/563/1155
f 441/564/1156 439/562/1154 440/563/1155
f 441/564/1156 440/563/1157 442/565/1158
f 441/564/1156 440/563/1157 442/565/1158
f 440/563/1157 442/565/1158 441/564/1156
f 440/563/1157 442/565/1158 441/564/1156
f 442/565/1158 441/564/1156 440/563/1157
f 442/565/1158 441/564/1156 440/563/1157
f 440/563/1157 438/561/1159 442/565/1160
f 440/563/1157 438/561/1159 442/565/1160
f 442/565/1160 440/563/1157 438/561/1159
f 442/565/1160 440/563/1157 438/561/1159
f 438/561/1159 442/565/1160 440/563/1157
f 438/561/1159 442/565/1160 440/563/1157
f 442/565/1160 438/561/1159 443/566/1161
f 442/565/1160 438/561/1159 443/566/1161
f 438/561/1159 443/566/1161 442/565/1162
f 438/561/1159 443/566/1161 442/565/1162
f 443/566/1161 442/565/1162 438/561/1159
f 443/566/1161 442/565/1162 438/561/1159
f 443/566/1163 438/561/1159 326/567/817
f 443/566/1163 438/561/1159 326/567/817
f 438/561/1159 326/567/817 443/566/1163
f 438/561/1159 326/567/817 443/566/1163
f 326/567/817 443/566/1163 438/561/1159
f 326/567/817 443/566/1163 438/561/1159
f 438/561/1159 436/559/1164 326/567/1165
f 438/561/1159 436/559/1164 326/567/1165
f 326/567/1165 438/561/1159 436/559/1164
f 326/567/1165 438/561/1159 436/559/1164
f 436/559/1164 326/567/1165 438/561/1159
f 436/559/1164 326/567/1165 438/561/1159
f 326/567/817 436/559/1164 327/568/819
f 326/567/817 436/559/1164 327/568/819
f 436/559/1164 327/568/819 326/567/817
f 436/559/1164 327/568/819 326/567/817
f 327/568/819 326/567/817 436/559/1164
f 327/568/819 326/567/817 436/559/1164
f 436/559/1164 435/557/1166 327/568/819
f 436/559/1164 435/557/1166 327/568/819
f 327/568/819 436/559/1164 435/557/1166
f 327/568/819 436/559/1164 435/557/1166
f 435/557/1166 327/568/819 436/559/1164
f 435/557/1166 327/568/819 436/559/1164
f 327/568/819 435/557/1166 328/569/1167
f 327/568/819 435/557/1166 328/569/1167
f 435/557/1166 328/569/820 327/568/819
f 435/557/1166 328/569/820 327/568/819
f 328/569/1167 327/568/819 435/557/1166
f 328/569/1167 327/568/819 435/557/1166
f 435/557/1166 434/554/1168 328/569/1167
f 435/557/1166 434/554/1168 328/569/1167
f 328/569/1167 435/557/1166 434/554/1168
f 328/569/1167 435/557/1166 434/554/1168
f 434/554/1168 328/569/1167 435/557/1166
f 434/554/1168 328/569/1167 435/557/1166
f 434/554/1169 433/552/1170 328/569/820
f 434/554/1169 433/552/1170 328/569/820
f 328/569/820 434/554/1169 433/552/1170
f 328/569/820 434/554/1169 433/552/1170
f 433/552/1170 328/569/820 434/554/1169
f 433/552/1170 328/569/820 434/554/1169
f 328/569/1167 433/552/1171 329/570/826
f 328/569/1167 433/552/1171 329/570/826
f 433/552/1171 329/570/826 328/569/1167
f 433/552/1171 329/570/826 328/569/1167
f 329/570/826 328/569/1167 433/552/1171
f 329/570/826 328/569/1167 433/552/1171
f 433/552/1170 414/486/1026 329/570/826
f 433/552/1170 414/486/1026 329/570/826
f 329/570/826 433/552/1170 414/486/1026
f 329/570/826 433/552/1170 414/486/1026
f 414/486/1026 329/570/826 433/552/1170
f 414/486/1026 329/570/826 433/552/1170
f 329/570/824 414/486/1026 330/571/828
f 329/570/824 414/486/1026 330/571/828
f 414/486/1026 330/571/828 329/570/824
f 414/486/1026 330/571/828 329/570/824
f 330/571/828 329/570/824 414/486/1026
f 330/571/828 329/570/824 414/486/1026
f 414/486/1172 406/461/996 330/571/828
f 414/486/1172 406/461/996 330/571/828
f 330/571/828 414/486/1172 406/461/996
f 330/571/828 414/486/1172 406/461/996
f 406/461/996 330/571/828 414/486/1172
f 406/461/996 330/571/828 414/486/1172
f 330/571/828 406/461/999 331/572/829
f 330/571/828 406/461/999 331/572/829
f 406/461/999 331/572/829 330/571/828
f 406/461/999 331/572/829 330/571/828
f 331/572/829 330/571/828 406/461/999
f 331/572/829 330/571/828 406/461/999
f 406/461/996 332/463/1173 331/572/829
f 406/461/996 332/463/1173 331/572/829
f 331/572/829 406/461/996 332/463/1173
f 331/572/829 406/461/996 332/463/1173
f 332/463/1173 331/572/829 406/461/996
f 332/463/1173 331/572/829 406/461/996
f 441/573/1156 442/574/1160 444/575/1174
f 441/573/1156 442/574/1160 444/575/1174
f 442/574/1160 444/575/1174 441/573/1156
f 442/574/1160 444/575/1174 441/573/1156
f 444/575/1174 441/573/1156 442/574/1160
f 444/575/1174 441/573/1156 442/574/1160
f 442/574/1160 443/576/1163 444/575/1175
f 442/574/1160 443/576/1163 444/575/1175
f 444/575/1175 442/574/1160 443/576/1163
f 444/575/1175 442/574/1160 443/576/1163
f 443/576/1163 444/575/1175 442/574/1160
f 443/576/1163 444/575/1175 442/574/1160
f 444/575/1176 443/576/1163 445/577/1177
f 444/575/1176 443/576/1163 445/577/1177
f 443/576/1163 445/577/1177 444/575/1176
f 443/576/1163 445/577/1177 444/575/1176
f 445/577/1177 444/575/1176 443/576/1163
f 445/577/1177 444/575/1176 443/576/1163
f 443/576/1161 326/381/817 445/577/1177
f 443/576/1161 326/381/817 445/577/1177
f 445/577/1177 443/576/1161 326/381/817
f 445/577/1177 443/576/1161 326/381/817
f 326/381/817 445/577/1177 443/576/1161
f 326/381/817 445/577/1177 443/576/1161
f 445/577/1177 326/381/817 325/380/1178
f 445/577/1177 326/381/817 325/380/1178
f 326/381/817 325/380/1178 445/577/1177
f 326/381/817 325/380/1178 445/577/1177
f 325/380/1178 445/577/1177 326/381/817
f 325/380/1178 445/577/1177 326/381/817
f 325/380/815 324/379/814 445/577/1179
f 325/380/815 324/379/814 445/577/1179
f 324/379/814 445/577/1179 325/380/815
f 324/379/814 445/577/1179 325/380/815
f 445/577/1179 325/380/815 324/379/814
f 445/577/1179 325/380/815 324/379/814
f 324/379/814 437/578/1180 445/577/1179
f 324/379/814 437/578/1180 445/577/1179
f 445/577/1179 324/379/814 437/578/1180
f 445/577/1179 324/379/814 437/578/1180
f 437/578/1180 445/577/1179 324/379/814
f 437/578/1180 445/577/1179 324/379/814
f 445/577/1181 437/578/1150 444/575/1182
f 445/577/1181 437/578/1150 444/575/1182
f 437/578/1150 444/575/1182 445/577/1181
f 437/578/1150 444/575/1182 445/577/1181
f 444/575/1182 445/577/1183 437/578/1150
f 444/575/1182 445/577/1183 437/578/1150
f 437/578/1150 439/579/1184 444/575/1185
f 437/578/1150 439/579/1184 444/575/1185
f 444/575/1185 437/578/1148 439/579/1184
f 444/575/1185 437/578/1148 439/579/1184
f 439/579/1184 444/575/1185 437/578/1150
f 439/579/1184 444/575/1185 437/578/1150
f 444/575/1186 439/579/1151 441/573/1156
f 444/575/1186 439/579/1151 441/573/1156
f 439/579/1151 441/573/1156 444/575/1186
f 439/579/1151 441/573/1156 444/575/1186
f 441/573/1156 444/575/1186 439/579/1151
f 441/573/1156 444/575/1186 439/579/1151
f 340/580/1187 339/581/850 446/582/1188
f 340/580/1187 339/581/850 446/582/1188
f 446/582/1188 340/580/1187 339/581/850
f 446/582/1188 340/580/1187 339/581/850
f 339/581/850 446/582/1188 340/580/1187
f 339/581/850 446/582/1188 340/580/1187
f 446/582/1189 339/581/1190 447/583/1191
f 446/582/1189 339/581/1190 447/583/1191
f 339/581/848 447/583/1191 446/582/1189
f 339/581/848 447/583/1191 446/582/1189
f 447/583/1191 446/582/1189 339/581/848
f 447/583/1191 446/582/1189 339/581/848
f 339/581/850 338/584/845 447/583/1191
f 339/581/850 338/584/845 447/583/1191
f 447/583/1191 339/581/851 338/584/845
f 447/583/1191 339/581/851 338/584/845
f 338/584/845 447/583/1191 339/581/851
f 338/584/845 447/583/1191 339/581/851
f 447/583/1192 338/584/845 448/585/1193
f 447/583/1192 338/584/845 448/585/1193
f 338/584/845 448/585/1193 447/583/1192
f 338/584/845 448/585/1193 447/583/1192
f 448/585/1193 447/583/1192 338/584/845
f 448/585/1193 447/583/1192 338/584/845
f 448/585/1193 338/584/845 449/586/1194
f 448/585/1193 338/584/845 449/586/1194
f 338/584/845 449/586/1194 448/585/1193
f 338/584/845 449/586/1194 448/585/1193
f 449/586/1194 448/585/1193 338/584/845
f 449/586/1194 448/585/1193 338/584/845
f 338/584/845 337/587/844 449/586/1194
f 338/584/845 337/587/844 449/586/1194
f 449/586/1194 338/584/845 337/587/844
f 449/586/1194 338/584/845 337/587/844
f 337/587/844 449/586/1194 338/584/845
f 337/587/844 449/586/1194 338/584/845
f 449/586/1195 337/587/844 450/588/1196
f 449/586/1195 337/587/844 450/588/1196
f 337/587/844 450/588/1196 449/586/1195
f 337/587/844 450/588/1196 449/586/1195
f 450/588/1196 449/586/1195 337/587/844
f 450/588/1196 449/586/1195 337/587/844
f 337/587/843 336/589/1197 450/588/1196
f 337/587/843 336/589/1197 450/588/1196
f 450/588/1196 337/587/843 336/589/1197
f 450/588/1196 337/587/843 336/589/1197
f 336/589/1197 450/588/1196 337/587/843
f 336/589/1197 450/588/1196 337/587/843
f 336/589/840 335/590/839 450/588/1196
f 336/589/840 335/590/839 450/588/1196
f 450/588/1196 336/589/840 335/590/839
f 450/588/1196 336/589/840 335/590/839
f 335/590/1198 450/588/1196 336/589/840
f 335/590/1198 450/588/1196 336/589/840
f 450/588/1196 335/590/839 451/591/1199
f 450/588/1196 335/590/839 451/591/1199
f 335/590/839 451/591/1199 450/588/1196
f 335/590/839 451/591/1199 450/588/1196
f 451/591/1199 450/588/1196 335/590/839
f 451/591/1199 450/588/1196 335/590/839
f 335/590/839 334/592/837 451/591/1199
f 335/590/839 334/592/837 451/591/1199
f 451/591/1199 335/590/839 334/592/837
f 451/591/1199 335/590/839 334/592/837
f 334/592/837 451/591/1199 335/590/839
f 334/592/837 451/591/1199 335/590/839
f 451/591/1199 334/592/837 452/593/1200
f 451/591/1199 334/592/837 452/593/1200
f 334/592/837 452/593/1200 451/591/1199
f 334/592/837 452/593/1200 451/591/1199
f 452/593/1200 451/591/1199 334/592/837
f 452/593/1200 451/591/1199 334/592/837
f 334/592/837 333/464/834 452/593/1200
f 334/592/837 333/464/834 452/593/1200
f 452/593/1200 334/592/837 333/464/834
f 452/593/1200 334/592/837 333/464/834
f 333/464/834 452/593/1200 334/592/837
f 333/464/834 452/593/1200 334/592/837
f 452/593/1200 333/464/834 408/465/1002
f 452/593/1200 333/464/834 408/465/1002
f 333/464/834 408/465/1002 452/593/1200
f 333/464/834 408/465/1002 452/593/1200
f 408/465/1002 452/593/1200 333/464/834
f 408/465/1002 452/593/1200 333/464/834
f 408/465/1002 291/466/1201 452/593/1200
f 408/465/1002 291/466/1201 452/593/1200
f 291/466/1201 452/593/1200 408/465/1002
f 291/466/1201 452/593/1200 408/465/1002
f 452/593/1200 408/465/1002 291/466/1201
f 452/593/1200 408/465/1002 291/466/1201
f 291/466/1202 293/594/759 452/593/1203
f 291/466/1202 293/594/759 452/593/1203
f 452/593/1203 291/466/1202 293/594/759
f 452/593/1203 291/466/1202 293/594/759
f 293/594/759 452/593/1203 291/466/1202
f 293/594/759 452/593/1203 291/466/1202
f 293/594/757 295/595/1204 452/593/1203
f 293/594/757 295/595/1204 452/593/1203
f 452/593/1203 293/594/757 295/595/1204
f 452/593/1203 293/594/757 295/595/1204
f 295/595/1205 452/593/1203 293/594/757
f 295/595/1205 452/593/1203 293/594/757
f 452/593/1203 295/595/761 451/591/1199
f 452/593/1203 295/595/761 451/591/1199
f 295/595/761 451/591/1199 452/593/1203
f 295/595/761 451/591/1199 452/593/1203
f 451/591/1199 452/593/1203 295/595/761
f 451/591/1199 452/593/1203 295/595/761
f 295/595/761 296/596/762 451/591/1199
f 295/595/761 296/596/762 451/591/1199
f 451/591/1199 295/595/761 296/596/762
f 451/591/1199 295/595/761 296/596/762
f 296/596/762 451/591/1199 295/595/761
f 296/596/762 451/591/1199 295/595/761
f 451/591/1199 296/596/762 450/588/1196
f 451/591/1199 296/596/762 450/588/1196
f 296/596/762 450/588/1196 451/591/1199
f 296/596/762 450/588/1196 451/591/1199
f 450/588/1196 451/591/1199 296/596/762
f 450/588/1196 451/591/1199 296/596/762
f 450/588/1196 296/596/762 449/586/1194
f 450/588/1196 296/596/762 449/586/1194
f 296/596/762 449/586/1194 450/588/1196
f 296/596/762 449/586/1194 450/588/1196
f 449/586/1194 450/588/1196 296/596/762
f 449/586/1194 450/588/1196 296/596/762
f 296/596/762 299/597/767 449/586/1194
f 296/596/762 299/597/767 449/586/1194
f 449/586/1194 296/596/762 299/597/767
f 449/586/1194 296/596/762 299/597/767
f 299/597/767 449/586/1194 296/596/762
f 299/597/767 449/586/1194 296/596/762
f 449/586/1195 299/597/767 448/585/1193
f 449/586/1195 299/597/767 448/585/1193
f 299/597/767 448/585/1193 449/586/1195
f 299/597/767 448/585/1193 449/586/1195
f 448/585/1193 449/586/1195 299/597/767
f 448/585/1193 449/586/1195 299/597/767
f 299/597/767 301/598/772 448/585/1193
f 299/597/767 301/598/772 448/585/1193
f 448/585/1193 299/597/767 301/598/772
f 448/585/1193 299/597/767 301/598/772
f 301/598/772 448/585/1193 299/597/767
f 301/598/772 448/585/1193 299/597/767
f 301/598/770 303/599/773 448/585/1193
f 301/598/770 303/599/773 448/585/1193
f 448/585/1193 301/598/770 303/599/773
f 448/585/1193 301/598/770 303/599/773
f 303/599/773 448/585/1193 301/598/770
f 303/599/773 448/585/1193 301/598/770
f 448/585/1193 303/599/773 447/583/1206
f 448/585/1193 303/599/773 447/583/1206
f 303/599/773 447/583/1206 448/585/1193
f 303/599/773 447/583/1206 448/585/1193
f 447/583/1206 448/585/1193 303/599/773
f 447/583/1206 448/585/1193 303/599/773
f 447/583/1191 303/599/773 446/582/1189
f 447/583/1191 303/599/773 446/582/1189
f 303/599/773 446/582/1189 447/583/1191
f 303/599/773 446/582/1189 447/583/1191
f 446/582/1189 447/583/1191 303/599/773
f 446/582/1189 447/583/1191 303/599/773
f 303/599/773 304/600/774 446/582/1189
f 303/599/773 304/600/774 446/582/1189
f 446/582/1189 303/599/773 304/600/774
f 446/582/1189 303/599/773 304/600/774
f 304/600/774 446/582/1189 303/599/773
f 304/600/774 446/582/1189 303/599/773
f 453/471/1207 454/472/1208 459/445/1209
f 453/289/1207 455/291/1210 454/290/1211
f 453/289/1207 455/291/1210 454/290/1211
f 454/290/1212 453/289/1207 455/291/1210
f 454/290/1212 453/289/1207 455/291/1210
f 455/291/1210 454/290/1212 453/289/1207
f 455/291/1210 454/290/1212 453/289/1207
f 454/472/1208 459/445/1209 453/471/1207
f 454/472/1208 459/445/1209 453/471/1207
f 459/445/1209 453/471/1207 454/472/1208
f 459/445/1209 453/471/1207 454/472/1208
f 453/471/1207 454/472/1208 459/445/1209
f 455/291/1210 453/289/1207 458/341/1213
f 453/289/1207 458/341/1213 455/291/1210
f 453/289/1207 458/341/1213 455/291/1210
f 458/341/1213 455/291/1210 453/289/1207
f 458/341/1213 455/291/1210 453/289/1207
f 455/291/1210 453/289/1207 458/341/1213
f 456/470/1214 453/471/1207 459/445/1209
f 456/342/1215 457/340/1216 453/289/1207
f 456/342/1215 457/340/1216 453/289/1207
f 457/340/1216 453/289/1207 456/342/1215
f 457/340/1216 453/289/1207 456/342/1215
f 453/289/1207 456/342/1215 457/340/1216
f 453/289/1207 456/342/1215 457/340/1216
f 453/471/1207 459/445/1209 456/470/1214
f 453/471/1207 459/445/1209 456/470/1214
f 459/445/1209 456/470/1214 453/471/1207
f 459/445/1209 456/470/1214 453/471/1207
f 456/470/1214 453/471/1207 459/445/1209
f 458/341/1213 453/289/1207 457/340/1216
f 457/340/1216 458/341/1213 453/289/1207
f 457/340/1216 458/341/1213 453/289/1207
f 453/289/1207 457/340/1216 458/341/1213
f 453/289/1207 457/340/1216 458/341/1213
f 458/341/1213 453/289/1207 457/340/1216
f 461/444/1217 459/445/1209 454/472/1211
f 461/444/1217 459/445/1209 454/472/1211
f 454/472/1211 461/444/1217 459/445/1209
f 454/472/1211 461/444/1217 459/445/1209
f 459/445/1209 454/472/1211 461/444/1217
f 459/445/1209 454/472/1211 461/444/1217
f 462/446/1218 460/447/1219 459/445/1209
f 463/448/1220 459/445/1209 460/447/1219
f 463/448/1220 459/445/1209 460/447/1219
f 460/447/1221 463/448/1220 459/445/1209
f 460/447/1221 463/448/1220 459/445/1209
f 459/445/1209 460/447/1219 463/448/1220
f 459/445/1209 460/447/1219 463/448/1220
f 460/447/1219 459/445/1209 462/446/1218
f 460/447/1219 459/445/1209 462/446/1218
f 459/445/1209 462/446/1222 460/447/1219
f 459/445/1209 462/446/1222 460/447/1219
f 462/446/1218 460/447/1219 459/445/1209
f 461/444/1223 462/446/1224 459/445/1209
f 459/445/1209 461/444/1223 462/446/1224
f 459/445/1209 461/444/1223 462/446/1224
f 462/446/1224 459/445/1209 461/444/1223
f 462/446/1224 459/445/1209 461/444/1223
f 461/444/1223 462/446/1224 459/445/1209
f 463/448/1225 456/470/1215 459/445/1209
f 459/445/1209 463/448/1225 456/470/1215
f 459/445/1209 463/448/1225 456/470/1215
f 456/470/1215 459/445/1209 463/448/1225
f 456/470/1215 459/445/1209 463/448/1225
f 463/448/1225 456/470/1215 459/445/1209
f 466/451/1226 464/469/1227 463/448/1225
f 456/470/1228 463/448/1220 464/469/1229
f 456/470/1228 463/448/1220 464/469/1229
f 463/448/1220 464/469/1229 456/470/1228
f 463/448/1220 464/469/1229 456/470/1228
f 464/469/1229 456/470/1228 463/448/1220
f 464/469/1229 456/470/1228 463/448/1220
f 463/448/1225 466/451/1226 464/469/1227
f 463/448/1225 466/451/1226 464/469/1227
f 464/469/1227 463/448/1225 466/451/1226
f 464/469/1227 463/448/1225 466/451/1226
f 466/451/1226 464/469/1227 463/448/1225
f 467/449/1230 465/450/1231 463/448/1220
f 466/451/1232 463/448/1220 465/450/1231
f 466/451/1232 463/448/1220 465/450/1231
f 465/450/1231 466/451/1232 463/448/1220
f 465/450/1231 466/451/1232 463/448/1220
f 463/448/1220 465/450/1231 466/451/1232
f 463/448/1220 465/450/1231 466/451/1232
f 465/450/1231 463/448/1220 467/449/1230
f 465/450/1231 463/448/1220 467/449/1230
f 463/448/1220 467/449/1230 465/450/1231
f 463/448/1220 467/449/1230 465/450/1231
f 467/449/1230 465/450/1231 463/448/1220
f 467/449/1233 463/448/1225 460/447/1219
f 467/449/1233 463/448/1225 460/447/1219
f 463/448/1225 460/447/1219 467/449/1233
f 463/448/1225 460/447/1219 467/449/1233
f 460/447/1219 467/449/1233 463/448/1225
f 460/447/1219 467/449/1233 463/448/1225
f 460/447/1219 468/476/1234 467/449/1235
f 469/477/1236 467/449/1233 468/476/1237
f 469/477/1236 467/449/1233 468/476/1237
f 467/449/1233 468/476/1237 469/477/1236
f 467/449/1233 468/476/1237 469/477/1236
f 468/476/1237 469/477/1236 467/449/1233
f 468/476/1237 469/477/1236 467/449/1233
f 467/449/1235 460/447/1219 468/476/1234
f 467/449/1235 460/447/1219 468/476/1234
f 468/476/1234 467/449/1235 460/447/1219
f 468/476/1234 467/449/1235 460/447/1219
f 460/447/1219 468/476/1234 467/449/1235
f 465/450/1238 467/449/1235 470/478/1239
f 465/450/1238 467/449/1235 470/478/1239
f 470/478/1239 465/450/1238 467/449/1235
f 470/478/1239 465/450/1238 467/449/1235
f 467/449/1235 470/478/1239 465/450/1238
f 467/449/1235 470/478/1239 465/450/1238
f 470/478/1239 467/449/1233 469/477/1236
f 470/478/1239 467/449/1233 469/477/1236
f 467/449/1233 469/477/1236 470/478/1239
f 467/449/1233 469/477/1236 470/478/1239
f 469/477/1236 470/478/1239 467/449/1233
f 469/477/1236 470/478/1239 467/449/1233
f 472/303/1240 470/301/1239 471/300/1241
f 469/299/1236 471/300/1241 470/301/1239
f 469/299/1236 471/300/1241 470/301/1239
f 471/300/1241 470/301/1239 469/299/1236
f 471/300/1241 470/301/1239 469/299/1236
f 470/301/1239 469/299/1236 471/300/1241
f 470/301/1239 469/299/1236 471/300/1241
f 471/300/1241 472/303/1240 470/301/1239
f 471/300/1241 472/303/1240 470/301/1239
f 470/301/1239 471/300/1241 472/303/1242
f 470/301/1239 471/300/1241 472/303/1242
f 472/303/1240 470/301/1239 471/300/1241
f 473/302/1243 470/301/1239 472/303/1240
f 470/301/1239 472/303/1240 473/302/1243
f 470/301/1239 472/303/1240 473/302/1243
f 472/303/1240 473/302/1243 470/301/1239
f 472/303/1240 473/302/1243 470/301/1239
f 473/302/1243 470/301/1239 472/303/1240
f 470/478/1239 473/479/1244 465/450/1231
f 473/479/1244 465/450/1231 470/478/1239
f 473/479/1244 465/450/1231 470/478/1239
f 465/450/1231 470/478/1239 473/479/1244
f 465/450/1231 470/478/1239 473/479/1244
f 470/478/1239 473/479/1244 465/450/1231
f 474/304/1245 473/302/1243 472/303/1240
f 473/302/1243 472/303/1240 474/304/1245
f 473/302/1243 472/303/1240 474/304/1245
f 472/303/1240 474/304/1245 473/302/1243
f 472/303/1240 474/304/1245 473/302/1243
f 474/304/1245 473/302/1243 472/303/1240
f 473/479/1243 474/480/1245 475/452/1246
f 474/480/1245 475/452/1246 473/479/1243
f 474/480/1245 475/452/1246 473/479/1243
f 475/452/1246 473/479/1243 474/480/1245
f 475/452/1246 473/479/1243 474/480/1245
f 473/479/1243 474/480/1245 475/452/1246
f 465/450/1247 473/479/1243 475/452/1246
f 475/452/1246 465/450/1238 473/479/1243
f 475/452/1246 465/450/1238 473/479/1243
f 473/479/1243 475/452/1246 465/450/1247
f 473/479/1243 475/452/1246 465/450/1247
f 465/450/1247 473/479/1243 475/452/1246
f 476/454/1248 475/452/1246 474/480/1245
f 476/454/1248 475/452/1246 474/480/1245
f 474/480/1245 476/454/1248 475/452/1246
f 474/480/1245 476/454/1248 475/452/1246
f 475/452/1246 474/480/1245 476/454/1248
f 475/452/1246 474/480/1245 476/454/1248
f 475/452/1246 476/454/1249 477/453/1250
f 476/454/1249 477/453/1250 475/452/1246
f 476/454/1249 477/453/1250 475/452/1246
f 477/453/1250 475/452/1246 476/454/1249
f 477/453/1250 475/452/1246 476/454/1249
f 475/452/1246 476/454/1249 477/453/1250
f 465/450/1238 475/452/1246 466/451/1251
f 475/452/1246 466/451/1251 465/450/1238
f 475/452/1246 466/451/1251 465/450/1238
f 466/451/1251 465/450/1238 475/452/1246
f 466/451/1251 465/450/1238 475/452/1246
f 465/450/1238 475/452/1246 466/451/1251
f 477/453/1250 466/451/1232 475/452/1246
f 477/453/1250 466/451/1232 475/452/1246
f 475/452/1246 477/453/1250 466/451/1232
f 475/452/1246 477/453/1250 466/451/1232
f 466/451/1232 475/452/1246 477/453/1250
f 466/451/1232 475/452/1246 477/453/1250
f 479/455/1252 478/468/1253 477/453/1250
f 464/469/1227 477/453/1250 478/468/1253
f 464/469/1227 477/453/1250 478/468/1253
f 477/453/1250 478/468/1253 464/469/1227
f 477/453/1250 478/468/1253 464/469/1227
f 478/468/1253 464/469/1227 477/453/1250
f 478/468/1253 464/469/1227 477/453/1250
f 477/453/1250 479/455/1252 478/468/1253
f 477/453/1250 479/455/1252 478/468/1253
f 478/468/1253 477/453/1250 479/455/1252
f 478/468/1253 477/453/1250 479/455/1252
f 479/455/1252 478/468/1253 477/453/1250
f 466/451/1226 477/453/1250 464/469/1227
f 466/451/1226 477/453/1250 464/469/1227
f 464/469/1227 466/451/1226 477/453/1250
f 464/469/1227 466/451/1226 477/453/1250
f 477/453/1250 464/469/1227 466/451/1226
f 477/453/1250 464/469/1227 466/451/1226
f 479/455/1254 477/453/1250 476/454/1248
f 479/455/1254 477/453/1250 476/454/1248
f 476/454/1248 479/455/1254 477/453/1250
f 476/454/1248 479/455/1254 477/453/1250
f 477/453/1250 476/454/1248 479/455/1254
f 477/453/1250 476/454/1248 479/455/1254
f 484/466/1255 480/467/1256 479/455/1257
f 478/468/1253 479/455/1252 480/467/1256
f 478/468/1253 479/455/1252 480/467/1256
f 479/455/1252 480/467/1256 478/468/1253
f 479/455/1252 480/467/1256 478/468/1253
f 480/467/1256 478/468/1253 479/455/1252
f 480/467/1256 478/468/1253 479/455/1252
f 479/455/1257 484/466/1255 480/467/1256
f 479/455/1257 484/466/1255 480/467/1256
f 480/467/1256 479/455/1257 484/466/1255
f 480/467/1256 479/455/1257 484/466/1255
f 484/466/1255 480/467/1256 479/455/1257
f 482/456/1258 479/455/1257 476/454/1249
f 482/456/1258 479/455/1257 476/454/1249
f 476/454/1249 482/456/1258 479/455/1257
f 476/454/1249 482/456/1258 479/455/1257
f 479/455/1257 476/454/1249 482/456/1258
f 479/455/1257 476/454/1249 482/456/1258
f 483/465/1259 479/455/1257 481/457/1260
f 482/456/1258 481/457/1260 479/455/1254
f 482/456/1258 481/457/1260 479/455/1254
f 481/457/1260 479/455/1254 482/456/1258
f 481/457/1260 479/455/1254 482/456/1258
f 479/455/1254 482/456/1258 481/457/1260
f 479/455/1254 482/456/1258 481/457/1260
f 481/457/1260 483/465/1259 479/455/1257
f 481/457/1260 483/465/1259 479/455/1257
f 479/455/1257 481/457/1260 483/465/1259
f 479/455/1257 481/457/1260 483/465/1259
f 483/465/1259 479/455/1257 481/457/1260
f 484/466/1261 479/455/1262 483/465/1259
f 479/455/1262 483/465/1259 484/466/1261
f 479/455/1262 483/465/1259 484/466/1261
f 483/465/1259 484/466/1261 479/455/1263
f 483/465/1259 484/466/1261 479/455/1263
f 484/466/1261 479/455/1262 483/465/1259
f 480/345/1256 484/346/1264 485/336/1265
f 486/347/1266 485/336/1267 484/346/1264
f 486/347/1266 485/336/1267 484/346/1264
f 484/346/1264 486/347/1266 485/336/1267
f 484/346/1264 486/347/1266 485/336/1267
f 485/336/1267 484/346/1264 486/347/1266
f 485/336/1267 484/346/1264 486/347/1266
f 484/346/1264 485/336/1265 480/345/1256
f 484/346/1264 485/336/1265 480/345/1256
f 485/336/1265 480/345/1256 484/346/1264
f 485/336/1265 480/345/1256 484/346/1264
f 480/345/1256 484/346/1264 485/336/1265
f 487/348/1268 486/347/1269 484/346/1264
f 487/348/1268 486/347/1269 484/346/1264
f 486/347/1269 484/346/1264 487/348/1268
f 486/347/1269 484/346/1264 487/348/1268
f 484/346/1264 487/348/1270 486/347/1271
f 484/346/1264 487/348/1270 486/347/1271
f 487/594/1268 484/466/1261 488/593/1272
f 484/466/1261 488/593/1272 487/594/1268
f 484/466/1261 488/593/1272 487/594/1268
f 488/593/1272 487/594/1268 484/466/1261
f 488/593/1272 487/594/1268 484/466/1261
f 487/594/1268 484/466/1261 488/593/1272
f 483/465/1259 488/593/1272 484/466/1273
f 483/465/1259 488/593/1272 484/466/1273
f 484/466/1273 483/465/1259 488/593/1272
f 484/466/1273 483/465/1259 488/593/1272
f 488/593/1272 484/466/1273 483/465/1259
f 488/593/1272 484/466/1273 483/465/1259
f 491/464/1274 489/592/1275 488/593/1272
f 492/591/1276 488/593/1272 489/592/1275
f 492/591/1276 488/593/1272 489/592/1275
f 489/592/1275 492/591/1276 488/593/1272
f 489/592/1275 492/591/1276 488/593/1272
f 488/593/1272 489/592/1275 492/591/1276
f 488/593/1272 489/592/1275 492/591/1276
f 489/592/1275 488/593/1272 491/464/1274
f 489/592/1275 488/593/1272 491/464/1274
f 488/593/1272 491/464/1274 489/592/1275
f 488/593/1272 491/464/1274 489/592/1275
f 491/464/1274 489/592/1275 488/593/1272
f 492/591/1276 490/595/1277 488/593/1278
f 487/594/1270 488/593/1272 490/595/1279
f 487/594/1270 488/593/1272 490/595/1279
f 488/593/1272 490/595/1280 487/594/1270
f 488/593/1272 490/595/1280 487/594/1270
f 490/595/1279 487/594/1270 488/593/1272
f 490/595/1279 487/594/1270 488/593/1272
f 488/593/1278 492/591/1276 490/595/1277
f 488/593/1278 492/591/1276 490/595/1277
f 490/595/1277 488/593/1278 492/591/1276
f 490/595/1277 488/593/1278 492/591/1276
f 492/591/1276 490/595/1277 488/593/1278
f 488/593/1278 483/465/1259 491/464/1281
f 488/593/1278 483/465/1259 491/464/1281
f 491/464/1281 488/593/1278 483/465/1259
f 491/464/1281 488/593/1278 483/465/1259
f 483/465/1259 491/464/1281 488/593/1278
f 483/465/1259 491/464/1281 488/593/1278
f 494/590/1282 492/591/1276 489/592/1275
f 494/590/1282 492/591/1276 489/592/1275
f 492/591/1276 489/592/1275 494/590/1282
f 492/591/1276 489/592/1275 494/590/1282
f 489/592/1275 494/590/1282 492/591/1276
f 489/592/1275 494/590/1282 492/591/1276
f 495/596/1283 490/595/1277 492/591/1276
f 490/595/1277 492/591/1276 495/596/1283
f 490/595/1277 492/591/1276 495/596/1283
f 492/591/1276 495/596/1283 490/595/1277
f 492/591/1276 495/596/1283 490/595/1277
f 495/596/1283 490/595/1277 492/591/1276
f 493/588/1284 495/596/1283 492/591/1276
f 493/588/1284 492/591/1285 494/590/1286
f 493/588/1284 492/591/1285 494/590/1286
f 494/590/1286 493/588/1284 492/591/1285
f 494/590/1286 493/588/1284 492/591/1285
f 492/591/1285 494/590/1286 493/588/1284
f 492/591/1285 494/590/1286 493/588/1284
f 492/591/1276 493/588/1284 495/596/1283
f 492/591/1276 493/588/1284 495/596/1283
f 495/596/1283 492/591/1276 493/588/1284
f 495/596/1283 492/591/1276 493/588/1284
f 493/588/1284 495/596/1283 492/591/1276
f 497/352/1287 495/351/1283 496/353/1288
f 499/354/1289 496/353/1288 495/351/1283
f 499/354/1289 496/353/1288 495/351/1283
f 496/353/1288 495/351/1283 499/354/1289
f 496/353/1288 495/351/1283 499/354/1289
f 495/351/1283 499/354/1289 496/353/1288
f 495/351/1283 499/354/1289 496/353/1288
f 496/353/1288 497/352/1287 495/351/1283
f 496/353/1288 497/352/1287 495/351/1283
f 495/351/1283 496/353/1288 497/352/1287
f 495/351/1283 496/353/1288 497/352/1287
f 497/352/1287 495/351/1283 496/353/1288
f 498/349/1290 495/351/1283 497/352/1291
f 497/352/1291 498/349/1290 495/351/1283
f 497/352/1291 498/349/1290 495/351/1283
f 495/351/1283 497/352/1291 498/349/1290
f 495/351/1283 497/352/1291 498/349/1290
f 498/349/1290 495/351/1283 497/352/1291
f 490/350/1277 495/351/1283 498/349/1290
f 495/351/1283 498/349/1290 490/350/1277
f 495/351/1283 498/349/1290 490/350/1277
f 498/349/1290 490/350/1277 495/351/1283
f 498/349/1290 490/350/1277 495/351/1283
f 490/350/1277 495/351/1283 498/349/1290
f 499/597/1292 495/596/1283 500/586/1293
f 495/596/1283 500/586/1293 499/597/1292
f 495/596/1283 500/586/1293 499/597/1292
f 500/586/1293 499/597/1292 495/596/1283
f 500/586/1293 499/597/1292 495/596/1283
f 499/597/1292 495/596/1283 500/586/1293
f 493/588/1284 500/586/1293 495/596/1283
f 493/588/1284 500/586/1293 495/596/1283
f 495/596/1283 493/588/1284 500/586/1293
f 495/596/1283 493/588/1284 500/586/1293
f 500/586/1293 495/596/1283 493/588/1284
f 500/586/1293 495/596/1283 493/588/1284
f 503/587/1294 501/584/1295 500/586/1293
f 502/585/1296 500/586/1293 501/584/1295
f 502/585/1296 500/586/1293 501/584/1295
f 501/584/1295 502/585/1296 500/586/1293
f 501/584/1295 502/585/1296 500/586/1293
f 500/586/1293 501/584/1295 502/585/1296
f 500/586/1293 501/584/1295 502/585/1296
f 501/584/1295 500/586/1293 503/587/1294
f 501/584/1295 500/586/1293 503/587/1294
f 500/586/1293 503/587/1294 501/584/1295
f 500/586/1293 503/587/1294 501/584/1295
f 503/587/1294 501/584/1295 500/586/1293
f 502/585/1296 499/597/1289 500/586/1297
f 500/586/1297 502/585/1296 499/597/1289
f 500/586/1297 502/585/1296 499/597/1289
f 499/597/1289 500/586/1297 502/585/1296
f 499/597/1289 500/586/1297 502/585/1296
f 502/585/1296 499/597/1289 500/586/1297
f 493/588/1284 503/587/1298 500/586/1297
f 500/586/1297 493/588/1284 503/587/1298
f 500/586/1297 493/588/1284 503/587/1298
f 503/587/1298 500/586/1297 493/588/1284
f 503/587/1298 500/586/1297 493/588/1284
f 493/588/1284 503/587/1298 500/586/1297
f 504/589/1299 503/587/1298 493/588/1284
f 504/391/1300 506/365/1301 503/392/1294
f 504/391/1300 506/365/1301 503/392/1294
f 506/365/1301 503/392/1294 504/391/1300
f 506/365/1301 503/392/1294 504/391/1300
f 503/392/1294 504/391/1300 506/365/1301
f 503/392/1294 504/391/1300 506/365/1301
f 503/587/1298 493/588/1284 504/589/1299
f 503/587/1298 493/588/1284 504/589/1299
f 493/588/1284 504/589/1299 503/587/1298
f 493/588/1284 504/589/1299 503/587/1298
f 504/589/1299 503/587/1298 493/588/1284
f 501/393/1295 503/392/1294 505/364/1302
f 506/365/1303 505/364/1302 503/392/1294
f 506/365/1303 505/364/1302 503/392/1294
f 503/392/1294 506/365/1303 505/364/1302
f 503/392/1294 506/365/1303 505/364/1302
f 505/364/1302 503/392/1294 506/365/1303
f 505/364/1302 503/392/1294 506/365/1303
f 503/392/1294 505/364/1302 501/393/1295
f 503/392/1294 505/364/1302 501/393/1295
f 505/364/1302 501/393/1295 503/392/1294
f 505/364/1302 501/393/1295 503/392/1294
f 501/393/1295 503/392/1294 505/364/1302
f 498/349/1290 497/352/1287 506/365/1304
f 505/364/1302 506/365/1303 497/352/1287
f 505/364/1302 506/365/1303 497/352/1287
f 497/352/1287 505/364/1302 506/365/1303
f 497/352/1287 505/364/1302 506/365/1303
f 506/365/1303 497/352/1287 505/364/1302
f 506/365/1303 497/352/1287 505/364/1302
f 497/352/1287 506/365/1304 498/349/1290
f 497/352/1287 506/365/1304 498/349/1290
f 506/365/1304 498/349/1290 497/352/1287
f 506/365/1304 498/349/1290 497/352/1287
f 498/349/1290 497/352/1287 506/365/1304
f 507/366/1305 498/349/1290 506/365/1303
f 506/365/1303 507/366/1305 498/349/1290
f 506/365/1303 507/366/1305 498/349/1290
f 498/349/1290 506/365/1303 507/366/1305
f 498/349/1290 506/365/1303 507/366/1305
f 507/366/1305 498/349/1290 506/365/1303
f 506/365/1301 504/391/1300 507/366/1306
f 507/366/1306 506/365/1301 504/391/1300
f 507/366/1306 506/365/1301 504/391/1300
f 504/391/1300 507/366/1306 506/365/1301
f 504/391/1300 507/366/1306 506/365/1301
f 506/365/1301 504/391/1300 507/366/1306
f 486/347/1271 498/349/1290 507/366/1305
f 498/349/1290 507/366/1305 486/347/1271
f 498/349/1290 507/366/1305 486/347/1271
f 507/366/1305 486/347/1271 498/349/1290
f 507/366/1305 486/347/1271 498/349/1290
f 486/347/1271 498/349/1290 507/366/1305
f 508/367/1307 486/347/1271 507/366/1306
f 507/366/1306 508/367/1307 486/347/1271
f 507/366/1306 508/367/1307 486/347/1271
f 486/347/1271 507/366/1306 508/367/1307
f 486/347/1271 507/366/1306 508/367/1307
f 508/367/1307 486/347/1271 507/366/1306
f 507/366/1305 494/390/1286 508/367/1307
f 508/367/1307 507/366/1305 494/390/1286
f 508/367/1307 507/366/1305 494/390/1286
f 494/390/1286 508/367/1307 507/366/1305
f 494/390/1286 508/367/1307 507/366/1305
f 507/366/1305 494/390/1286 508/367/1307
f 504/391/1308 494/390/1286 507/366/1305
f 494/390/1286 507/366/1305 504/391/1308
f 494/390/1286 507/366/1305 504/391/1308
f 507/366/1305 504/391/1308 494/390/1286
f 507/366/1305 504/391/1308 494/390/1286
f 504/391/1308 494/390/1286 507/366/1305
f 485/336/1267 486/347/1271 508/367/1307
f 486/347/1271 508/367/1307 485/336/1267
f 486/347/1271 508/367/1307 485/336/1267
f 508/367/1307 485/336/1267 486/347/1271
f 508/367/1307 485/336/1267 486/347/1271
f 485/336/1267 486/347/1271 508/367/1307
f 509/368/1309 485/336/1310 508/367/1311
f 508/367/1311 509/368/1312 485/336/1310
f 508/367/1311 509/368/1312 485/336/1310
f 485/336/1310 508/367/1311 509/368/1309
f 485/336/1310 508/367/1311 509/368/1309
f 509/368/1309 485/336/1310 508/367/1311
f 508/367/1307 489/389/1275 509/368/1313
f 509/368/1313 508/367/1307 489/389/1275
f 509/368/1313 508/367/1307 489/389/1275
f 489/389/1275 509/368/1313 508/367/1307
f 489/389/1275 509/368/1313 508/367/1307
f 508/367/1307 489/389/1275 509/368/1313
f 494/390/1286 489/389/1275 508/367/1311
f 489/389/1275 508/367/1311 494/390/1286
f 489/389/1275 508/367/1311 494/390/1286
f 508/367/1311 494/390/1286 489/389/1275
f 508/367/1311 494/390/1286 489/389/1275
f 494/390/1286 489/389/1275 508/367/1311
f 509/368/1314 512/387/1315 510/369/1316
f 509/368/1314 510/369/1317 511/334/1318
f 509/368/1314 510/369/1317 511/334/1318
f 511/334/1318 509/368/1314 510/369/1317
f 511/334/1318 509/368/1314 510/369/1317
f 510/369/1317 511/334/1318 509/368/1314
f 510/369/1317 511/334/1318 509/368/1314
f 510/369/1319 509/368/1314 512/387/1315
f 510/369/1319 509/368/1314 512/387/1315
f 512/387/1315 510/369/1319 509/368/1314
f 512/387/1315 510/369/1319 509/368/1314
f 509/368/1314 512/387/1315 510/369/1316
f 491/388/1281 509/368/1313 489/389/1275
f 491/388/1281 509/368/1313 489/389/1275
f 509/368/1313 489/389/1275 491/388/1281
f 509/368/1313 489/389/1275 491/388/1281
f 489/389/1275 491/388/1281 509/368/1313
f 489/389/1275 491/388/1281 509/368/1313
f 485/336/1267 509/368/1314 511/334/1318
f 485/336/1267 509/368/1314 511/334/1318
f 509/368/1314 511/334/1318 485/336/1267
f 509/368/1314 511/334/1318 485/336/1267
f 511/334/1318 485/336/1267 509/368/1314
f 511/334/1318 485/336/1267 509/368/1314
f 491/388/1274 512/387/1315 509/368/1320
f 512/387/1315 509/368/1320 491/388/1274
f 512/387/1315 509/368/1320 491/388/1274
f 509/368/1320 491/388/1274 512/387/1315
f 509/368/1320 491/388/1274 512/387/1315
f 491/388/1274 512/387/1315 509/368/1320
f 512/387/1315 513/386/1321 510/369/1319
f 513/572/1321 512/463/1322 514/461/1323
f 513/572/1321 512/463/1322 514/461/1323
f 514/461/1323 513/572/1321 512/463/1322
f 514/461/1323 513/572/1321 512/463/1322
f 512/463/1322 514/461/1323 513/572/1321
f 512/463/1322 514/461/1323 513/572/1321
f 513/386/1321 510/369/1319 512/387/1315
f 513/386/1321 510/369/1319 512/387/1315
f 510/369/1319 512/387/1315 513/386/1321
f 510/369/1319 512/387/1315 513/386/1321
f 512/387/1315 513/386/1321 510/369/1319
f 515/462/1324 514/461/1323 512/463/1325
f 514/461/1323 512/463/1325 515/462/1324
f 514/461/1323 512/463/1325 515/462/1324
f 512/463/1325 515/462/1324 514/461/1323
f 512/463/1325 515/462/1324 514/461/1323
f 515/462/1324 514/461/1323 512/463/1325
f 491/464/1274 515/462/1324 512/463/1322
f 512/463/1322 491/464/1274 515/462/1324
f 512/463/1322 491/464/1274 515/462/1324
f 515/462/1324 512/463/1322 491/464/1274
f 515/462/1324 512/463/1322 491/464/1274
f 491/464/1274 515/462/1324 512/463/1322
f 516/460/1326 515/462/1327 491/464/1274
f 491/464/1274 516/460/1326 515/462/1327
f 491/464/1274 516/460/1326 515/462/1327
f 515/462/1327 491/464/1274 516/460/1326
f 515/462/1327 491/464/1274 516/460/1326
f 516/460/1326 515/462/1327 491/464/1274
f 514/461/1323 515/462/1328 516/460/1326
f 515/462/1328 516/460/1326 514/461/1323
f 515/462/1328 516/460/1326 514/461/1323
f 516/460/1326 514/461/1323 515/462/1328
f 516/460/1326 514/461/1323 515/462/1328
f 514/461/1323 515/462/1328 516/460/1326
f 517/459/1329 516/460/1326 481/457/1260
f 516/460/1330 517/459/1329 514/461/1323
f 516/460/1330 517/459/1329 514/461/1323
f 514/461/1323 516/460/1330 517/459/1329
f 514/461/1323 516/460/1330 517/459/1329
f 517/459/1329 514/461/1323 516/460/1330
f 517/459/1329 514/461/1323 516/460/1330
f 516/460/1326 481/457/1260 517/459/1329
f 516/460/1326 481/457/1260 517/459/1329
f 481/457/1260 517/459/1329 516/460/1326
f 481/457/1260 517/459/1329 516/460/1326
f 517/459/1329 516/460/1326 481/457/1260
f 481/457/1260 516/460/1326 483/465/1259
f 491/464/1274 483/465/1259 516/460/1326
f 491/464/1274 483/465/1259 516/460/1326
f 483/465/1259 516/460/1326 491/464/1274
f 483/465/1259 516/460/1326 491/464/1274
f 516/460/1326 491/464/1274 483/465/1259
f 516/460/1326 491/464/1274 483/465/1259
f 483/465/1259 481/457/1260 516/460/1326
f 483/465/1259 481/457/1260 516/460/1326
f 516/460/1326 483/465/1259 481/457/1260
f 516/460/1326 483/465/1259 481/457/1260
f 481/457/1260 516/460/1326 483/465/1259
f 521/486/1331 514/461/1323 517/459/1329
f 514/461/1323 517/459/1329 521/486/1331
f 514/461/1323 517/459/1329 521/486/1331
f 517/459/1329 521/486/1331 514/461/1323
f 517/459/1329 521/486/1331 514/461/1323
f 521/486/1331 514/461/1323 517/459/1329
f 518/484/1332 517/459/1329 519/458/1333
f 517/459/1329 518/484/1332 520/485/1334
f 517/459/1329 518/484/1332 520/485/1334
f 520/485/1334 517/459/1329 518/484/1332
f 520/485/1334 517/459/1329 518/484/1332
f 518/484/1332 520/485/1334 517/459/1329
f 518/484/1332 520/485/1334 517/459/1329
f 517/459/1329 519/458/1333 518/484/1332
f 517/459/1329 519/458/1333 518/484/1332
f 519/458/1333 518/484/1332 517/459/1329
f 519/458/1333 518/484/1332 517/459/1329
f 518/484/1332 517/459/1329 519/458/1333
f 519/458/1333 517/459/1329 481/457/1260
f 481/457/1260 519/458/1333 517/459/1329
f 481/457/1260 519/458/1333 517/459/1329
f 517/459/1329 481/457/1260 519/458/1333
f 517/459/1329 481/457/1260 519/458/1333
f 519/458/1333 517/459/1329 481/457/1260
f 521/486/1331 517/459/1329 520/485/1334
f 521/486/1331 517/459/1329 520/485/1334
f 517/459/1329 520/485/1334 521/486/1331
f 517/459/1329 520/485/1334 521/486/1331
f 520/485/1334 521/486/1331 517/459/1329
f 520/485/1334 521/486/1331 517/459/1329
f 523/551/1335 521/486/1331 522/550/1336
f 520/485/1337 522/550/1338 521/486/1331
f 520/485/1337 522/550/1338 521/486/1331
f 522/550/1336 521/486/1331 520/485/1337
f 522/550/1336 521/486/1331 520/485/1337
f 521/486/1331 520/485/1337 522/550/1336
f 521/486/1331 520/485/1337 522/550/1336
f 522/550/1336 523/551/1339 521/486/1331
f 522/550/1336 523/551/1339 521/486/1331
f 521/486/1331 522/550/1336 523/551/1339
f 521/486/1331 522/550/1336 523/551/1339
f 523/551/1335 521/486/1331 522/550/1336
f 526/552/1340 521/486/1341 523/551/1342
f 521/486/1343 523/551/1342 526/552/1340
f 521/486/1343 523/551/1342 526/552/1340
f 523/551/1342 526/552/1340 521/486/1341
f 523/551/1342 526/552/1340 521/486/1341
f 526/552/1340 521/486/1341 523/551/1342
f 525/571/1344 521/486/1331 524/570/1345
f 526/552/1346 524/570/1345 521/486/1331
f 526/552/1346 524/570/1345 521/486/1331
f 524/570/1345 521/486/1331 526/552/1346
f 524/570/1345 521/486/1331 526/552/1346
f 521/486/1331 526/552/1346 524/570/1345
f 521/486/1331 526/552/1346 524/570/1345
f 524/570/1345 525/571/1344 521/486/1331
f 524/570/1345 525/571/1344 521/486/1331
f 521/486/1331 524/570/1345 525/571/1347
f 521/486/1331 524/570/1345 525/571/1347
f 525/571/1344 521/486/1331 524/570/1345
f 514/461/1323 521/486/1348 525/571/1347
f 521/486/1348 525/571/1347 514/461/1323
f 521/486/1348 525/571/1347 514/461/1323
f 525/571/1347 514/461/1323 521/486/1348
f 525/571/1347 514/461/1323 521/486/1348
f 514/461/1323 521/486/1348 525/571/1347
f 528/554/1349 526/552/1350 527/553/1351
f 523/551/1339 527/553/1352 526/552/1340
f 523/551/1339 527/553/1352 526/552/1340
f 526/552/1340 523/551/1339 527/553/1352
f 526/552/1340 523/551/1339 527/553/1352
f 527/553/1352 526/552/1340 523/551/1339
f 527/553/1352 526/552/1340 523/551/1339
f 526/552/1350 527/553/1351 528/554/1349
f 526/552/1350 527/553/1351 528/554/1349
f 527/553/1351 528/554/1349 526/552/1350
f 527/553/1351 528/554/1349 526/552/1350
f 528/554/1349 526/552/1350 527/553/1351
f 526/552/1346 528/554/1353 529/569/1354
f 528/554/1353 529/569/1354 526/552/1346
f 528/554/1353 529/569/1354 526/552/1346
f 529/569/1354 526/552/1346 528/554/1353
f 529/569/1354 526/552/1346 528/554/1353
f 526/552/1346 528/554/1353 529/569/1354
f 524/570/1345 526/552/1346 529/569/1355
f 529/569/1355 524/570/1345 526/552/1346
f 529/569/1355 524/570/1345 526/552/1346
f 526/552/1346 529/569/1355 524/570/1345
f 526/552/1346 529/569/1355 524/570/1345
f 524/570/1345 526/552/1346 529/569/1355
f 524/384/1356 529/383/1355 530/373/1357
f 529/383/1355 530/373/1357 524/384/1356
f 529/383/1355 530/373/1357 524/384/1356
f 530/373/1357 524/384/1356 529/383/1355
f 530/373/1357 524/384/1356 529/383/1355
f 524/384/1356 529/383/1355 530/373/1357
f 531/375/1358 530/373/1359 529/383/1354
f 531/375/1358 530/373/1359 529/383/1354
f 529/383/1354 531/375/1358 530/373/1359
f 529/383/1354 531/375/1358 530/373/1359
f 530/373/1359 529/383/1354 531/375/1358
f 530/373/1359 529/383/1354 531/375/1358
f 532/378/1360 531/375/1358 529/383/1354
f 532/378/1360 531/375/1358 529/383/1354
f 529/383/1354 532/378/1360 531/375/1358
f 529/383/1354 532/378/1360 531/375/1358
f 531/375/1358 529/383/1354 532/378/1360
f 531/375/1358 529/383/1354 532/378/1360
f 534/382/1361 532/378/1362 529/383/1354
f 534/382/1361 532/378/1362 529/383/1354
f 532/378/1360 529/383/1354 534/382/1363
f 532/378/1360 529/383/1354 534/382/1363
f 529/383/1354 534/382/1364 532/378/1362
f 529/383/1354 534/382/1364 532/378/1362
f 528/554/1353 533/557/1365 529/569/1355
f 534/568/1363 529/569/1355 533/557/1365
f 534/568/1363 529/569/1355 533/557/1365
f 533/557/1365 534/568/1363 529/569/1355
f 533/557/1365 534/568/1363 529/569/1355
f 529/569/1355 533/557/1365 534/568/1363
f 529/569/1355 533/557/1365 534/568/1363
f 533/557/1365 529/569/1355 528/554/1353
f 533/557/1365 529/569/1355 528/554/1353
f 529/569/1355 528/554/1353 533/557/1365
f 529/569/1355 528/554/1353 533/557/1365
f 528/554/1353 533/557/1365 529/569/1355
f 535/559/1366 534/568/1363 533/557/1365
f 535/559/1366 534/568/1363 533/557/1365
f 534/568/1363 533/557/1365 535/559/1366
f 534/568/1363 533/557/1365 535/559/1366
f 533/557/1365 535/559/1366 534/568/1363
f 533/557/1365 535/559/1366 534/568/1363
f 536/567/1367 534/568/1364 535/559/1368
f 536/567/1367 534/568/1364 535/559/1368
f 535/559/1368 536/567/1367 534/568/1364
f 535/559/1368 536/567/1367 534/568/1364
f 534/568/1364 535/559/1368 536/567/1367
f 534/568/1364 535/559/1368 536/567/1367
f 534/382/1363 536/381/1369 532/378/1360
f 536/381/1369 532/378/1360 534/382/1363
f 536/381/1369 532/378/1360 534/382/1363
f 532/378/1360 534/382/1363 536/381/1369
f 532/378/1360 534/382/1363 536/381/1369
f 534/382/1363 536/381/1369 532/378/1360
f 537/561/1370 536/567/1367 535/559/1366
f 537/561/1370 536/567/1367 535/559/1366
f 536/567/1367 535/559/1366 537/561/1370
f 536/567/1367 535/559/1366 537/561/1370
f 535/559/1366 537/561/1370 536/567/1367
f 535/559/1366 537/561/1370 536/567/1367
f 540/566/1371 536/567/1367 537/561/1370
f 540/566/1371 536/567/1367 537/561/1370
f 537/561/1370 540/566/1371 536/567/1367
f 537/561/1370 540/566/1371 536/567/1367
f 536/567/1367 537/561/1370 540/566/1371
f 536/567/1367 537/561/1370 540/566/1371
f 538/380/1372 532/378/1360 536/381/1367
f 538/380/1372 532/378/1360 536/381/1367
f 536/381/1367 538/380/1372 532/378/1360
f 536/381/1367 538/380/1372 532/378/1360
f 532/378/1362 536/381/1367 538/380/1372
f 532/378/1362 536/381/1367 538/380/1372
f 539/577/1373 538/380/1374 536/381/1367
f 539/577/1373 538/380/1374 536/381/1367
f 536/381/1367 539/577/1373 538/380/1374
f 536/381/1367 539/577/1373 538/380/1374
f 538/380/1374 536/381/1367 539/577/1373
f 538/380/1374 536/381/1367 539/577/1373
f 540/576/1371 539/577/1373 536/381/1367
f 540/576/1371 539/577/1373 536/381/1367
f 539/577/1373 536/381/1367 540/576/1371
f 539/577/1373 536/381/1367 540/576/1371
f 536/381/1367 540/576/1371 539/577/1373
f 536/381/1367 540/576/1371 539/577/1373
f 541/565/1375 540/566/1371 537/561/1370
f 541/565/1375 540/566/1371 537/561/1370
f 537/561/1370 541/565/1375 540/566/1371
f 537/561/1370 541/565/1375 540/566/1371
f 540/566/1371 537/561/1370 541/565/1375
f 540/566/1371 537/561/1370 541/565/1375
f 540/576/1371 541/574/1375 542/575/1376
f 541/574/1375 542/575/1376 540/576/1371
f 541/574/1375 542/575/1376 540/576/1371
f 542/575/1376 540/576/1371 541/574/1375
f 542/575/1376 540/576/1371 541/574/1375
f 540/576/1371 541/574/1375 542/575/1376
f 542/575/1377 539/577/1373 540/576/1371
f 542/575/1377 539/577/1373 540/576/1371
f 540/576/1371 542/575/1377 539/577/1373
f 540/576/1371 542/575/1377 539/577/1373
f 539/577/1373 540/576/1371 542/575/1377
f 539/577/1373 540/576/1371 542/575/1377
f 539/577/1378 542/575/1379 543/578/1380
f 539/577/1378 542/575/1379 543/578/1380
f 543/578/1380 539/577/1378 542/575/1381
f 543/578/1380 539/577/1378 542/575/1381
f 542/575/1381 543/578/1380 539/577/1378
f 542/575/1381 543/578/1380 539/577/1378
f 545/573/1382 542/575/1383 541/574/1375
f 545/573/1382 542/575/1383 541/574/1375
f 541/574/1375 545/573/1382 542/575/1383
f 541/574/1375 545/573/1382 542/575/1383
f 542/575/1383 541/574/1375 545/573/1382
f 542/575/1383 541/574/1375 545/573/1382
f 544/579/1384 543/578/1385 542/575/1381
f 543/578/1385 542/575/1381 544/579/1384
f 543/578/1385 542/575/1381 544/579/1384
f 542/575/1381 544/579/1384 543/578/1385
f 542/575/1381 544/579/1384 543/578/1385
f 544/579/1384 543/578/1385 542/575/1381
f 545/573/1386 544/579/1387 542/575/1388
f 542/575/1388 545/573/1386 544/579/1387
f 542/575/1388 545/573/1386 544/579/1387
f 544/579/1387 542/575/1388 545/573/1386
f 544/579/1387 542/575/1388 545/573/1386
f 545/573/1386 544/579/1387 542/575/1388
f 541/565/1375 546/563/1389 545/564/1390
f 544/562/1391 545/564/1390 546/563/1389
f 544/562/1391 545/564/1390 546/563/1389
f 546/563/1389 544/562/1391 545/564/1386
f 546/563/1389 544/562/1391 545/564/1386
f 545/564/1386 546/563/1389 544/562/1391
f 545/564/1386 546/563/1389 544/562/1391
f 545/564/1390 541/565/1375 546/563/1392
f 545/564/1390 541/565/1375 546/563/1392
f 546/563/1392 545/564/1390 541/565/1375
f 546/563/1392 545/564/1390 541/565/1375
f 541/565/1375 546/563/1389 545/564/1390
f 537/561/1370 546/563/1392 541/565/1375
f 537/561/1393 544/562/1387 546/563/1392
f 537/561/1393 544/562/1387 546/563/1392
f 544/562/1387 546/563/1392 537/561/1393
f 544/562/1387 546/563/1392 537/561/1393
f 546/563/1392 537/561/1393 544/562/1387
f 546/563/1392 537/561/1393 544/562/1387
f 546/563/1392 541/565/1375 537/561/1394
f 546/563/1392 541/565/1375 537/561/1394
f 541/565/1375 537/561/1370 546/563/1392
f 541/565/1375 537/561/1370 546/563/1392
f 537/561/1370 546/563/1392 541/565/1375
f 543/560/1385 544/562/1395 537/561/1396
f 543/560/1385 544/562/1395 537/561/1396
f 537/561/1396 543/560/1385 544/562/1395
f 537/561/1396 543/560/1385 544/562/1395
f 544/562/1395 537/561/1396 543/560/1385
f 544/562/1395 537/561/1396 543/560/1385
f 537/561/1397 535/559/1398 543/560/1385
f 547/558/1399 543/560/1385 535/559/1398
f 547/558/1399 543/560/1385 535/559/1398
f 535/559/1398 547/558/1399 543/560/1400
f 535/559/1398 547/558/1399 543/560/1400
f 543/560/1385 535/559/1398 547/558/1399
f 543/560/1385 535/559/1398 547/558/1399
f 535/559/1398 543/560/1385 537/561/1397
f 535/559/1398 543/560/1385 537/561/1397
f 543/560/1385 537/561/1397 535/559/1398
f 543/560/1385 537/561/1397 535/559/1398
f 537/561/1397 535/559/1398 543/560/1385
f 543/578/1385 547/379/1401 539/577/1402
f 547/379/1401 539/577/1402 543/578/1385
f 547/379/1401 539/577/1402 543/578/1385
f 539/577/1402 543/578/1385 547/379/1401
f 539/577/1402 543/578/1385 547/379/1401
f 543/578/1385 547/379/1401 539/577/1402
f 535/559/1398 533/557/1403 547/558/1399
f 548/556/1404 547/558/1399 533/557/1405
f 548/556/1404 547/558/1399 533/557/1405
f 533/557/1405 548/556/1404 547/558/1406
f 533/557/1405 548/556/1404 547/558/1406
f 547/558/1406 533/557/1405 548/556/1404
f 547/558/1406 533/557/1405 548/556/1404
f 533/557/1403 547/558/1399 535/559/1398
f 533/557/1403 547/558/1399 535/559/1398
f 547/558/1399 535/559/1398 533/557/1403
f 547/558/1399 535/559/1398 533/557/1403
f 535/559/1398 533/557/1403 547/558/1399
f 547/379/1399 548/377/1407 532/378/1408
f 548/377/1407 532/378/1408 547/379/1399
f 548/377/1407 532/378/1408 547/379/1399
f 532/378/1408 547/379/1399 548/377/1407
f 532/378/1408 547/379/1399 548/377/1407
f 547/379/1399 548/377/1407 532/378/1408
f 538/380/1409 547/379/1399 532/378/1410
f 532/378/1410 538/380/1409 547/379/1399
f 532/378/1410 538/380/1409 547/379/1399
f 547/379/1399 532/378/1410 538/380/1409
f 547/379/1399 532/378/1410 538/380/1409
f 538/380/1409 547/379/1399 532/378/1410
f 539/577/1378 547/379/1399 538/380/1409
f 538/380/1409 539/577/1378 547/379/1399
f 538/380/1409 539/577/1378 547/379/1399
f 547/379/1399 538/380/1409 539/577/1378
f 547/379/1399 538/380/1409 539/577/1378
f 539/577/1378 547/379/1399 538/380/1409
f 548/377/1411 549/376/1412 531/375/1413
f 549/555/1412 548/556/1404 528/554/1349
f 549/555/1412 548/556/1404 528/554/1349
f 528/554/1349 549/555/1412 548/556/1404
f 528/554/1349 549/555/1412 548/556/1404
f 548/556/1404 528/554/1349 549/555/1412
f 548/556/1404 528/554/1349 549/555/1412
f 549/376/1412 531/375/1413 548/377/1411
f 549/376/1412 531/375/1413 548/377/1411
f 531/375/1413 548/377/1411 549/376/1412
f 531/375/1413 548/377/1411 549/376/1412
f 548/377/1411 549/376/1412 531/375/1413
f 533/557/1405 528/554/1349 548/556/1404
f 528/554/1349 548/556/1404 533/557/1405
f 528/554/1349 548/556/1404 533/557/1405
f 548/556/1411 533/557/1405 528/554/1349
f 548/556/1411 533/557/1405 528/554/1349
f 533/557/1405 528/554/1349 548/556/1404
f 532/378/1410 548/377/1411 531/375/1413
f 531/375/1413 532/378/1410 548/377/1411
f 531/375/1413 532/378/1410 548/377/1411
f 548/377/1411 531/375/1413 532/378/1410
f 548/377/1411 531/375/1413 532/378/1410
f 532/378/1410 548/377/1411 531/375/1413
f 549/376/1412 527/374/1414 531/375/1413
f 527/553/1351 549/555/1412 528/554/1349
f 527/553/1351 549/555/1412 528/554/1349
f 528/554/1349 527/553/1351 549/555/1412
f 528/554/1349 527/553/1351 549/555/1412
f 549/555/1412 528/554/1349 527/553/1351
f 549/555/1412 528/554/1349 527/553/1351
f 527/374/1414 531/375/1413 549/376/1412
f 527/374/1414 531/375/1413 549/376/1412
f 531/375/1413 549/376/1412 527/374/1414
f 531/375/1413 549/376/1412 527/374/1414
f 549/376/1412 527/374/1414 531/375/1413
f 530/373/1415 531/375/1413 527/374/1416
f 530/373/1415 531/375/1413 527/374/1416
f 527/374/1416 530/373/1415 531/375/1413
f 527/374/1416 530/373/1415 531/375/1413
f 531/375/1413 527/374/1416 530/373/1415
f 531/375/1413 527/374/1416 530/373/1415
f 527/374/1351 550/372/1417 530/373/1415
f 551/371/1418 530/373/1419 550/372/1420
f 551/371/1418 530/373/1419 550/372/1420
f 550/372/1420 551/371/1418 530/373/1419
f 550/372/1420 551/371/1418 530/373/1419
f 530/373/1419 550/372/1420 551/371/1418
f 530/373/1419 550/372/1420 551/371/1418
f 550/372/1417 530/373/1415 527/374/1351
f 550/372/1417 530/373/1415 527/374/1351
f 530/373/1415 527/374/1351 550/372/1417
f 530/373/1415 527/374/1351 550/372/1417
f 527/374/1351 550/372/1417 530/373/1415
f 551/371/1418 524/384/1345 530/373/1421
f 530/373/1421 551/371/1418 524/384/1345
f 530/373/1421 551/371/1418 524/384/1345
f 524/384/1345 530/373/1421 551/371/1418
f 524/384/1345 530/373/1421 551/371/1418
f 551/371/1418 524/384/1345 530/373/1421
f 552/370/1422 525/385/1344 551/371/1418
f 524/384/1356 551/371/1418 525/385/1344
f 524/384/1356 551/371/1418 525/385/1344
f 551/371/1418 525/385/1344 524/384/1356
f 551/371/1418 525/385/1344 524/384/1356
f 525/385/1344 524/384/1356 551/371/1418
f 525/385/1344 524/384/1356 551/371/1418
f 551/371/1418 552/370/1422 525/385/1344
f 551/371/1418 552/370/1422 525/385/1344
f 525/385/1344 551/371/1418 552/370/1422
f 525/385/1344 551/371/1418 552/370/1422
f 552/370/1422 525/385/1344 551/371/1418
f 552/370/1423 551/371/1418 554/333/1424
f 552/370/1423 551/371/1418 554/333/1424
f 554/333/1424 552/370/1423 551/371/1418
f 554/333/1424 552/370/1423 551/371/1418
f 551/371/1418 554/333/1424 552/370/1423
f 551/371/1418 554/333/1424 552/370/1423
f 550/372/1417 553/332/1425 551/371/1418
f 554/333/1424 551/371/1418 553/332/1425
f 554/333/1424 551/371/1418 553/332/1425
f 551/371/1418 553/332/1425 554/333/1424
f 551/371/1418 553/332/1425 554/333/1424
f 553/332/1425 554/333/1424 551/371/1418
f 553/332/1425 554/333/1424 551/371/1418
f 553/332/1425 551/371/1418 550/372/1417
f 553/332/1425 551/371/1418 550/372/1417
f 551/371/1418 550/372/1417 553/332/1425
f 551/371/1418 550/372/1417 553/332/1425
f 550/372/1417 553/332/1425 551/371/1418
f 553/332/1426 555/331/1427 554/333/1424
f 553/332/1426 555/331/1427 554/333/1424
f 555/331/1427 554/333/1424 553/332/1426
f 555/331/1427 554/333/1424 553/332/1426
f 554/333/1424 553/332/1426 555/331/1427
f 554/333/1424 553/332/1426 555/331/1427
f 511/334/1318 554/333/1424 555/331/1427
f 554/333/1424 555/331/1427 511/334/1318
f 554/333/1424 555/331/1427 511/334/1318
f 555/331/1427 511/334/1318 554/333/1424
f 555/331/1427 511/334/1318 554/333/1424
f 511/334/1318 554/333/1424 555/331/1427
f 511/334/1318 552/370/1422 554/333/1424
f 511/334/1318 552/370/1422 554/333/1424
f 552/370/1422 554/333/1424 511/334/1318
f 552/370/1422 554/333/1424 511/334/1318
f 554/333/1424 511/334/1318 552/370/1422
f 554/333/1424 511/334/1318 552/370/1422
f 558/309/1428 556/306/1429 555/331/1427
f 557/305/1430 555/331/1427 556/306/1429
f 557/305/1430 555/331/1427 556/306/1429
f 556/306/1429 557/305/1430 555/331/1427
f 556/306/1429 557/305/1430 555/331/1427
f 555/331/1427 556/306/1429 557/305/1430
f 555/331/1427 556/306/1429 557/305/1430
f 556/306/1429 555/331/1427 558/309/1428
f 556/306/1429 555/331/1427 558/309/1428
f 555/331/1427 558/309/1428 556/306/1429
f 555/331/1427 558/309/1428 556/306/1429
f 558/309/1428 556/306/1429 555/331/1427
f 555/331/1427 557/305/1430 560/335/1431
f 557/305/1430 560/335/1431 555/331/1427
f 557/305/1430 560/335/1431 555/331/1427
f 560/335/1431 555/331/1427 557/305/1430
f 560/335/1431 555/331/1427 557/305/1430
f 555/331/1427 557/305/1430 560/335/1431
f 559/330/1432 558/309/1428 555/331/1427
f 555/331/1427 559/330/1432 558/309/1428
f 555/331/1427 559/330/1432 558/309/1428
f 558/309/1428 555/331/1427 559/330/1432
f 558/309/1428 555/331/1427 559/330/1432
f 559/330/1432 558/309/1428 555/331/1427
f 555/331/1427 553/332/1425 559/330/1432
f 559/330/1432 555/331/1427 553/332/1425
f 559/330/1432 555/331/1427 553/332/1425
f 553/332/1425 559/330/1432 555/331/1427
f 553/332/1425 559/330/1432 555/331/1427
f 555/331/1427 553/332/1425 559/330/1432
f 560/335/1431 511/334/1318 555/331/1427
f 555/331/1427 560/335/1431 511/334/1318
f 555/331/1427 560/335/1431 511/334/1318
f 511/334/1318 555/331/1427 560/335/1431
f 511/334/1318 555/331/1427 560/335/1431
f 560/335/1431 511/334/1318 555/331/1427
f 485/336/1267 511/334/1318 560/335/1431
f 511/334/1318 560/335/1431 485/336/1267
f 511/334/1318 560/335/1431 485/336/1267
f 560/335/1431 485/336/1267 511/334/1318
f 560/335/1431 485/336/1267 511/334/1318
f 485/336/1267 511/334/1318 560/335/1431
f 561/337/1433 560/335/1431 557/305/1430
f 561/337/1433 560/335/1431 557/305/1430
f 557/305/1430 561/337/1433 560/335/1431
f 557/305/1430 561/337/1433 560/335/1431
f 560/335/1431 557/305/1430 561/337/1433
f 560/335/1431 557/305/1430 561/337/1433
f 561/337/1433 485/336/1267 560/335/1431
f 560/335/1431 561/337/1433 485/336/1267
f 560/335/1431 561/337/1433 485/336/1267
f 485/336/1267 560/335/1431 561/337/1433
f 485/336/1267 560/335/1431 561/337/1433
f 561/337/1433 485/336/1267 560/335/1431
f 557/305/1430 472/303/1242 561/337/1433
f 562/338/1434 561/337/1433 472/303/1240
f 562/338/1434 561/337/1433 472/303/1240
f 472/303/1240 562/338/1434 561/337/1433
f 472/303/1240 562/338/1434 561/337/1433
f 561/337/1433 472/303/1240 562/338/1434
f 561/337/1433 472/303/1240 562/338/1434
f 472/303/1242 561/337/1433 557/305/1430
f 472/303/1242 561/337/1433 557/305/1430
f 561/337/1433 557/305/1430 472/303/1242
f 561/337/1433 557/305/1430 472/303/1242
f 557/305/1430 472/303/1242 561/337/1433
f 480/345/1256 485/336/1267 561/337/1433
f 485/336/1267 561/337/1433 480/345/1256
f 485/336/1267 561/337/1433 480/345/1256
f 561/337/1433 480/345/1256 485/336/1267
f 561/337/1433 480/345/1256 485/336/1267
f 480/345/1256 485/336/1267 561/337/1433
f 562/338/1435 480/345/1256 561/337/1436
f 561/337/1436 562/338/1435 480/345/1256
f 561/337/1436 562/338/1435 480/345/1256
f 480/345/1256 561/337/1436 562/338/1435
f 480/345/1256 561/337/1436 562/338/1435
f 562/338/1435 480/345/1256 561/337/1436
f 472/303/1242 471/300/1241 562/338/1434
f 563/339/1437 562/338/1435 471/300/1241
f 563/339/1437 562/338/1435 471/300/1241
f 471/300/1241 563/339/1437 562/338/1435
f 471/300/1241 563/339/1437 562/338/1435
f 562/338/1435 471/300/1241 563/339/1437
f 562/338/1435 471/300/1241 563/339/1437
f 471/300/1241 562/338/1434 472/303/1242
f 471/300/1241 562/338/1434 472/303/1242
f 562/338/1434 472/303/1242 471/300/1241
f 562/338/1434 472/303/1242 471/300/1241
f 472/303/1242 471/300/1241 562/338/1434
f 478/344/1438 480/345/1256 562/338/1435
f 480/345/1256 562/338/1435 478/344/1438
f 480/345/1256 562/338/1435 478/344/1438
f 562/338/1435 478/344/1438 480/345/1256
f 562/338/1435 478/344/1438 480/345/1256
f 478/344/1438 480/345/1256 562/338/1435
f 563/339/1437 478/344/1253 562/338/1435
f 562/338/1435 563/339/1437 478/344/1253
f 562/338/1435 563/339/1437 478/344/1253
f 478/344/1253 562/338/1435 563/339/1437
f 478/344/1253 562/338/1435 563/339/1437
f 563/339/1437 478/344/1253 562/338/1435
f 471/300/1439 564/298/1440 563/339/1437
f 457/340/1216 563/339/1437 564/298/1440
f 457/340/1216 563/339/1437 564/298/1440
f 564/298/1440 457/340/1216 563/339/1437
f 564/298/1440 457/340/1216 563/339/1437
f 563/339/1437 564/298/1440 457/340/1216
f 563/339/1437 564/298/1440 457/340/1216
f 564/298/1440 563/339/1437 471/300/1439
f 564/298/1440 563/339/1437 471/300/1439
f 563/339/1437 471/300/1439 564/298/1440
f 563/339/1437 471/300/1439 564/298/1440
f 471/300/1439 564/298/1440 563/339/1437
f 464/343/1227 478/344/1438 563/339/1437
f 478/344/1438 563/339/1437 464/343/1227
f 478/344/1438 563/339/1437 464/343/1227
f 563/339/1437 464/343/1227 478/344/1438
f 563/339/1437 464/343/1227 478/344/1438
f 464/343/1227 478/344/1438 563/339/1437
f 456/342/1214 464/343/1227 563/339/1437
f 464/343/1227 563/339/1437 456/342/1214
f 464/343/1227 563/339/1437 456/342/1214
f 563/339/1437 456/342/1214 464/343/1227
f 563/339/1437 456/342/1214 464/343/1227
f 456/342/1214 464/343/1227 563/339/1437
f 457/340/1216 456/342/1228 563/339/1437
f 563/339/1437 457/340/1216 456/342/1228
f 563/339/1437 457/340/1216 456/342/1228
f 456/342/1228 563/339/1437 457/340/1216
f 456/342/1228 563/339/1437 457/340/1216
f 457/340/1216 456/342/1228 563/339/1437
f 469/299/1236 468/296/1234 564/298/1441
f 565/297/1442 564/298/1441 468/296/1234
f 565/297/1442 564/298/1441 468/296/1234
f 468/296/1234 565/297/1442 564/298/1441
f 468/296/1234 565/297/1442 564/298/1441
f 564/298/1441 468/296/1234 565/297/1442
f 564/298/1441 468/296/1234 565/297/1442
f 468/296/1234 564/298/1441 469/299/1236
f 468/296/1234 564/298/1441 469/299/1236
f 564/298/1441 469/299/1236 468/296/1234
f 564/298/1441 469/299/1236 468/296/1234
f 469/299/1236 468/296/1234 564/298/1441
f 471/300/1241 469/299/1236 564/298/1440
f 564/298/1440 471/300/1241 469/299/1236
f 564/298/1440 471/300/1241 469/299/1236
f 469/299/1236 564/298/1440 471/300/1241
f 469/299/1236 564/298/1440 471/300/1241
f 471/300/1241 469/299/1236 564/298/1440
f 565/297/1442 457/340/1216 564/298/1440
f 565/297/1442 457/340/1216 564/298/1440
f 457/340/1216 564/298/1440 565/297/1442
f 457/340/1216 564/298/1440 565/297/1442
f 564/298/1440 565/297/1442 457/340/1216
f 564/298/1440 565/297/1442 457/340/1216
f 565/297/1442 566/294/1443 458/341/1213
f 566/294/1443 565/297/1442 468/296/1234
f 566/294/1443 565/297/1442 468/296/1234
f 468/296/1234 566/294/1443 565/297/1442
f 468/296/1234 566/294/1443 565/297/1442
f 565/297/1442 468/296/1234 566/294/1443
f 565/297/1442 468/296/1234 566/294/1443
f 566/294/1443 458/341/1213 565/297/1442
f 566/294/1443 458/341/1213 565/297/1442
f 458/341/1213 565/297/1442 566/294/1443
f 458/341/1213 565/297/1442 566/294/1443
f 565/297/1442 566/294/1443 458/341/1213
f 458/341/1213 457/340/1216 565/297/1442
f 458/341/1213 457/340/1216 565/297/1442
f 565/297/1442 458/341/1213 457/340/1216
f 565/297/1442 458/341/1213 457/340/1216
f 457/340/1216 565/297/1442 458/341/1213
f 457/340/1216 565/297/1442 458/341/1213
f 468/296/1234 567/295/1444 566/294/1445
f 568/293/1446 566/294/1447 567/295/1444
f 568/293/1446 566/294/1447 567/295/1444
f 566/294/1447 567/295/1444 568/293/1448
f 566/294/1447 567/295/1444 568/293/1448
f 567/295/1444 568/293/1446 566/294/1447
f 567/295/1444 568/293/1446 566/294/1447
f 567/295/1444 566/294/1445 468/296/1234
f 567/295/1444 566/294/1445 468/296/1234
f 566/294/1445 468/296/1234 567/295/1444
f 566/294/1445 468/296/1234 567/295/1444
f 468/296/1234 567/295/1444 566/294/1445
f 458/341/1213 566/294/1443 455/291/1449
f 458/341/1213 566/294/1443 455/291/1449
f 455/291/1449 458/341/1213 566/294/1443
f 455/291/1449 458/341/1213 566/294/1443
f 566/294/1443 455/291/1449 458/341/1213
f 566/294/1443 455/291/1449 458/341/1213
f 455/291/1449 566/294/1447 568/293/1446
f 455/291/1449 566/294/1447 568/293/1446
f 568/293/1446 455/291/1449 566/294/1447
f 568/293/1446 455/291/1449 566/294/1447
f 566/294/1447 568/293/1446 455/291/1449
f 566/294/1447 568/293/1446 455/291/1449
f 569/473/1450 568/474/1446 462/446/1222
f 569/292/1450 455/291/1449 568/293/1448
f 569/292/1450 455/291/1449 568/293/1448
f 455/291/1449 568/293/1448 569/292/1450
f 455/291/1449 568/293/1448 569/292/1450
f 568/293/1448 569/292/1450 455/291/1449
f 568/293/1448 569/292/1450 455/291/1449
f 568/474/1446 462/446/1222 569/473/1450
f 568/474/1446 462/446/1222 569/473/1450
f 462/446/1222 569/473/1450 568/474/1446
f 462/446/1222 569/473/1450 568/474/1446
f 569/473/1450 568/474/1446 462/446/1222
f 568/474/1448 567/475/1444 462/446/1222
f 567/475/1444 462/446/1222 568/474/1448
f 567/475/1444 462/446/1222 568/474/1448
f 462/446/1222 568/474/1451 567/475/1444
f 462/446/1222 568/474/1451 567/475/1444
f 568/474/1448 567/475/1444 462/446/1222
f 454/472/1211 569/473/1450 461/444/1223
f 454/290/1208 455/291/1449 569/292/1452
f 454/290/1208 455/291/1449 569/292/1452
f 455/291/1449 569/292/1452 454/290/1208
f 455/291/1449 569/292/1452 454/290/1208
f 569/292/1452 454/290/1208 455/291/1449
f 569/292/1452 454/290/1208 455/291/1449
f 569/473/1450 461/444/1223 454/472/1211
f 569/473/1450 461/444/1223 454/472/1211
f 461/444/1223 454/472/1211 569/473/1450
f 461/444/1223 454/472/1211 569/473/1450
f 454/472/1211 569/473/1450 461/444/1223
f 461/444/1223 569/473/1450 462/446/1222
f 462/446/1222 461/444/1223 569/473/1450
f 462/446/1222 461/444/1223 569/473/1450
f 569/473/1450 462/446/1222 461/444/1223
f 569/473/1450 462/446/1222 461/444/1223
f 461/444/1223 569/473/1450 462/446/1222
f 567/475/1453 468/476/1234 460/447/1221
f 468/476/1234 460/447/1221 567/475/1453
f 468/476/1234 460/447/1221 567/475/1453
f 460/447/1221 567/475/1453 468/476/1234
f 460/447/1221 567/475/1453 468/476/1234
f 567/475/1453 468/476/1234 460/447/1221
f 462/446/1222 567/475/1444 460/447/1219
f 460/447/1219 462/446/1222 567/475/1453
f 460/447/1219 462/446/1222 567/475/1453
f 567/475/1444 460/447/1219 462/446/1222
f 567/475/1444 460/447/1219 462/446/1222
f 462/446/1222 567/475/1444 460/447/1219
f 558/309/1428 559/330/1454 570/329/1455
f 559/330/1454 570/329/1455 558/309/1428
f 559/330/1454 570/329/1455 558/309/1428
f 570/329/1455 558/309/1428 559/330/1454
f 570/329/1455 558/309/1428 559/330/1454
f 558/309/1428 559/330/1454 570/329/1455
f 559/330/1454 553/332/1425 573/399/1456
f 553/332/1425 573/399/1456 559/330/1454
f 553/332/1425 573/399/1456 559/330/1454
f 573/399/1457 559/330/1454 553/332/1425
f 573/399/1457 559/330/1454 553/332/1425
f 559/330/1454 553/332/1425 573/399/1456
f 571/401/1458 570/329/1455 559/330/1454
f 571/401/1458 570/329/1455 559/330/1454
f 559/330/1454 571/401/1458 570/329/1455
f 559/330/1454 571/401/1458 570/329/1455
f 570/329/1455 559/330/1454 571/401/1458
f 570/329/1455 559/330/1454 571/401/1458
f 559/330/1459 572/400/1460 571/401/1461
f 559/330/1459 572/400/1460 571/401/1461
f 572/400/1460 571/401/1458 559/330/1459
f 572/400/1460 571/401/1458 559/330/1459
f 571/401/1458 559/330/1459 572/400/1460
f 571/401/1458 559/330/1459 572/400/1460
f 573/399/1457 572/400/1460 559/330/1459
f 573/399/1457 572/400/1460 559/330/1459
f 559/330/1459 573/399/1457 572/400/1460
f 559/330/1459 573/399/1457 572/400/1460
f 572/400/1460 559/330/1459 573/399/1457
f 572/400/1460 559/330/1459 573/399/1457
f 575/398/1462 573/399/1457 553/332/1425
f 575/398/1462 573/399/1457 553/332/1425
f 553/332/1425 575/398/1462 573/399/1457
f 553/332/1425 575/398/1462 573/399/1457
f 573/399/1457 553/332/1425 575/398/1462
f 573/399/1457 553/332/1425 575/398/1462
f 572/400/1463 573/399/1457 576/421/1464
f 572/400/1463 573/399/1457 576/421/1464
f 576/421/1465 572/400/1463 573/399/1457
f 576/421/1465 572/400/1463 573/399/1457
f 573/399/1457 576/421/1464 572/400/1463
f 573/399/1457 576/421/1464 572/400/1463
f 575/398/1462 574/422/1466 573/399/1457
f 576/421/1464 573/399/1457 574/422/1467
f 576/421/1464 573/399/1457 574/422/1467
f 573/399/1457 574/422/1467 576/421/1464
f 573/399/1457 574/422/1467 576/421/1464
f 574/422/1467 576/421/1464 573/399/1457
f 574/422/1467 576/421/1464 573/399/1457
f 573/399/1457 575/398/1462 574/422/1466
f 573/399/1457 575/398/1462 574/422/1466
f 574/422/1466 573/399/1457 575/398/1462
f 574/422/1466 573/399/1457 575/398/1462
f 575/398/1462 574/422/1466 573/399/1457
f 577/406/1468 572/400/1469 576/421/1465
f 577/406/1468 572/400/1469 576/421/1465
f 576/421/1465 577/406/1468 572/400/1470
f 576/421/1465 577/406/1468 572/400/1470
f 572/400/1469 576/421/1465 577/406/1468
f 572/400/1469 576/421/1465 577/406/1468
f 578/420/1471 577/406/1468 576/421/1465
f 578/420/1471 577/406/1468 576/421/1465
f 577/406/1468 576/421/1465 578/420/1471
f 577/406/1468 576/421/1465 578/420/1471
f 576/421/1465 578/420/1471 577/406/1468
f 576/421/1465 578/420/1471 577/406/1468
f 578/527/1472 576/528/1464 579/510/1473
f 576/528/1464 579/510/1473 578/527/1472
f 576/528/1464 579/510/1473 578/527/1472
f 579/510/1473 578/527/1472 576/528/1464
f 579/510/1473 578/527/1472 576/528/1464
f 578/527/1472 576/528/1464 579/510/1473
f 574/529/1466 579/510/1474 576/528/1465
f 574/529/1466 579/510/1474 576/528/1465
f 579/510/1474 576/528/1465 574/529/1466
f 579/510/1474 576/528/1465 574/529/1466
f 576/528/1465 574/529/1466 579/510/1474
f 576/528/1465 574/529/1466 579/510/1474
f 518/484/1475 580/509/1476 579/510/1477
f 518/484/1332 579/510/1477 574/529/1466
f 518/484/1332 579/510/1477 574/529/1466
f 574/529/1466 518/484/1332 579/510/1477
f 574/529/1466 518/484/1332 579/510/1477
f 579/510/1477 574/529/1466 518/484/1332
f 579/510/1477 574/529/1466 518/484/1332
f 579/510/1477 518/484/1475 580/509/1476
f 579/510/1477 518/484/1475 580/509/1476
f 580/509/1476 579/510/1477 518/484/1475
f 580/509/1476 579/510/1477 518/484/1475
f 518/484/1475 580/509/1476 579/510/1477
f 582/511/1478 579/510/1479 580/509/1480
f 582/511/1478 579/510/1479 580/509/1480
f 579/510/1479 580/509/1480 582/511/1478
f 579/510/1479 580/509/1480 582/511/1478
f 580/509/1480 582/511/1478 579/510/1479
f 580/509/1480 582/511/1478 579/510/1479
f 581/512/1481 578/527/1472 579/510/1473
f 579/510/1473 581/512/1481 578/527/1472
f 579/510/1473 581/512/1481 578/527/1472
f 578/527/1472 579/510/1473 581/512/1481
f 578/527/1472 579/510/1473 581/512/1481
f 581/512/1481 578/527/1472 579/510/1473
f 579/510/1482 582/511/1483 581/512/1484
f 581/512/1484 579/510/1482 582/511/1483
f 581/512/1484 579/510/1482 582/511/1483
f 582/511/1483 581/512/1485 579/510/1482
f 582/511/1483 581/512/1485 579/510/1482
f 579/510/1482 582/511/1483 581/512/1484
f 580/403/1480 571/401/1458 582/404/1483
f 580/403/1480 571/401/1458 582/404/1483
f 571/401/1458 582/404/1483 580/403/1480
f 571/401/1458 582/404/1483 580/403/1480
f 582/404/1483 580/403/1480 571/401/1458
f 582/404/1483 580/403/1480 571/401/1458
f 572/400/1486 582/404/1478 571/401/1458
f 571/401/1458 572/400/1486 582/404/1478
f 571/401/1458 572/400/1486 582/404/1478
f 582/404/1478 571/401/1458 572/400/1487
f 582/404/1478 571/401/1458 572/400/1487
f 572/400/1486 582/404/1478 571/401/1458
f 583/513/1488 581/512/1484 582/511/1478
f 583/513/1488 581/512/1484 582/511/1478
f 581/512/1484 582/511/1478 583/513/1488
f 581/512/1484 582/511/1478 583/513/1488
f 582/511/1478 583/513/1488 581/512/1484
f 582/511/1478 583/513/1488 581/512/1484
f 583/405/1488 582/404/1478 572/400/1489
f 582/404/1478 572/400/1489 583/405/1488
f 582/404/1478 572/400/1489 583/405/1488
f 572/400/1489 583/405/1488 582/404/1478
f 572/400/1489 583/405/1488 582/404/1478
f 583/405/1488 582/404/1478 572/400/1489
f 577/406/1490 583/405/1488 572/400/1491
f 572/400/1491 577/406/1490 583/405/1488
f 572/400/1491 577/406/1490 583/405/1488
f 583/405/1488 572/400/1489 577/406/1490
f 583/405/1488 572/400/1489 577/406/1490
f 577/406/1490 583/405/1488 572/400/1491
f 584/514/1492 581/512/1485 583/513/1488
f 584/514/1492 581/512/1485 583/513/1488
f 583/513/1488 584/514/1492 581/512/1493
f 583/513/1488 584/514/1492 581/512/1493
f 581/512/1493 583/513/1488 584/514/1492
f 581/512/1493 583/513/1488 584/514/1492
f 585/515/1494 584/514/1492 583/513/1488
f 585/515/1494 584/514/1492 583/513/1488
f 584/514/1492 583/513/1488 585/515/1494
f 584/514/1492 583/513/1488 585/515/1494
f 583/513/1488 585/515/1494 584/514/1492
f 583/513/1488 585/515/1494 584/514/1492
f 585/407/1495 583/405/1488 577/406/1490
f 583/405/1488 577/406/1490 585/407/1495
f 583/405/1488 577/406/1490 585/407/1495
f 577/406/1490 585/407/1495 583/405/1488
f 577/406/1490 585/407/1495 583/405/1488
f 585/407/1495 583/405/1488 577/406/1490
f 587/408/1496 585/407/1494 577/406/1490
f 577/406/1490 587/408/1496 585/407/1494
f 577/406/1490 587/408/1496 585/407/1494
f 585/407/1494 577/406/1490 587/408/1496
f 585/407/1494 577/406/1490 587/408/1496
f 587/408/1496 585/407/1494 577/406/1490
f 586/516/1497 584/514/1492 585/515/1494
f 586/516/1497 584/514/1492 585/515/1494
f 585/515/1494 586/516/1497 584/514/1492
f 585/515/1494 586/516/1497 584/514/1492
f 584/514/1492 585/515/1494 586/516/1497
f 584/514/1492 585/515/1494 586/516/1497
f 588/517/1498 586/516/1497 585/515/1494
f 588/517/1498 586/516/1497 585/515/1494
f 586/516/1497 585/515/1494 588/517/1498
f 586/516/1497 585/515/1494 588/517/1498
f 585/515/1494 588/517/1498 586/516/1497
f 585/515/1494 588/517/1498 586/516/1497
f 588/409/1498 585/407/1495 587/408/1496
f 585/407/1495 587/408/1496 588/409/1498
f 585/407/1495 587/408/1496 588/409/1498
f 587/408/1496 588/409/1498 585/407/1495
f 587/408/1496 588/409/1498 585/407/1495
f 588/409/1498 585/407/1495 587/408/1496
f 589/410/1499 588/409/1498 587/408/1500
f 587/408/1500 589/410/1499 588/409/1498
f 587/408/1500 589/410/1499 588/409/1498
f 588/409/1498 587/408/1500 589/410/1499
f 588/409/1498 587/408/1500 589/410/1499
f 589/410/1499 588/409/1498 587/408/1500
f 591/518/1501 586/516/1497 588/517/1498
f 591/518/1501 586/516/1497 588/517/1498
f 586/516/1497 588/517/1498 591/518/1501
f 586/516/1497 588/517/1498 591/518/1501
f 588/517/1498 591/518/1501 586/516/1497
f 588/517/1498 591/518/1501 586/516/1497
f 590/411/1502 588/409/1498 589/410/1499
f 589/410/1499 590/411/1502 588/409/1498
f 589/410/1499 590/411/1502 588/409/1498
f 588/409/1498 589/410/1499 590/411/1502
f 588/409/1498 589/410/1499 590/411/1502
f 590/411/1502 588/409/1498 589/410/1499
f 591/412/1503 588/409/1498 590/411/1502
f 588/409/1498 590/411/1502 591/412/1503
f 588/409/1498 590/411/1502 591/412/1503
f 590/411/1502 591/412/1503 588/409/1504
f 590/411/1502 591/412/1503 588/409/1504
f 591/412/1503 588/409/1498 590/411/1502
f 593/414/1505 591/412/1503 592/413/1506
f 590/411/1502 592/413/1507 591/412/1501
f 590/411/1502 592/413/1507 591/412/1501
f 591/412/1501 590/411/1502 592/413/1507
f 591/412/1501 590/411/1502 592/413/1507
f 592/413/1507 591/412/1501 590/411/1502
f 592/413/1507 591/412/1501 590/411/1502
f 591/412/1503 592/413/1506 593/414/1505
f 591/412/1503 592/413/1506 593/414/1505
f 592/413/1506 593/414/1505 591/412/1503
f 592/413/1506 593/414/1505 591/412/1503
f 593/414/1505 591/412/1503 592/413/1506
f 591/518/1501 593/520/1508 594/519/1509
f 593/520/1508 594/519/1509 591/518/1503
f 593/520/1508 594/519/1509 591/518/1503
f 594/519/1509 591/518/1503 593/520/1508
f 594/519/1509 591/518/1503 593/520/1508
f 591/518/1501 593/520/1508 594/519/1509
f 594/519/1510 586/516/1497 591/518/1503
f 594/519/1510 586/516/1497 591/518/1503
f 591/518/1503 594/519/1510 586/516/1511
f 591/518/1503 594/519/1510 586/516/1511
f 586/516/1512 591/518/1503 594/519/1510
f 586/516/1512 591/518/1503 594/519/1510
f 586/516/1513 594/519/1514 597/524/1515
f 586/516/1513 594/519/1514 597/524/1515
f 597/524/1515 586/516/1513 594/519/1516
f 597/524/1515 586/516/1513 594/519/1516
f 594/519/1514 597/524/1515 586/516/1513
f 594/519/1514 597/524/1515 586/516/1513
f 596/521/1517 594/519/1518 593/520/1519
f 596/521/1517 594/519/1518 593/520/1519
f 593/520/1519 596/521/1517 594/519/1518
f 593/520/1519 596/521/1517 594/519/1518
f 594/519/1518 593/520/1519 596/521/1517
f 594/519/1518 593/520/1519 596/521/1517
f 596/521/1517 595/523/1520 594/519/1521
f 597/524/1522 594/519/1516 595/523/1523
f 597/524/1522 594/519/1516 595/523/1523
f 594/519/1516 595/523/1523 597/524/1522
f 594/519/1516 595/523/1523 597/524/1522
f 595/523/1523 597/524/1522 594/519/1516
f 595/523/1523 597/524/1522 594/519/1516
f 594/519/1521 596/521/1517 595/523/1520
f 594/519/1521 596/521/1517 595/523/1520
f 595/523/1520 594/519/1521 596/521/1517
f 595/523/1520 594/519/1521 596/521/1517
f 596/521/1517 595/523/1520 594/519/1521
f 595/416/1524 592/413/1525 597/417/1522
f 595/416/1524 592/413/1525 597/417/1522
f 592/413/1525 597/417/1522 595/416/1524
f 592/413/1525 597/417/1522 595/416/1524
f 597/417/1522 595/416/1524 592/413/1525
f 597/417/1522 595/416/1524 592/413/1525
f 598/418/1526 597/417/1522 590/411/1527
f 592/413/1525 590/411/1527 597/417/1522
f 592/413/1525 590/411/1527 597/417/1522
f 597/417/1522 592/413/1525 590/411/1527
f 597/417/1522 592/413/1525 590/411/1527
f 590/411/1527 597/417/1522 592/413/1525
f 590/411/1527 597/417/1522 592/413/1525
f 597/417/1522 590/411/1528 598/418/1526
f 597/417/1522 590/411/1528 598/418/1526
f 590/411/1527 598/418/1526 597/417/1522
f 590/411/1527 598/418/1526 597/417/1522
f 598/418/1526 597/417/1522 590/411/1527
f 598/525/1526 586/516/1513 597/524/1522
f 598/525/1526 586/516/1513 597/524/1522
f 586/516/1513 597/524/1522 598/525/1526
f 586/516/1513 597/524/1522 598/525/1526
f 597/524/1522 598/525/1526 586/516/1529
f 597/524/1522 598/525/1526 586/516/1529
f 599/419/1530 598/418/1531 587/408/1532
f 589/410/1533 587/408/1534 598/418/1526
f 589/410/1533 587/408/1534 598/418/1526
f 598/418/1526 589/410/1533 587/408/1534
f 598/418/1526 589/410/1533 587/408/1534
f 587/408/1534 598/418/1526 589/410/1533
f 587/408/1534 598/418/1526 589/410/1533
f 598/418/1531 587/408/1534 599/419/1530
f 598/418/1531 587/408/1534 599/419/1530
f 587/408/1534 599/419/1530 598/418/1531
f 587/408/1534 599/419/1530 598/418/1531
f 599/419/1530 598/418/1531 587/408/1532
f 590/411/1527 589/410/1533 598/418/1531
f 590/411/1527 589/410/1533 598/418/1531
f 598/418/1531 590/411/1528 589/410/1533
f 598/418/1531 590/411/1528 589/410/1533
f 589/410/1533 598/418/1531 590/411/1527
f 589/410/1533 598/418/1531 590/411/1527
f 598/525/1526 599/526/1530 586/516/1513
f 599/526/1530 586/516/1513 598/525/1526
f 599/526/1530 586/516/1513 598/525/1526
f 586/516/1513 598/525/1526 599/526/1530
f 586/516/1513 598/525/1526 599/526/1530
f 598/525/1526 599/526/1530 586/516/1513
f 578/420/1472 599/419/1530 577/406/1468
f 587/408/1535 577/406/1468 599/419/1530
f 587/408/1535 577/406/1468 599/419/1530
f 599/419/1530 587/408/1535 577/406/1536
f 599/419/1530 587/408/1535 577/406/1536
f 577/406/1468 599/419/1530 587/408/1535
f 577/406/1468 599/419/1530 587/408/1535
f 599/419/1530 577/406/1468 578/420/1472
f 599/419/1530 577/406/1468 578/420/1472
f 577/406/1468 578/420/1472 599/419/1530
f 577/406/1468 578/420/1472 599/419/1530
f 578/420/1472 599/419/1530 577/406/1468
f 586/516/1513 599/526/1530 584/514/1537
f 578/527/1471 584/514/1538 599/526/1530
f 578/527/1471 584/514/1538 599/526/1530
f 584/514/1538 599/526/1530 578/527/1471
f 584/514/1538 599/526/1530 578/527/1471
f 599/526/1530 578/527/1471 584/514/1537
f 599/526/1530 578/527/1471 584/514/1537
f 584/514/1537 586/516/1513 599/526/1530
f 584/514/1537 586/516/1513 599/526/1530
f 599/526/1530 584/514/1537 586/516/1513
f 599/526/1530 584/514/1537 586/516/1513
f 586/516/1513 599/526/1530 584/514/1537
f 600/522/1539 596/521/1517 593/520/1540
f 600/522/1539 596/521/1517 593/520/1540
f 596/521/1517 593/520/1540 600/522/1539
f 596/521/1517 593/520/1540 600/522/1539
f 593/520/1540 600/522/1539 596/521/1517
f 593/520/1540 600/522/1539 596/521/1517
f 600/522/1539 595/523/1541 596/521/1542
f 595/523/1541 596/521/1542 600/522/1539
f 595/523/1541 596/521/1542 600/522/1539
f 596/521/1542 600/522/1539 595/523/1541
f 596/521/1542 600/522/1539 595/523/1541
f 600/522/1539 595/523/1541 596/521/1542
f 592/413/1543 600/415/1544 593/414/1519
f 592/413/1543 600/415/1544 593/414/1519
f 593/414/1519 592/413/1543 600/415/1544
f 593/414/1519 592/413/1543 600/415/1544
f 600/415/1544 593/414/1519 592/413/1543
f 600/415/1544 593/414/1519 592/413/1543
f 592/413/1545 600/415/1546 595/416/1546
f 600/415/1539 592/413/1547 595/416/1548
f 600/415/1546 595/416/1546 592/413/1545
f 595/416/1546 592/413/1545 600/415/1546
f 595/416/1546 592/413/1545 600/415/1546
f 592/413/1545 600/415/1546 595/416/1546
f 581/512/1481 584/514/1538 578/527/1471
f 581/512/1481 584/514/1538 578/527/1471
f 578/527/1471 581/512/1481 584/514/1538
f 578/527/1471 581/512/1481 584/514/1538
f 584/514/1538 578/527/1471 581/512/1481
f 584/514/1538 578/527/1471 581/512/1481
f 601/483/1549 580/509/1480 518/484/1475
f 580/509/1480 601/483/1549 602/508/1550
f 580/509/1480 601/483/1549 602/508/1550
f 601/483/1549 602/508/1551 580/509/1480
f 601/483/1549 602/508/1551 580/509/1480
f 602/508/1550 580/509/1480 601/483/1549
f 602/508/1550 580/509/1480 601/483/1549
f 580/509/1480 518/484/1475 601/483/1549
f 580/509/1480 518/484/1475 601/483/1549
f 518/484/1475 601/483/1549 580/509/1480
f 518/484/1475 601/483/1549 580/509/1480
f 601/483/1549 580/509/1480 518/484/1475
f 580/403/1480 602/402/1552 571/401/1458
f 602/402/1552 571/401/1458 580/403/1480
f 602/402/1552 571/401/1458 580/403/1480
f 571/401/1458 580/403/1480 602/402/1552
f 571/401/1458 580/403/1480 602/402/1552
f 580/403/1480 602/402/1552 571/401/1458
f 604/490/1553 602/508/1554 603/482/1555
f 601/483/1549 603/482/1556 602/508/1550
f 601/483/1549 603/482/1556 602/508/1550
f 602/508/1550 601/483/1549 603/482/1556
f 602/508/1550 601/483/1549 603/482/1556
f 603/482/1556 602/508/1550 601/483/1549
f 603/482/1556 602/508/1550 601/483/1549
f 603/482/1555 604/490/1553 602/508/1554
f 603/482/1555 604/490/1553 602/508/1554
f 602/508/1554 603/482/1555 604/490/1553
f 602/508/1554 603/482/1555 604/490/1553
f 604/490/1553 602/508/1554 603/482/1555
f 605/507/1557 602/508/1558 604/490/1559
f 602/508/1558 604/490/1559 605/507/1557
f 602/508/1558 604/490/1559 605/507/1557
f 604/490/1559 605/507/1557 602/508/1558
f 604/490/1559 605/507/1557 602/508/1558
f 605/507/1557 602/508/1558 604/490/1559
f 602/402/1560 605/328/1561 570/329/1562
f 605/328/1561 570/329/1562 602/402/1560
f 605/328/1561 570/329/1562 602/402/1560
f 570/329/1562 602/402/1560 605/328/1561
f 570/329/1562 602/402/1560 605/328/1561
f 602/402/1560 605/328/1561 570/329/1562
f 571/401/1458 602/402/1552 570/329/1563
f 570/329/1563 571/401/1458 602/402/1552
f 570/329/1563 571/401/1458 602/402/1552
f 602/402/1552 570/329/1563 571/401/1458
f 602/402/1552 570/329/1563 571/401/1458
f 571/401/1458 602/402/1552 570/329/1563
f 606/492/1564 605/507/1565 604/490/1566
f 604/490/1566 606/492/1564 605/507/1565
f 604/490/1566 606/492/1564 605/507/1565
f 605/507/1565 604/490/1566 606/492/1564
f 605/507/1565 604/490/1566 606/492/1564
f 606/492/1564 605/507/1565 604/490/1566
f 607/506/1567 605/507/1568 606/492/1569
f 605/507/1568 606/492/1569 607/506/1567
f 605/507/1568 606/492/1569 607/506/1567
f 606/492/1569 607/506/1567 605/507/1568
f 606/492/1569 607/506/1567 605/507/1568
f 607/506/1567 605/507/1568 606/492/1569
f 607/327/1570 609/313/1571 605/328/1572
f 605/328/1572 607/327/1570 609/313/1571
f 605/328/1572 607/327/1570 609/313/1571
f 609/313/1571 605/328/1572 607/327/1570
f 609/313/1571 605/328/1572 607/327/1570
f 607/327/1570 609/313/1571 605/328/1572
f 605/328/1573 608/311/1574 570/329/1575
f 570/329/1576 605/328/1573 608/311/1574
f 570/329/1576 605/328/1573 608/311/1574
f 608/311/1574 570/329/1575 605/328/1573
f 608/311/1574 570/329/1575 605/328/1573
f 605/328/1573 608/311/1574 570/329/1575
f 609/313/1571 608/311/1574 605/328/1577
f 608/311/1574 605/328/1577 609/313/1578
f 608/311/1574 605/328/1577 609/313/1578
f 605/328/1577 609/313/1578 608/311/1574
f 605/328/1577 609/313/1578 608/311/1574
f 609/313/1571 608/311/1574 605/328/1577
f 609/313/1579 610/314/1580 612/312/1581
f 609/313/1571 611/326/1582 610/314/1583
f 609/313/1571 611/326/1582 610/314/1583
f 611/326/1582 610/314/1583 609/313/1571
f 611/326/1582 610/314/1583 609/313/1571
f 610/314/1583 609/313/1571 611/326/1582
f 610/314/1583 609/313/1571 611/326/1582
f 610/314/1580 612/312/1581 609/313/1579
f 610/314/1580 612/312/1581 609/313/1579
f 612/312/1581 609/313/1579 610/314/1580
f 612/312/1581 609/313/1579 610/314/1580
f 609/313/1579 610/314/1580 612/312/1581
f 611/326/1584 609/313/1571 607/327/1570
f 607/327/1570 611/326/1584 609/313/1571
f 607/327/1570 611/326/1584 609/313/1571
f 609/313/1571 607/327/1570 611/326/1584
f 609/313/1571 607/327/1570 611/326/1584
f 611/326/1584 609/313/1571 607/327/1570
f 608/311/1585 609/313/1579 612/312/1581
f 609/313/1579 612/312/1581 608/311/1585
f 609/313/1579 612/312/1581 608/311/1585
f 612/312/1581 608/311/1585 609/313/1579
f 612/312/1581 608/311/1585 609/313/1579
f 608/311/1585 609/313/1579 612/312/1581
f 614/489/1586 612/491/1587 604/490/1588
f 606/492/1589 604/490/1590 612/491/1581
f 606/492/1589 604/490/1590 612/491/1581
f 612/491/1581 606/492/1589 604/490/1590
f 612/491/1581 606/492/1589 604/490/1590
f 604/490/1590 612/491/1591 606/492/1589
f 604/490/1590 612/491/1591 606/492/1589
f 612/491/1587 604/490/1588 614/489/1586
f 612/491/1587 604/490/1588 614/489/1586
f 604/490/1588 614/489/1586 612/491/1587
f 604/490/1588 614/489/1586 612/491/1587
f 614/489/1586 612/491/1587 604/490/1588
f 613/493/1592 606/492/1593 612/491/1587
f 613/493/1592 606/492/1593 612/491/1587
f 606/492/1593 612/491/1587 613/493/1592
f 606/492/1593 612/491/1587 613/493/1592
f 612/491/1587 613/493/1592 606/492/1593
f 612/491/1587 613/493/1592 606/492/1593
f 612/312/1581 610/314/1580 613/315/1594
f 613/315/1594 612/312/1581 610/314/1580
f 613/315/1594 612/312/1581 610/314/1580
f 610/314/1580 613/315/1594 612/312/1581
f 610/314/1580 613/315/1594 612/312/1581
f 612/312/1581 610/314/1580 613/315/1594
f 614/310/1586 608/311/1595 612/312/1581
f 612/312/1581 614/310/1586 608/311/1595
f 612/312/1581 614/310/1586 608/311/1595
f 608/311/1595 612/312/1581 614/310/1586
f 608/311/1595 612/312/1581 614/310/1586
f 614/310/1586 608/311/1595 612/312/1581
f 615/308/1596 558/309/1428 614/310/1597
f 608/311/1595 614/310/1586 558/309/1428
f 608/311/1595 614/310/1586 558/309/1428
f 614/310/1586 558/309/1428 608/311/1595
f 614/310/1586 558/309/1428 608/311/1595
f 558/309/1428 608/311/1595 614/310/1586
f 558/309/1428 608/311/1595 614/310/1586
f 614/310/1597 615/308/1596 558/309/1428
f 614/310/1597 615/308/1596 558/309/1428
f 558/309/1428 614/310/1597 615/308/1596
f 558/309/1428 614/310/1597 615/308/1596
f 615/308/1596 558/309/1428 614/310/1597
f 603/482/1556 614/489/1597 604/490/1598
f 604/490/1598 603/482/1556 614/489/1597
f 604/490/1598 603/482/1556 614/489/1597
f 614/489/1597 604/490/1598 603/482/1556
f 614/489/1597 604/490/1598 603/482/1556
f 603/482/1556 614/489/1597 604/490/1598
f 614/489/1599 603/482/1555 615/488/1600
f 614/489/1599 603/482/1555 615/488/1600
f 603/482/1555 615/488/1600 614/489/1599
f 603/482/1555 615/488/1600 614/489/1599
f 615/488/1600 614/489/1599 603/482/1555
f 615/488/1600 614/489/1599 603/482/1555
f 617/307/1601 556/306/1602 615/308/1600
f 558/309/1428 615/308/1600 556/306/1429
f 558/309/1428 615/308/1600 556/306/1429
f 615/308/1600 556/306/1429 558/309/1428
f 615/308/1600 556/306/1429 558/309/1428
f 556/306/1429 558/309/1428 615/308/1600
f 556/306/1429 558/309/1428 615/308/1600
f 615/308/1600 617/307/1601 556/306/1602
f 615/308/1600 617/307/1601 556/306/1602
f 556/306/1602 615/308/1600 617/307/1601
f 556/306/1602 615/308/1600 617/307/1601
f 617/307/1601 556/306/1602 615/308/1600
f 616/481/1603 615/488/1604 603/482/1555
f 603/482/1555 616/481/1603 615/488/1605
f 603/482/1555 616/481/1603 615/488/1605
f 615/488/1604 603/482/1555 616/481/1603
f 615/488/1604 603/482/1555 616/481/1603
f 616/481/1603 615/488/1604 603/482/1555
f 617/487/1606 615/488/1600 616/481/1607
f 615/488/1600 616/481/1607 617/487/1601
f 615/488/1600 616/481/1607 617/487/1601
f 616/481/1607 617/487/1601 615/488/1600
f 616/481/1607 617/487/1601 615/488/1600
f 617/487/1606 615/488/1600 616/481/1607
f 474/304/1245 556/306/1608 617/307/1601
f 617/487/1606 476/454/1248 474/480/1609
f 617/487/1606 476/454/1248 474/480/1609
f 476/454/1248 474/480/1609 617/487/1606
f 476/454/1248 474/480/1609 617/487/1606
f 474/480/1609 617/487/1606 476/454/1248
f 474/480/1609 617/487/1606 476/454/1248
f 556/306/1608 617/307/1601 474/304/1245
f 556/306/1608 617/307/1601 474/304/1245
f 617/307/1601 474/304/1245 556/306/1608
f 617/307/1601 474/304/1245 556/306/1608
f 474/304/1245 556/306/1608 617/307/1601
f 476/454/1249 617/487/1606 616/481/1607
f 616/481/1607 476/454/1249 617/487/1601
f 616/481/1607 476/454/1249 617/487/1601
f 617/487/1601 616/481/1607 476/454/1249
f 617/487/1601 616/481/1607 476/454/1249
f 476/454/1249 617/487/1606 616/481/1607
f 476/454/1248 616/481/1610 482/456/1258
f 616/481/1610 482/456/1258 476/454/1248
f 616/481/1610 482/456/1258 476/454/1248
f 482/456/1258 476/454/1248 616/481/1610
f 482/456/1258 476/454/1248 616/481/1610
f 476/454/1248 616/481/1610 482/456/1258
f 482/456/1611 616/481/1612 603/482/1555
f 482/456/1611 616/481/1612 603/482/1555
f 603/482/1555 482/456/1611 616/481/1612
f 603/482/1555 482/456/1611 616/481/1612
f 616/481/1612 603/482/1555 482/456/1611
f 616/481/1612 603/482/1555 482/456/1611
f 618/494/1613 606/492/1614 613/493/1615
f 618/494/1613 606/492/1614 613/493/1615
f 613/493/1615 618/494/1613 606/492/1614
f 613/493/1615 618/494/1613 606/492/1614
f 606/492/1614 613/493/1615 618/494/1613
f 606/492/1614 613/493/1615 618/494/1613
f 619/495/1616 618/494/1613 613/493/1615
f 619/495/1616 618/494/1613 613/493/1615
f 613/493/1615 619/495/1616 618/494/1613
f 613/493/1615 619/495/1616 618/494/1613
f 618/494/1613 613/493/1615 619/495/1616
f 618/494/1613 613/493/1615 619/495/1616
f 620/496/1617 619/495/1616 613/493/1594
f 620/496/1617 619/495/1616 613/493/1594
f 619/495/1616 613/493/1594 620/496/1617
f 619/495/1616 613/493/1594 620/496/1617
f 613/493/1594 620/496/1617 619/495/1616
f 613/493/1594 620/496/1617 619/495/1616
f 620/316/1617 613/315/1615 610/314/1580
f 620/316/1617 613/315/1615 610/314/1580
f 610/314/1580 620/316/1617 613/315/1615
f 610/314/1580 620/316/1617 613/315/1615
f 613/315/1615 610/314/1580 620/316/1617
f 613/315/1615 610/314/1580 620/316/1617
f 621/497/1618 619/495/1616 620/496/1617
f 621/497/1618 619/495/1616 620/496/1617
f 619/495/1616 620/496/1617 621/497/1618
f 619/495/1616 620/496/1617 621/497/1618
f 620/496/1617 621/497/1618 619/495/1616
f 620/496/1617 621/497/1618 619/495/1616
f 621/319/1618 620/316/1617 622/318/1619
f 620/316/1617 622/318/1619 621/319/1618
f 620/316/1617 622/318/1619 621/319/1618
f 622/318/1619 621/319/1618 620/316/1617
f 622/318/1619 621/319/1618 620/316/1617
f 621/319/1618 620/316/1617 622/318/1619
f 623/317/1620 622/318/1619 620/316/1617
f 623/317/1620 622/318/1619 620/316/1617
f 620/316/1617 623/317/1620 622/318/1619
f 620/316/1617 623/317/1620 622/318/1619
f 622/318/1619 620/316/1617 623/317/1620
f 622/318/1619 620/316/1617 623/317/1620
f 623/317/1620 620/316/1617 610/314/1580
f 623/317/1620 620/316/1617 610/314/1580
f 620/316/1617 610/314/1580 623/317/1620
f 620/316/1617 610/314/1580 623/317/1620
f 610/314/1580 623/317/1620 620/316/1617
f 610/314/1580 623/317/1620 620/316/1617
f 622/318/1621 623/317/1622 624/325/1623
f 622/318/1621 623/317/1622 624/325/1623
f 624/325/1623 622/318/1621 623/317/1622
f 624/325/1623 622/318/1621 623/317/1622
f 623/317/1624 624/325/1623 622/318/1621
f 623/317/1624 624/325/1623 622/318/1621
f 610/314/1583 624/325/1623 623/317/1624
f 610/314/1583 624/325/1623 623/317/1624
f 624/325/1623 623/317/1624 610/314/1583
f 624/325/1623 623/317/1624 610/314/1583
f 623/317/1624 610/314/1583 624/325/1623
f 623/317/1624 610/314/1583 624/325/1623
f 625/503/1625 624/504/1626 619/495/1627
f 611/505/1582 619/495/1627 624/504/1623
f 611/505/1582 619/495/1627 624/504/1623
f 619/495/1627 624/504/1623 611/505/1582
f 619/495/1627 624/504/1623 611/505/1582
f 624/504/1623 611/505/1582 619/495/1627
f 624/504/1623 611/505/1582 619/495/1627
f 624/504/1626 619/495/1627 625/503/1625
f 624/504/1626 619/495/1627 625/503/1625
f 619/495/1627 625/503/1625 624/504/1626
f 619/495/1627 625/503/1625 624/504/1626
f 625/503/1625 624/504/1626 619/495/1627
f 624/325/1623 610/314/1628 611/326/1584
f 611/326/1584 624/325/1623 610/314/1628
f 611/326/1584 624/325/1623 610/314/1628
f 610/314/1628 611/326/1584 624/325/1623
f 610/314/1628 611/326/1584 624/325/1623
f 624/325/1623 610/314/1628 611/326/1584
f 625/324/1625 622/318/1621 624/325/1623
f 625/324/1625 622/318/1621 624/325/1623
f 622/318/1621 624/325/1623 625/324/1625
f 622/318/1621 624/325/1623 625/324/1625
f 624/325/1623 625/324/1625 622/318/1621
f 624/325/1623 625/324/1625 622/318/1621
f 626/498/1629 625/503/1625 619/495/1627
f 619/495/1627 626/498/1629 625/503/1625
f 619/495/1627 626/498/1629 625/503/1625
f 625/503/1625 619/495/1627 626/498/1629
f 625/503/1625 619/495/1627 626/498/1629
f 626/498/1629 625/503/1625 619/495/1627
f 627/502/1630 625/503/1625 626/498/1629
f 625/503/1625 626/498/1629 627/502/1630
f 625/503/1625 626/498/1629 627/502/1630
f 626/498/1629 627/502/1630 625/503/1625
f 626/498/1629 627/502/1630 625/503/1625
f 627/502/1630 625/503/1625 626/498/1629
f 625/324/1625 627/323/1631 628/320/1632
f 627/323/1631 628/320/1632 625/324/1625
f 627/323/1631 628/320/1632 625/324/1625
f 628/320/1632 625/324/1625 627/323/1631
f 628/320/1632 625/324/1625 627/323/1631
f 625/324/1625 627/323/1631 628/320/1632
f 622/318/1621 625/324/1625 628/320/1632
f 628/320/1632 622/318/1621 625/324/1625
f 628/320/1632 622/318/1621 625/324/1625
f 625/324/1625 628/320/1632 622/318/1621
f 625/324/1625 628/320/1632 622/318/1621
f 622/318/1621 625/324/1625 628/320/1632
f 628/320/1633 621/319/1618 622/318/1634
f 622/318/1634 628/320/1633 621/319/1618
f 622/318/1634 628/320/1633 621/319/1618
f 621/319/1618 622/318/1634 628/320/1633
f 621/319/1618 622/318/1634 628/320/1633
f 628/320/1633 621/319/1618 622/318/1634
f 629/322/1635 628/320/1636 627/323/1637
f 629/322/1635 628/320/1636 627/323/1637
f 627/323/1630 629/322/1635 628/320/1636
f 627/323/1630 629/322/1635 628/320/1636
f 628/320/1636 627/323/1630 629/322/1635
f 628/320/1636 627/323/1630 629/322/1635
f 629/322/1638 630/321/1639 628/320/1640
f 628/320/1640 629/322/1638 630/321/1639
f 628/320/1640 629/322/1638 630/321/1639
f 630/321/1639 628/320/1640 629/322/1638
f 630/321/1639 628/320/1640 629/322/1638
f 629/322/1638 630/321/1639 628/320/1640
f 630/321/1641 621/319/1618 628/320/1633
f 621/319/1618 628/320/1633 630/321/1641
f 621/319/1618 628/320/1633 630/321/1641
f 628/320/1633 630/321/1641 621/319/1618
f 628/320/1633 630/321/1641 621/319/1618
f 630/321/1641 621/319/1618 628/320/1633
f 629/501/1635 631/500/1642 630/499/1643
f 629/501/1635 631/500/1642 630/499/1643
f 631/500/1642 630/499/1643 629/501/1635
f 631/500/1642 630/499/1643 629/501/1635
f 630/499/1643 629/501/1635 631/500/1642
f 630/499/1643 629/501/1635 631/500/1642
f 621/497/1618 630/499/1644 626/498/1645
f 631/500/1646 626/498/1647 630/499/1639
f 631/500/1646 626/498/1647 630/499/1639
f 630/499/1639 631/500/1646 626/498/1647
f 630/499/1639 631/500/1646 626/498/1647
f 626/498/1647 630/499/1639 631/500/1646
f 626/498/1647 630/499/1639 631/500/1646
f 630/499/1644 626/498/1645 621/497/1618
f 630/499/1644 626/498/1645 621/497/1618
f 626/498/1645 621/497/1618 630/499/1644
f 626/498/1645 621/497/1618 630/499/1644
f 621/497/1618 630/499/1644 626/498/1645
f 629/501/1638 627/502/1648 631/500/1646
f 626/498/1647 631/500/1649 627/502/1648
f 626/498/1647 631/500/1649 627/502/1648
f 627/502/1648 626/498/1647 631/500/1649
f 627/502/1648 626/498/1647 631/500/1649
f 631/500/1649 627/502/1648 626/498/1647
f 631/500/1649 627/502/1648 626/498/1647
f 627/502/1648 631/500/1646 629/501/1638
f 627/502/1648 631/500/1646 629/501/1638
f 631/500/1646 629/501/1638 627/502/1648
f 631/500/1646 629/501/1638 627/502/1648
f 629/501/1638 627/502/1648 631/500/1646
f 619/495/1650 621/497/1618 626/498/1645
f 626/498/1645 619/495/1650 621/497/1618
f 626/498/1645 619/495/1650 621/497/1618
f 621/497/1618 626/498/1645 619/495/1616
f 621/497/1618 626/498/1645 619/495/1616
f 619/495/1650 621/497/1618 626/498/1645
f 618/494/1651 619/495/1627 611/505/1652
f 618/494/1651 619/495/1627 611/505/1652
f 611/505/1652 618/494/1651 619/495/1627
f 611/505/1652 618/494/1651 619/495/1627
f 619/495/1627 611/505/1652 618/494/1651
f 619/495/1627 611/505/1652 618/494/1651
f 606/492/1653 618/494/1654 607/506/1567
f 606/492/1653 618/494/1654 607/506/1567
f 607/506/1567 606/492/1653 618/494/1654
f 607/506/1567 606/492/1653 618/494/1654
f 618/494/1654 607/506/1567 606/492/1653
f 618/494/1654 607/506/1567 606/492/1653
f 607/506/1567 618/494/1654 611/505/1584
f 607/506/1567 618/494/1654 611/505/1584
f 618/494/1654 611/505/1584 607/506/1567
f 618/494/1654 611/505/1584 607/506/1567
f 611/505/1584 607/506/1567 618/494/1654
f 611/505/1584 607/506/1567 618/494/1654
f 558/309/1655 570/329/1656 608/311/1657
f 558/309/1655 570/329/1656 608/311/1657
f 570/329/1656 608/311/1658 558/309/1655
f 570/329/1656 608/311/1658 558/309/1655
f 608/311/1657 558/309/1655 570/329/1656
f 608/311/1657 558/309/1655 570/329/1656
f 603/482/1555 601/483/1549 482/456/1258
f 601/483/1549 482/456/1258 603/482/1555
f 601/483/1549 482/456/1258 603/482/1555
f 482/456/1258 603/482/1555 601/483/1549
f 482/456/1258 603/482/1555 601/483/1549
f 603/482/1555 601/483/1549 482/456/1258
f 482/456/1611 601/483/1549 518/484/1332
f 518/484/1332 482/456/1611 601/483/1549
f 518/484/1332 482/456/1611 601/483/1549
f 601/483/1549 518/484/1332 482/456/1611
f 601/483/1549 518/484/1332 482/456/1611
f 482/456/1611 601/483/1549 518/484/1332
f 553/332/1425 634/397/1659 575/398/1660
f 553/332/1425 634/397/1659 575/398/1660
f 634/397/1659 575/398/1660 553/332/1425
f 634/397/1659 575/398/1660 553/332/1425
f 575/398/1462 553/332/1425 634/397/1659
f 575/398/1462 553/332/1425 634/397/1659
f 633/424/1661 632/423/1662 575/398/1660
f 574/422/1466 575/398/1660 632/423/1662
f 574/422/1466 575/398/1660 632/423/1662
f 575/398/1660 632/423/1662 574/422/1466
f 575/398/1660 632/423/1662 574/422/1466
f 632/423/1662 574/422/1466 575/398/1660
f 632/423/1662 574/422/1466 575/398/1660
f 632/423/1662 575/398/1660 633/424/1661
f 632/423/1662 575/398/1660 633/424/1661
f 575/398/1660 633/424/1661 632/423/1662
f 575/398/1660 633/424/1661 632/423/1662
f 633/424/1661 632/423/1662 575/398/1660
f 634/397/1663 633/424/1661 575/398/1660
f 575/398/1462 634/397/1663 633/424/1661
f 575/398/1462 634/397/1663 633/424/1661
f 633/424/1661 575/398/1462 634/397/1663
f 633/424/1661 575/398/1462 634/397/1663
f 634/397/1663 633/424/1661 575/398/1660
f 638/396/1664 634/397/1665 553/332/1425
f 638/396/1664 634/397/1665 553/332/1425
f 553/332/1425 638/396/1664 634/397/1665
f 553/332/1425 638/396/1664 634/397/1665
f 634/397/1666 553/332/1425 638/396/1664
f 634/397/1666 553/332/1425 638/396/1664
f 635/425/1667 633/424/1668 634/397/1669
f 634/397/1669 635/425/1667 633/424/1668
f 634/397/1669 635/425/1667 633/424/1668
f 633/424/1668 634/397/1669 635/425/1667
f 633/424/1668 634/397/1669 635/425/1667
f 635/425/1667 633/424/1668 634/397/1669
f 634/397/1670 636/440/1671 635/425/1672
f 635/425/1672 634/397/1670 636/440/1671
f 635/425/1672 634/397/1670 636/440/1671
f 636/440/1671 635/425/1672 634/397/1670
f 636/440/1671 635/425/1672 634/397/1670
f 634/397/1670 636/440/1671 635/425/1672
f 637/441/1673 636/440/1674 634/397/1670
f 636/440/1674 634/397/1670 637/441/1673
f 636/440/1674 634/397/1670 637/441/1673
f 634/397/1670 637/441/1673 636/440/1674
f 634/397/1670 637/441/1673 636/440/1674
f 637/441/1673 636/440/1674 634/397/1670
f 638/396/1664 637/441/1673 634/397/1675
f 634/397/1675 638/396/1664 637/441/1673
f 634/397/1675 638/396/1664 637/441/1673
f 637/441/1673 634/397/1675 638/396/1664
f 637/441/1673 634/397/1675 638/396/1664
f 638/396/1664 637/441/1673 634/397/1675
f 550/372/1417 638/396/1664 553/332/1426
f 550/372/1417 638/396/1664 553/332/1426
f 638/396/1664 553/332/1426 550/372/1417
f 638/396/1664 553/332/1426 550/372/1417
f 553/332/1426 550/372/1417 638/396/1664
f 553/332/1426 550/372/1417 638/396/1664
f 550/372/1676 522/442/1336 638/396/1664
f 637/441/1677 638/396/1664 522/442/1678
f 637/441/1677 638/396/1664 522/442/1678
f 638/396/1664 522/442/1678 637/441/1677
f 638/396/1664 522/442/1678 637/441/1677
f 522/442/1678 637/441/1677 638/396/1664
f 522/442/1678 637/441/1677 638/396/1664
f 638/396/1664 550/372/1676 522/442/1336
f 638/396/1664 550/372/1676 522/442/1336
f 522/442/1336 638/396/1664 550/372/1676
f 522/442/1336 638/396/1664 550/372/1676
f 550/372/1676 522/442/1336 638/396/1664
f 637/549/1677 639/531/1679 636/548/1680
f 636/548/1680 637/549/1677 639/531/1679
f 636/548/1680 637/549/1677 639/531/1679
f 639/531/1681 636/548/1680 637/549/1677
f 639/531/1681 636/548/1680 637/549/1677
f 637/549/1677 639/531/1679 636/548/1680
f 522/550/1338 639/531/1682 637/549/1673
f 637/549/1673 522/550/1338 639/531/1682
f 637/549/1673 522/550/1338 639/531/1682
f 639/531/1682 637/549/1673 522/550/1338
f 639/531/1682 637/549/1673 522/550/1338
f 522/550/1338 639/531/1682 637/549/1673
f 640/533/1683 639/531/1684 633/532/1668
f 632/530/1662 633/532/1661 639/531/1685
f 632/530/1662 633/532/1661 639/531/1685
f 639/531/1685 632/530/1662 633/532/1661
f 639/531/1685 632/530/1662 633/532/1661
f 633/532/1661 639/531/1685 632/530/1662
f 633/532/1661 639/531/1685 632/530/1662
f 639/531/1684 633/532/1668 640/533/1683
f 639/531/1684 633/532/1668 640/533/1683
f 633/532/1661 640/533/1683 639/531/1684
f 633/532/1661 640/533/1683 639/531/1684
f 640/533/1683 639/531/1684 633/532/1668
f 640/533/1686 636/548/1671 639/531/1681
f 640/533/1686 636/548/1671 639/531/1681
f 636/548/1671 639/531/1681 640/533/1686
f 636/548/1671 639/531/1681 640/533/1686
f 639/531/1681 640/533/1686 636/548/1671
f 639/531/1681 640/533/1686 636/548/1671
f 520/485/1337 632/530/1687 639/531/1688
f 520/485/1337 632/530/1687 639/531/1688
f 632/530/1687 639/531/1689 520/485/1337
f 632/530/1687 639/531/1689 520/485/1337
f 639/531/1689 520/485/1337 632/530/1687
f 639/531/1689 520/485/1337 632/530/1687
f 520/485/1337 639/531/1690 522/550/1336
f 639/531/1690 522/550/1336 520/485/1337
f 639/531/1690 522/550/1336 520/485/1337
f 522/550/1336 520/485/1337 639/531/1690
f 522/550/1336 520/485/1337 639/531/1690
f 520/485/1337 639/531/1690 522/550/1336
f 641/534/1691 640/533/1683 633/532/1661
f 633/532/1661 641/534/1691 640/533/1683
f 633/532/1661 641/534/1691 640/533/1683
f 640/533/1683 633/532/1661 641/534/1691
f 640/533/1683 633/532/1661 641/534/1691
f 641/534/1691 640/533/1683 633/532/1661
f 642/535/1692 636/548/1693 640/533/1694
f 642/535/1692 636/548/1693 640/533/1694
f 636/548/1674 640/533/1694 642/535/1692
f 636/548/1674 640/533/1694 642/535/1692
f 640/533/1694 642/535/1692 636/548/1693
f 640/533/1694 642/535/1692 636/548/1693
f 642/535/1695 640/533/1683 641/534/1691
f 640/533/1683 641/534/1691 642/535/1695
f 640/533/1683 641/534/1691 642/535/1695
f 641/534/1691 642/535/1695 640/533/1683
f 641/534/1691 642/535/1695 640/533/1683
f 642/535/1695 640/533/1683 641/534/1691
f 644/537/1696 642/535/1697 643/536/1698
f 641/534/1691 643/536/1699 642/535/1697
f 641/534/1691 643/536/1699 642/535/1697
f 642/535/1697 641/534/1691 643/536/1699
f 642/535/1697 641/534/1691 643/536/1699
f 643/536/1699 642/535/1697 641/534/1691
f 643/536/1699 642/535/1697 641/534/1691
f 642/535/1697 643/536/1698 644/537/1696
f 642/535/1697 643/536/1698 644/537/1696
f 643/536/1698 644/537/1696 642/535/1697
f 643/536/1698 644/537/1696 642/535/1697
f 644/537/1696 642/535/1697 643/536/1698
f 645/547/1700 636/548/1693 642/535/1692
f 645/547/1700 636/548/1693 642/535/1692
f 642/535/1692 645/547/1700 636/548/1693
f 642/535/1692 645/547/1700 636/548/1693
f 636/548/1693 642/535/1692 645/547/1700
f 636/548/1693 642/535/1692 645/547/1700
f 642/535/1692 644/537/1701 645/547/1700
f 644/537/1701 645/547/1700 642/535/1692
f 644/537/1701 645/547/1700 642/535/1692
f 645/547/1700 642/535/1692 644/537/1701
f 645/547/1700 642/535/1692 644/537/1701
f 642/535/1692 644/537/1701 645/547/1700
f 645/547/1702 644/537/1701 646/546/1703
f 646/438/1703 647/428/1704 645/439/1700
f 646/438/1703 647/428/1704 645/439/1700
f 647/428/1704 645/439/1700 646/438/1703
f 647/428/1704 645/439/1700 646/438/1703
f 645/439/1700 646/438/1703 647/428/1704
f 645/439/1700 646/438/1703 647/428/1704
f 646/546/1703 645/547/1702 644/537/1701
f 646/546/1703 645/547/1702 644/537/1701
f 644/537/1701 646/546/1703 645/547/1702
f 644/537/1701 646/546/1703 645/547/1702
f 645/547/1702 644/537/1701 646/546/1703
f 636/440/1680 645/439/1700 647/428/1704
f 645/439/1702 647/428/1704 636/440/1680
f 645/439/1702 647/428/1704 636/440/1680
f 647/428/1704 636/440/1680 645/439/1702
f 647/428/1704 636/440/1680 645/439/1702
f 636/440/1680 645/439/1700 647/428/1704
f 635/425/1705 636/440/1693 647/428/1704
f 635/425/1667 647/428/1706 643/427/1698
f 635/425/1667 647/428/1706 643/427/1698
f 643/427/1698 635/425/1667 647/428/1706
f 643/427/1698 635/425/1667 647/428/1706
f 647/428/1706 643/427/1698 635/425/1667
f 647/428/1706 643/427/1698 635/425/1667
f 647/428/1704 635/425/1705 636/440/1693
f 647/428/1704 635/425/1705 636/440/1693
f 636/440/1693 647/428/1704 635/425/1672
f 636/440/1693 647/428/1704 635/425/1672
f 635/425/1705 636/440/1693 647/428/1704
f 648/429/1707 643/427/1698 647/428/1706
f 643/427/1698 647/428/1706 648/429/1707
f 643/427/1698 647/428/1706 648/429/1707
f 647/428/1706 648/429/1707 643/427/1698
f 647/428/1706 648/429/1707 643/427/1698
f 648/429/1707 643/427/1698 647/428/1706
f 649/430/1708 648/429/1709 647/428/1706
f 647/428/1706 649/430/1708 648/429/1709
f 647/428/1706 649/430/1708 648/429/1709
f 648/429/1709 647/428/1706 649/430/1708
f 648/429/1709 647/428/1706 649/430/1708
f 649/430/1708 648/429/1709 647/428/1706
f 647/428/1704 646/438/1703 649/430/1710
f 649/430/1710 647/428/1704 646/438/1703
f 649/430/1710 647/428/1704 646/438/1703
f 646/438/1703 649/430/1710 647/428/1704
f 646/438/1703 649/430/1710 647/428/1704
f 647/428/1704 646/438/1703 649/430/1710
f 649/430/1708 650/431/1711 648/429/1712
f 650/431/1711 648/429/1712 649/430/1708
f 650/431/1711 648/429/1712 649/430/1708
f 648/429/1712 649/430/1708 650/431/1711
f 648/429/1712 649/430/1708 650/431/1711
f 649/430/1708 650/431/1711 648/429/1712
f 650/431/1713 649/430/1710 646/438/1714
f 649/430/1710 646/438/1714 650/431/1713
f 649/430/1710 646/438/1714 650/431/1713
f 646/438/1714 650/431/1713 649/430/1710
f 646/438/1714 650/431/1713 649/430/1710
f 650/431/1713 649/430/1710 646/438/1714
f 651/433/1715 650/431/1713 653/437/1716
f 651/433/1717 652/432/1718 650/431/1711
f 651/433/1717 652/432/1718 650/431/1711
f 652/432/1718 650/431/1711 651/433/1717
f 652/432/1718 650/431/1711 651/433/1717
f 650/431/1711 651/433/1717 652/432/1718
f 650/431/1711 651/433/1717 652/432/1718
f 650/431/1713 653/437/1716 651/433/1715
f 650/431/1713 653/437/1716 651/433/1715
f 653/437/1716 651/433/1715 650/431/1713
f 653/437/1716 651/433/1715 650/431/1713
f 651/433/1715 650/431/1713 653/437/1716
f 652/432/1719 648/429/1707 650/431/1711
f 652/432/1719 648/429/1707 650/431/1711
f 650/431/1711 652/432/1719 648/429/1707
f 650/431/1711 652/432/1719 648/429/1707
f 648/429/1707 650/431/1711 652/432/1719
f 648/429/1707 650/431/1711 652/432/1719
f 653/437/1720 650/431/1713 646/438/1721
f 646/438/1721 653/437/1720 650/431/1713
f 646/438/1721 653/437/1720 650/431/1713
f 650/431/1713 646/438/1721 653/437/1720
f 650/431/1713 646/438/1721 653/437/1720
f 653/437/1720 650/431/1713 646/438/1721
f 653/545/1722 646/546/1723 644/537/1724
f 653/545/1722 646/546/1723 644/537/1724
f 644/537/1724 653/545/1722 646/546/1723
f 644/537/1724 653/545/1722 646/546/1723
f 646/546/1723 644/537/1724 653/545/1722
f 646/546/1723 644/537/1724 653/545/1722
f 655/436/1725 651/433/1726 653/437/1727
f 653/437/1727 655/436/1725 651/433/1726
f 653/437/1727 655/436/1725 651/433/1726
f 651/433/1726 653/437/1727 655/436/1725
f 651/433/1726 653/437/1727 655/436/1725
f 655/436/1725 651/433/1726 653/437/1727
f 654/540/1728 653/545/1729 644/537/1724
f 654/540/1728 653/545/1729 644/537/1724
f 653/545/1729 644/537/1701 654/540/1728
f 653/545/1729 644/537/1701 654/540/1728
f 644/537/1724 654/540/1728 653/545/1729
f 644/537/1724 654/540/1728 653/545/1729
f 655/544/1725 653/545/1716 654/540/1728
f 655/544/1725 653/545/1716 654/540/1728
f 654/540/1728 655/544/1725 653/545/1716
f 654/540/1728 655/544/1725 653/545/1716
f 653/545/1716 654/540/1728 655/544/1725
f 653/545/1716 654/540/1728 655/544/1725
f 656/435/1730 651/433/1731 655/436/1725
f 656/543/1730 655/544/1725 657/542/1732
f 656/543/1730 655/544/1725 657/542/1732
f 657/542/1732 656/543/1730 655/544/1725
f 657/542/1732 656/543/1730 655/544/1725
f 655/544/1725 657/542/1732 656/543/1730
f 655/544/1725 657/542/1732 656/543/1730
f 651/433/1731 655/436/1725 656/435/1730
f 651/433/1731 655/436/1725 656/435/1730
f 655/436/1725 656/435/1730 651/433/1731
f 655/436/1725 656/435/1730 651/433/1731
f 656/435/1730 651/433/1731 655/436/1725
f 657/542/1732 655/544/1725 654/540/1733
f 657/542/1732 655/544/1725 654/540/1733
f 655/544/1725 654/540/1733 657/542/1732
f 655/544/1725 654/540/1733 657/542/1732
f 654/540/1733 657/542/1732 655/544/1725
f 654/540/1733 657/542/1732 655/544/1725
f 656/543/1734 657/542/1732 658/541/1735
f 654/540/1733 658/541/1736 657/542/1732
f 654/540/1733 658/541/1736 657/542/1732
f 658/541/1736 657/542/1732 654/540/1733
f 658/541/1736 657/542/1732 654/540/1733
f 657/542/1732 654/540/1733 658/541/1736
f 657/542/1732 654/540/1733 658/541/1736
f 658/541/1735 656/543/1734 657/542/1732
f 658/541/1735 656/543/1734 657/542/1732
f 657/542/1732 658/541/1735 656/543/1734
f 657/542/1732 658/541/1735 656/543/1734
f 656/543/1734 657/542/1732 658/541/1735
f 652/432/1737 651/433/1717 658/434/1736
f 652/539/1737 658/541/1735 654/540/1738
f 652/539/1737 658/541/1735 654/540/1738
f 654/540/1738 652/539/1737 658/541/1735
f 654/540/1738 652/539/1737 658/541/1735
f 658/541/1735 654/540/1738 652/539/1737
f 658/541/1735 654/540/1738 652/539/1737
f 658/434/1736 652/432/1737 651/433/1717
f 658/434/1736 652/432/1737 651/433/1717
f 651/433/1717 658/434/1736 652/432/1737
f 651/433/1717 658/434/1736 652/432/1737
f 652/432/1737 651/433/1717 658/434/1736
f 651/433/1739 656/435/1734 658/434/1736
f 656/435/1734 658/434/1736 651/433/1739
f 656/435/1734 658/434/1736 651/433/1739
f 658/434/1736 651/433/1739 656/435/1734
f 658/434/1736 651/433/1739 656/435/1734
f 651/433/1739 656/435/1734 658/434/1736
f 644/537/1696 652/539/1737 654/540/1738
f 644/537/1696 652/539/1737 654/540/1738
f 652/539/1737 654/540/1738 644/537/1696
f 652/539/1737 654/540/1738 644/537/1696
f 654/540/1738 644/537/1696 652/539/1737
f 654/540/1738 644/537/1696 652/539/1737
f 648/538/1709 652/539/1718 644/537/1696
f 648/538/1709 652/539/1718 644/537/1696
f 644/537/1696 648/538/1709 652/539/1718
f 644/537/1696 648/538/1709 652/539/1718
f 652/539/1718 644/537/1696 648/538/1709
f 652/539/1718 644/537/1696 648/538/1709
f 648/538/1709 644/537/1696 643/536/1698
f 643/536/1698 648/538/1709 644/537/1696
f 643/536/1698 648/538/1709 644/537/1696
f 644/537/1696 643/536/1698 648/538/1709
f 644/537/1696 643/536/1698 648/538/1709
f 648/538/1709 644/537/1696 643/536/1698
f 641/426/1691 635/425/1667 643/427/1698
f 641/426/1691 635/425/1667 643/427/1698
f 635/425/1667 643/427/1698 641/426/1691
f 635/425/1667 643/427/1698 641/426/1691
f 643/427/1698 641/426/1691 635/425/1667
f 643/427/1698 641/426/1691 635/425/1667
f 633/424/1668 635/425/1667 641/426/1691
f 633/424/1668 635/425/1667 641/426/1691
f 635/425/1667 641/426/1691 633/424/1668
f 635/425/1667 641/426/1691 633/424/1668
f 641/426/1691 633/424/1668 635/425/1667
f 641/426/1691 633/424/1668 635/425/1667
f 632/530/1662 520/485/1337 574/529/1467
f 574/529/1467 632/530/1662 520/485/1337
f 574/529/1467 632/530/1662 520/485/1337
f 520/485/1337 574/529/1467 632/530/1662
f 520/485/1337 574/529/1467 632/530/1662
f 632/530/1662 520/485/1337 574/529/1467
f 520/485/1334 518/484/1475 574/529/1466
f 520/485/1334 518/484/1475 574/529/1466
f 518/484/1332 574/529/1466 520/485/1334
f 518/484/1332 574/529/1466 520/485/1334
f 574/529/1466 520/485/1334 518/484/1332
f 574/529/1466 520/485/1334 518/484/1332
f 472/303/1240 557/305/1430 474/304/1740
f 472/303/1240 557/305/1430 474/304/1740
f 474/304/1740 472/303/1240 557/305/1430
f 474/304/1740 472/303/1240 557/305/1430
f 557/305/1430 474/304/1740 472/303/1240
f 557/305/1430 474/304/1740 472/303/1240
f 556/306/1602 474/304/1741 557/305/1742
f 474/304/1741 557/305/1742 556/306/1602
f 474/304/1741 557/305/1742 556/306/1602
f 557/305/1742 556/306/1602 474/304/1245
f 557/305/1742 556/306/1602 474/304/1245
f 556/306/1602 474/304/1741 557/305/1742
f 513/386/1321 525/385/1344 552/370/1743
f 525/385/1344 552/370/1423 513/386/1321
f 525/385/1344 552/370/1423 513/386/1321
f 552/370/1743 513/386/1321 525/385/1344
f 552/370/1743 513/386/1321 525/385/1344
f 513/386/1321 525/385/1344 552/370/1743
f 510/369/1317 513/386/1321 552/370/1422
f 552/370/1422 510/369/1317 513/386/1321
f 552/370/1422 510/369/1317 513/386/1321
f 513/386/1321 552/370/1422 510/369/1317
f 513/386/1321 552/370/1422 510/369/1317
f 510/369/1317 513/386/1321 552/370/1422
f 510/369/1744 552/370/1743 511/334/1318
f 510/369/1744 552/370/1743 511/334/1318
f 511/334/1318 510/369/1744 552/370/1743
f 511/334/1318 510/369/1744 552/370/1743
f 552/370/1743 511/334/1318 510/369/1744
f 552/370/1743 511/334/1318 510/369/1744
f 527/374/1351 523/443/1335 550/372/1745
f 522/442/1336 550/372/1746 523/443/1747
f 522/442/1336 550/372/1746 523/443/1747
f 550/372/1746 523/443/1747 522/442/1336
f 550/372/1746 523/443/1747 522/442/1336
f 523/443/1747 522/442/1336 550/372/1746
f 523/443/1747 522/442/1336 550/372/1746
f 550/372/1745 527/374/1351 523/443/1748
f 550/372/1745 527/374/1351 523/443/1748
f 523/443/1748 550/372/1745 527/374/1351
f 523/443/1748 550/372/1745 527/374/1351
f 527/374/1351 523/443/1335 550/372/1745
f 513/572/1321 514/461/1749 525/571/1344
f 525/571/1344 513/572/1321 514/461/1749
f 525/571/1344 513/572/1321 514/461/1749
f 514/461/1749 525/571/1344 513/572/1321
f 514/461/1749 525/571/1344 513/572/1321
f 513/572/1321 514/461/1749 525/571/1344
f 482/456/1258 518/484/1332 519/458/1333
f 518/484/1332 519/458/1333 482/456/1258
f 518/484/1332 519/458/1333 482/456/1258
f 519/458/1333 482/456/1258 518/484/1332
f 519/458/1333 482/456/1258 518/484/1332
f 482/456/1258 518/484/1332 519/458/1333
f 481/457/1260 482/456/1258 519/458/1333
f 519/458/1333 481/457/1260 482/456/1258
f 519/458/1333 481/457/1260 482/456/1258
f 482/456/1258 519/458/1333 481/457/1260
f 482/456/1258 519/458/1333 481/457/1260
f 481/457/1260 482/456/1258 519/458/1333
f 497/352/1287 496/353/1288 505/364/1302
f 659/363/1750 505/364/1302 496/353/1288
f 659/363/1750 505/364/1302 496/353/1288
f 496/353/1288 659/363/1750 505/364/1302
f 496/353/1288 659/363/1750 505/364/1302
f 505/364/1302 496/353/1288 659/363/1750
f 505/364/1302 496/353/1288 659/363/1750
f 496/353/1288 505/364/1302 497/352/1287
f 496/353/1288 505/364/1302 497/352/1287
f 505/364/1302 497/352/1287 496/353/1288
f 505/364/1302 497/352/1287 496/353/1288
f 497/352/1287 496/353/1288 505/364/1302
f 659/363/1751 501/393/1295 505/364/1302
f 505/364/1302 659/363/1751 501/393/1295
f 505/364/1302 659/363/1751 501/393/1295
f 501/393/1295 505/364/1302 659/363/1751
f 501/393/1295 505/364/1302 659/363/1751
f 659/363/1751 501/393/1295 505/364/1302
f 496/353/1288 660/355/1752 659/363/1753
f 661/362/1754 659/363/1753 660/355/1755
f 661/362/1754 659/363/1753 660/355/1755
f 660/355/1755 661/362/1754 659/363/1753
f 660/355/1755 661/362/1754 659/363/1753
f 659/363/1753 660/355/1755 661/362/1754
f 659/363/1753 660/355/1755 661/362/1754
f 660/355/1752 659/363/1753 496/353/1288
f 660/355/1752 659/363/1753 496/353/1288
f 659/363/1753 496/353/1288 660/355/1752
f 659/363/1753 496/353/1288 660/355/1752
f 496/353/1288 660/355/1752 659/363/1753
f 661/362/1754 662/394/1756 659/363/1751
f 659/363/1751 661/362/1754 662/394/1756
f 659/363/1751 661/362/1754 662/394/1756
f 662/394/1756 659/363/1751 661/362/1754
f 662/394/1756 659/363/1751 661/362/1754
f 661/362/1754 662/394/1756 659/363/1751
f 662/394/1757 501/393/1295 659/363/1751
f 501/393/1295 659/363/1751 662/394/1757
f 501/393/1295 659/363/1751 662/394/1757
f 659/363/1751 662/394/1757 501/393/1295
f 659/363/1751 662/394/1757 501/393/1295
f 662/394/1757 501/393/1295 659/363/1751
f 501/584/1295 662/581/1756 665/583/1758
f 662/581/1756 665/583/1758 501/584/1295
f 662/581/1756 665/583/1758 501/584/1295
f 665/583/1758 501/584/1295 662/581/1756
f 665/583/1758 501/584/1295 662/581/1756
f 501/584/1295 662/581/1756 665/583/1758
f 663/395/1759 662/394/1757 661/362/1760
f 662/394/1757 661/362/1761 663/395/1759
f 662/394/1757 661/362/1761 663/395/1759
f 661/362/1760 663/395/1759 662/394/1757
f 661/362/1760 663/395/1759 662/394/1757
f 663/395/1759 662/394/1757 661/362/1760
f 662/581/1756 663/580/1762 664/582/1763
f 663/580/1762 664/582/1763 662/581/1756
f 663/580/1762 664/582/1763 662/581/1756
f 664/582/1763 662/581/1756 663/580/1762
f 664/582/1763 662/581/1756 663/580/1762
f 662/581/1756 663/580/1762 664/582/1763
f 665/583/1764 662/581/1757 664/582/1765
f 664/582/1765 665/583/1764 662/581/1757
f 664/582/1765 665/583/1764 662/581/1757
f 662/581/1757 664/582/1765 665/583/1764
f 662/581/1757 664/582/1765 665/583/1764
f 665/583/1764 662/581/1757 664/582/1765
f 502/585/1296 501/584/1295 665/583/1764
f 665/583/1764 502/585/1296 501/584/1295
f 665/583/1764 502/585/1296 501/584/1295
f 501/584/1295 665/583/1764 502/585/1296
f 501/584/1295 665/583/1764 502/585/1296
f 502/585/1296 501/584/1295 665/583/1764
f 667/600/1766 666/599/1767 665/583/1758
f 502/585/1296 665/583/1764 666/599/1767
f 502/585/1296 665/583/1764 666/599/1767
f 666/599/1767 502/585/1296 665/583/1764
f 666/599/1767 502/585/1296 665/583/1764
f 665/583/1764 666/599/1767 502/585/1296
f 665/583/1764 666/599/1767 502/585/1296
f 666/599/1768 665/583/1758 667/600/1766
f 666/599/1768 665/583/1758 667/600/1766
f 665/583/1758 667/600/1766 666/599/1768
f 665/583/1758 667/600/1766 666/599/1768
f 667/600/1766 666/599/1767 665/583/1758
f 664/582/1763 667/600/1769 665/583/1758
f 665/583/1758 664/582/1763 667/600/1769
f 665/583/1758 664/582/1763 667/600/1769
f 667/600/1769 665/583/1758 664/582/1763
f 667/600/1769 665/583/1758 664/582/1763
f 664/582/1763 667/600/1769 665/583/1758
f 668/357/1770 666/358/1768 667/359/1766
f 668/357/1771 667/359/1766 669/360/1772
f 668/357/1771 667/359/1766 669/360/1772
f 669/360/1772 668/357/1771 667/359/1766
f 669/360/1772 668/357/1771 667/359/1766
f 667/359/1766 669/360/1772 668/357/1771
f 667/359/1766 669/360/1772 668/357/1771
f 667/359/1766 668/357/1770 666/358/1768
f 667/359/1766 668/357/1770 666/358/1768
f 666/358/1768 667/359/1766 668/357/1770
f 666/358/1768 667/359/1766 668/357/1770
f 668/357/1770 666/358/1768 667/359/1766
f 670/361/1773 668/357/1771 669/360/1772
f 670/361/1773 668/357/1771 669/360/1772
f 668/357/1771 669/360/1772 670/361/1773
f 668/357/1771 669/360/1772 670/361/1773
f 669/360/1772 670/361/1773 668/357/1771
f 669/360/1772 670/361/1773 668/357/1771
f 661/362/1754 668/357/1771 670/361/1773
f 661/362/1754 668/357/1771 670/361/1773
f 670/361/1773 661/362/1754 668/357/1771
f 670/361/1773 661/362/1754 668/357/1771
f 668/357/1771 670/361/1773 661/362/1754
f 668/357/1771 670/361/1773 661/362/1754
f 670/361/1773 663/395/1759 661/362/1754
f 663/395/1759 661/362/1760 670/361/1773
f 663/395/1759 661/362/1760 670/361/1773
f 661/362/1760 670/361/1773 663/395/1759
f 661/362/1760 670/361/1773 663/395/1759
f 670/361/1773 663/395/1759 661/362/1754
f 668/357/1770 661/362/1754 660/355/1774
f 668/357/1770 661/362/1754 660/355/1774
f 661/362/1754 660/355/1774 668/357/1770
f 661/362/1754 660/355/1774 668/357/1770
f 660/355/1774 668/357/1770 661/362/1754
f 660/355/1774 668/357/1770 661/362/1754
f 660/355/1755 671/356/1775 668/357/1770
f 668/357/1770 660/355/1755 671/356/1775
f 668/357/1770 660/355/1755 671/356/1775
f 671/356/1775 668/357/1770 660/355/1755
f 671/356/1775 668/357/1770 660/355/1755
f 660/355/1755 671/356/1775 668/357/1770
f 671/356/1775 666/358/1767 668/357/1770
f 666/358/1767 668/357/1770 671/356/1775
f 666/358/1767 668/357/1770 671/356/1775
f 668/357/1770 671/356/1775 666/358/1767
f 668/357/1770 671/356/1775 666/358/1767
f 671/356/1775 666/358/1767 668/357/1770
f 499/354/1289 671/356/1776 660/355/1774
f 671/356/1776 660/355/1774 499/354/1289
f 671/356/1776 660/355/1774 499/354/1289
f 660/355/1774 499/354/1289 671/356/1776
f 660/355/1774 499/354/1289 671/356/1776
f 499/354/1289 671/356/1776 660/355/1774
f 666/599/1768 671/598/1777 502/585/1296
f 671/598/1777 502/585/1296 666/599/1768
f 671/598/1777 502/585/1296 666/599/1768
f 502/585/1296 666/599/1768 671/598/1776
f 502/585/1296 666/599/1768 671/598/1776
f 666/599/1768 671/598/1777 502/585/1296
f 671/598/1775 499/597/1289 502/585/1296
f 499/597/1289 502/585/1296 671/598/1775
f 499/597/1289 502/585/1296 671/598/1775
f 502/585/1296 671/598/1775 499/597/1289
f 502/585/1296 671/598/1775 499/597/1289
f 671/598/1775 499/597/1289 502/585/1296
f 496/353/1288 499/354/1289 660/355/1774
f 660/355/1774 496/353/1288 499/354/1289
f 660/355/1774 496/353/1288 499/354/1289
f 499/354/1289 660/355/1774 496/353/1288
f 499/354/1289 660/355/1774 496/353/1288
f 496/353/1288 499/354/1289 660/355/1774
f 494/590/1286 504/589/1299 493/588/1284
f 504/589/1299 493/588/1284 494/590/1286
f 504/589/1299 493/588/1284 494/590/1286
f 493/588/1284 494/590/1286 504/589/1299
f 493/588/1284 494/590/1286 504/589/1299
f 494/590/1286 504/589/1299 493/588/1284
f 486/347/1271 487/348/1778 498/349/1290
f 498/349/1290 486/347/1271 487/348/1778
f 498/349/1290 486/347/1271 487/348/1778
f 487/348/1778 498/349/1290 486/347/1271
f 487/348/1778 498/349/1290 486/347/1271
f 486/347/1271 487/348/1778 498/349/1290
f 487/348/1778 490/350/1277 498/349/1779
f 490/350/1279 498/349/1779 487/348/1778
f 490/350/1279 498/349/1779 487/348/1778
f 498/349/1779 487/348/1778 490/350/1277
f 498/349/1779 487/348/1778 490/350/1277
f 487/348/1778 490/350/1277 498/349/1779
f 678/601/1780 673/602/1781 672/603/1782
f 674/604/1783 672/603/1782 673/602/1784
f 674/604/1783 672/603/1782 673/602/1784
f 672/603/1782 673/602/1784 674/604/1783
f 672/603/1782 673/602/1784 674/604/1783
f 673/602/1784 674/604/1783 672/603/1782
f 673/602/1784 674/604/1783 672/603/1782
f 672/603/1782 678/601/1780 673/602/1781
f 672/603/1782 678/601/1780 673/602/1781
f 673/602/1781 672/603/1782 678/601/1780
f 673/602/1781 672/603/1782 678/601/1780
f 678/601/1780 673/602/1781 672/603/1782
f 672/605/1785 674/606/1783 675/607/1786
f 672/605/1785 674/606/1783 675/607/1786
f 674/606/1783 675/607/1786 672/605/1785
f 674/606/1783 675/607/1786 672/605/1785
f 675/607/1786 672/605/1785 674/606/1783
f 675/607/1786 672/605/1785 674/606/1783
f 672/605/1787 675/607/1786 677/608/1788
f 675/607/1786 677/608/1788 672/605/1787
f 675/607/1786 677/608/1788 672/605/1787
f 677/608/1788 672/605/1787 675/607/1786
f 677/608/1788 672/605/1787 675/607/1786
f 672/605/1787 675/607/1786 677/608/1788
f 678/609/1789 672/605/1790 676/610/1791
f 677/608/1788 676/610/1792 672/605/1787
f 677/608/1788 676/610/1792 672/605/1787
f 672/605/1787 677/608/1788 676/610/1792
f 672/605/1787 677/608/1788 676/610/1792
f 676/610/1792 672/605/1787 677/608/1788
f 676/610/1792 672/605/1787 677/608/1788
f 672/605/1790 676/610/1791 678/609/1789
f 672/605/1790 676/610/1791 678/609/1789
f 676/610/1791 678/609/1789 672/605/1790
f 676/610/1791 678/609/1789 672/605/1790
f 678/609/1789 672/605/1790 676/610/1791
f 679/611/1793 682/612/1794 678/601/1795
f 678/609/1796 680/613/1797 679/614/1798
f 678/609/1796 680/613/1797 679/614/1798
f 680/613/1797 679/614/1798 678/609/1796
f 680/613/1797 679/614/1798 678/609/1796
f 679/614/1798 678/609/1796 680/613/1797
f 679/614/1798 678/609/1796 680/613/1797
f 678/601/1795 679/611/1793 682/612/1794
f 678/601/1795 679/611/1793 682/612/1794
f 682/612/1794 678/601/1795 679/611/1793
f 682/612/1794 678/601/1795 679/611/1793
f 679/611/1793 682/612/1794 678/601/1795
f 681/615/1799 680/613/1797 678/609/1796
f 681/615/1799 680/613/1797 678/609/1796
f 678/609/1796 681/615/1799 680/613/1797
f 678/609/1796 681/615/1799 680/613/1797
f 680/613/1797 678/609/1796 681/615/1799
f 680/613/1797 678/609/1796 681/615/1799
f 681/615/1799 678/609/1800 676/610/1801
f 676/610/1801 681/615/1799 678/609/1802
f 676/610/1801 681/615/1799 678/609/1802
f 678/609/1800 676/610/1801 681/615/1799
f 678/609/1800 676/610/1801 681/615/1799
f 681/615/1799 678/609/1800 676/610/1801
f 682/612/1794 673/602/1803 678/601/1796
f 673/602/1803 678/601/1796 682/612/1794
f 673/602/1803 678/601/1796 682/612/1794
f 678/601/1796 682/612/1794 673/602/1803
f 678/601/1796 682/612/1794 673/602/1803
f 682/612/1794 673/602/1803 678/601/1796
f 682/612/1804 684/616/1805 673/602/1803
f 673/602/1803 682/612/1804 684/616/1805
f 673/602/1803 682/612/1804 684/616/1805
f 684/616/1805 673/602/1803 682/612/1794
f 684/616/1805 673/602/1803 682/612/1794
f 682/612/1804 684/616/1805 673/602/1803
f 683/617/1806 682/612/1794 679/611/1793
f 682/612/1794 679/611/1793 683/617/1806
f 682/612/1794 679/611/1793 683/617/1806
f 679/611/1793 683/617/1806 682/612/1794
f 679/611/1793 683/617/1806 682/612/1794
f 683/617/1806 682/612/1794 679/611/1793
f 682/612/1794 683/617/1806 685/618/1807
f 685/618/1807 682/612/1794 683/617/1806
f 685/618/1807 682/612/1794 683/617/1806
f 683/617/1806 685/618/1807 682/612/1794
f 683/617/1806 685/618/1807 682/612/1794
f 682/612/1794 683/617/1806 685/618/1807
f 685/618/1807 684/616/1805 682/612/1794
f 682/612/1804 685/618/1807 684/616/1805
f 682/612/1804 685/618/1807 684/616/1805
f 684/616/1805 682/612/1804 685/618/1807
f 684/616/1805 682/612/1804 685/618/1807
f 685/618/1807 684/616/1805 682/612/1794
f 687/619/1808 685/618/1807 683/617/1806
f 687/619/1808 685/618/1807 683/617/1806
f 685/618/1807 683/617/1806 687/619/1808
f 685/618/1807 683/617/1806 687/619/1808
f 683/617/1806 687/619/1808 685/618/1807
f 683/617/1806 687/619/1808 685/618/1807
f 687/619/1808 686/620/1809 685/618/1807
f 690/621/1810 685/618/1807 686/620/1809
f 690/621/1810 685/618/1807 686/620/1809
f 685/618/1807 686/620/1809 690/621/1810
f 685/618/1807 686/620/1809 690/621/1810
f 686/620/1809 690/621/1810 685/618/1807
f 686/620/1809 690/621/1810 685/618/1807
f 685/618/1807 687/619/1808 686/620/1809
f 685/618/1807 687/619/1808 686/620/1809
f 686/620/1809 685/618/1807 687/619/1808
f 686/620/1809 685/618/1807 687/619/1808
f 687/619/1808 686/620/1809 685/618/1807
f 688/622/1811 684/616/1812 685/618/1807
f 684/616/1812 685/618/1807 688/622/1811
f 684/616/1812 685/618/1807 688/622/1811
f 685/618/1807 688/622/1811 684/616/1812
f 685/618/1807 688/622/1811 684/616/1812
f 688/622/1811 684/616/1812 685/618/1807
f 689/623/1813 688/622/1811 685/618/1807
f 685/618/1807 689/623/1813 688/622/1811
f 685/618/1807 689/623/1813 688/622/1811
f 688/622/1811 685/618/1807 689/623/1813
f 688/622/1811 685/618/1807 689/623/1813
f 689/623/1813 688/622/1811 685/618/1807
f 685/618/1814 690/621/1810 689/623/1813
f 689/623/1813 685/618/1814 690/621/1810
f 689/623/1813 685/618/1814 690/621/1810
f 690/621/1810 689/623/1813 685/618/1814
f 690/621/1810 689/623/1813 685/618/1814
f 685/618/1814 690/621/1810 689/623/1813
f 686/620/1809 692/624/1815 690/621/1816
f 686/620/1809 692/624/1815 690/621/1816
f 692/624/1815 690/621/1816 686/620/1809
f 692/624/1815 690/621/1816 686/620/1809
f 690/621/1816 686/620/1809 692/624/1815
f 690/621/1816 686/620/1809 692/624/1815
f 690/621/1817 691/625/1818 689/623/1813
f 690/621/1816 674/604/1783 691/625/1818
f 690/621/1816 674/604/1783 691/625/1818
f 674/604/1783 691/625/1818 690/621/1816
f 674/604/1783 691/625/1818 690/621/1816
f 691/625/1818 690/621/1816 674/604/1783
f 691/625/1818 690/621/1816 674/604/1783
f 691/625/1818 689/623/1813 690/621/1817
f 691/625/1818 689/623/1813 690/621/1817
f 689/623/1813 690/621/1817 691/625/1818
f 689/623/1813 690/621/1817 691/625/1818
f 690/621/1817 691/625/1818 689/623/1813
f 692/624/1819 674/604/1820 690/621/1816
f 692/624/1819 674/604/1820 690/621/1816
f 690/621/1816 692/624/1819 674/604/1820
f 690/621/1816 692/624/1819 674/604/1820
f 674/604/1820 690/621/1816 692/624/1819
f 674/604/1820 690/621/1816 692/624/1819
f 693/626/1821 675/607/1786 692/627/1822
f 674/606/1783 692/627/1823 675/607/1824
f 674/606/1783 692/627/1823 675/607/1824
f 675/607/1824 674/606/1783 692/627/1823
f 675/607/1824 674/606/1783 692/627/1823
f 692/627/1823 675/607/1824 674/606/1783
f 692/627/1823 675/607/1824 674/606/1783
f 675/607/1786 692/627/1822 693/626/1821
f 675/607/1786 692/627/1822 693/626/1821
f 692/627/1822 693/626/1821 675/607/1786
f 692/627/1822 693/626/1821 675/607/1786
f 693/626/1821 675/607/1786 692/627/1822
f 694/628/1825 693/626/1821 692/627/1826
f 692/627/1826 694/628/1825 693/626/1821
f 692/627/1826 694/628/1825 693/626/1821
f 693/626/1821 692/627/1826 694/628/1825
f 693/626/1821 692/627/1826 694/628/1825
f 694/628/1825 693/626/1821 692/627/1826
f 692/624/1827 686/620/1828 694/629/1829
f 694/629/1829 692/624/1827 686/620/1828
f 694/629/1829 692/624/1827 686/620/1828
f 686/620/1828 694/629/1829 692/624/1827
f 686/620/1828 694/629/1829 692/624/1827
f 692/624/1827 686/620/1828 694/629/1829
f 695/630/1830 693/626/1821 694/628/1825
f 693/626/1821 694/628/1825 695/630/1830
f 693/626/1821 694/628/1825 695/630/1830
f 694/628/1825 695/630/1830 693/626/1821
f 694/628/1825 695/630/1830 693/626/1821
f 695/630/1830 693/626/1821 694/628/1825
f 697/631/1831 694/629/1829 686/620/1828
f 697/631/1831 694/629/1829 686/620/1828
f 686/620/1828 697/631/1831 694/629/1829
f 686/620/1828 697/631/1831 694/629/1829
f 694/629/1829 686/620/1828 697/631/1831
f 694/629/1829 686/620/1828 697/631/1831
f 696/632/1832 695/630/1833 694/628/1825
f 695/630/1833 694/628/1825 696/632/1832
f 695/630/1833 694/628/1825 696/632/1832
f 694/628/1825 696/632/1832 695/630/1833
f 694/628/1825 696/632/1832 695/630/1833
f 696/632/1832 695/630/1833 694/628/1825
f 697/633/1834 696/632/1835 694/628/1836
f 694/628/1836 697/633/1834 696/632/1835
f 694/628/1836 697/633/1834 696/632/1835
f 696/632/1835 694/628/1836 697/633/1834
f 696/632/1835 694/628/1836 697/633/1834
f 697/633/1834 696/632/1835 694/628/1836
f 686/620/1809 687/619/1808 697/631/1837
f 679/611/1793 697/631/1838 687/619/1808
f 679/611/1793 697/631/1838 687/619/1808
f 687/619/1808 679/611/1793 697/631/1838
f 687/619/1808 679/611/1793 697/631/1838
f 697/631/1838 687/619/1808 679/611/1793
f 697/631/1838 687/619/1808 679/611/1793
f 687/619/1808 697/631/1837 686/620/1809
f 687/619/1808 697/631/1837 686/620/1809
f 697/631/1837 686/620/1809 687/619/1808
f 697/631/1837 686/620/1809 687/619/1808
f 686/620/1809 687/619/1808 697/631/1837
f 679/614/1793 698/634/1839 697/633/1831
f 696/632/1832 697/633/1831 698/634/1840
f 696/632/1832 697/633/1831 698/634/1840
f 697/633/1831 698/634/1840 696/632/1832
f 697/633/1831 698/634/1840 696/632/1832
f 698/634/1840 696/632/1832 697/633/1831
f 698/634/1840 696/632/1832 697/633/1831
f 697/633/1831 679/614/1793 698/634/1839
f 697/633/1831 679/614/1793 698/634/1839
f 698/634/1839 697/633/1831 679/614/1793
f 698/634/1839 697/633/1831 679/614/1793
f 679/614/1793 698/634/1839 697/633/1831
f 696/632/1832 698/634/1841 676/610/1842
f 698/634/1841 676/610/1842 696/632/1832
f 698/634/1841 676/610/1842 696/632/1832
f 676/610/1842 696/632/1832 698/634/1841
f 676/610/1842 696/632/1832 698/634/1841
f 696/632/1832 698/634/1841 676/610/1842
f 699/635/1843 698/634/1844 679/614/1845
f 698/634/1844 679/614/1845 699/635/1843
f 698/634/1844 679/614/1845 699/635/1843
f 679/614/1845 699/635/1843 698/634/1844
f 679/614/1845 699/635/1843 698/634/1844
f 699/635/1843 698/634/1844 679/614/1845
f 698/634/1846 699/635/1847 700/636/1848
f 699/635/1847 700/636/1848 698/634/1846
f 699/635/1847 700/636/1848 698/634/1846
f 700/636/1848 698/634/1846 699/635/1847
f 700/636/1848 698/634/1846 699/635/1847
f 698/634/1846 699/635/1847 700/636/1848
f 676/610/1849 698/634/1850 700/636/1851
f 700/636/1851 676/610/1849 698/634/1850
f 700/636/1851 676/610/1849 698/634/1850
f 698/634/1850 700/636/1851 676/610/1849
f 698/634/1850 700/636/1851 676/610/1849
f 676/610/1849 698/634/1850 700/636/1851
f 700/636/1851 701/637/1852 703/638/1853
f 701/637/1852 700/636/1851 699/635/1854
f 701/637/1852 700/636/1851 699/635/1854
f 699/635/1854 701/637/1852 700/636/1851
f 699/635/1854 701/637/1852 700/636/1851
f 700/636/1851 699/635/1854 701/637/1852
f 700/636/1851 699/635/1854 701/637/1852
f 701/637/1852 703/638/1853 700/636/1851
f 701/637/1852 703/638/1853 700/636/1851
f 703/638/1853 700/636/1851 701/637/1852
f 703/638/1853 700/636/1851 701/637/1852
f 700/636/1851 701/637/1852 703/638/1853
f 676/610/1849 700/636/1855 681/615/1799
f 700/636/1855 681/615/1799 676/610/1849
f 700/636/1855 681/615/1799 676/610/1849
f 681/615/1799 676/610/1849 700/636/1855
f 681/615/1799 676/610/1849 700/636/1855
f 676/610/1849 700/636/1855 681/615/1799
f 702/639/1856 681/615/1857 700/636/1858
f 702/639/1856 681/615/1857 700/636/1858
f 700/636/1858 702/639/1856 681/615/1857
f 700/636/1858 702/639/1856 681/615/1857
f 681/615/1857 700/636/1858 702/639/1856
f 681/615/1857 700/636/1858 702/639/1856
f 703/638/1859 702/639/1860 700/636/1851
f 703/638/1859 702/639/1860 700/636/1851
f 700/636/1851 703/638/1859 702/639/1860
f 700/636/1851 703/638/1859 702/639/1860
f 702/639/1860 700/636/1851 703/638/1853
f 702/639/1860 700/636/1851 703/638/1853
f 706/640/1861 704/641/1862 703/638/1853
f 702/639/1860 703/638/1853 704/641/1863
f 702/639/1860 703/638/1853 704/641/1863
f 704/641/1862 702/639/1860 703/638/1853
f 704/641/1862 702/639/1860 703/638/1853
f 703/638/1853 704/641/1862 702/639/1860
f 703/638/1853 704/641/1862 702/639/1860
f 704/641/1862 703/638/1853 706/640/1861
f 704/641/1862 703/638/1853 706/640/1861
f 703/638/1853 706/640/1861 704/641/1862
f 703/638/1853 706/640/1861 704/641/1862
f 706/640/1861 704/641/1862 703/638/1853
f 707/642/1864 703/638/1865 701/637/1866
f 707/642/1864 703/638/1865 701/637/1866
f 701/637/1866 707/642/1864 703/638/1865
f 701/637/1866 707/642/1864 703/638/1865
f 703/638/1865 701/637/1866 707/642/1864
f 703/638/1865 701/637/1866 707/642/1864
f 707/642/1864 705/643/1867 703/638/1865
f 706/640/1861 703/638/1853 705/643/1867
f 706/640/1861 703/638/1853 705/643/1867
f 703/638/1853 705/643/1867 706/640/1861
f 703/638/1853 705/643/1867 706/640/1861
f 705/643/1867 706/640/1861 703/638/1853
f 705/643/1867 706/640/1861 703/638/1853
f 703/638/1865 707/642/1864 705/643/1867
f 703/638/1865 707/642/1864 705/643/1867
f 705/643/1867 703/638/1865 707/642/1864
f 705/643/1867 703/638/1865 707/642/1864
f 707/642/1864 705/643/1867 703/638/1865
f 711/644/1868 708/645/1869 707/642/1864
f 705/643/1867 707/642/1864 708/645/1870
f 705/643/1867 707/642/1864 708/645/1870
f 707/642/1864 708/645/1870 705/643/1867
f 707/642/1864 708/645/1870 705/643/1867
f 708/645/1870 705/643/1867 707/642/1864
f 708/645/1870 705/643/1867 707/642/1864
f 707/642/1864 711/644/1868 708/645/1869
f 707/642/1864 711/644/1868 708/645/1869
f 708/645/1869 707/642/1864 711/644/1868
f 708/645/1869 707/642/1864 711/644/1868
f 711/644/1868 708/645/1869 707/642/1864
f 707/642/1864 701/637/1852 709/646/1871
f 707/642/1864 709/646/1872 710/647/1873
f 707/642/1864 709/646/1872 710/647/1873
f 710/647/1873 707/642/1864 709/646/1872
f 710/647/1873 707/642/1864 709/646/1872
f 709/646/1872 710/647/1873 707/642/1864
f 709/646/1872 710/647/1873 707/642/1864
f 709/646/1871 707/642/1864 701/637/1852
f 709/646/1871 707/642/1864 701/637/1852
f 701/637/1852 709/646/1871 707/642/1864
f 701/637/1852 709/646/1871 707/642/1864
f 707/642/1864 701/637/1852 709/646/1871
f 711/644/1868 707/642/1864 710/647/1874
f 711/644/1868 707/642/1864 710/647/1874
f 707/642/1864 710/647/1874 711/644/1868
f 707/642/1864 710/647/1874 711/644/1868
f 710/647/1874 711/644/1868 707/642/1864
f 710/647/1874 711/644/1868 707/642/1864
f 708/645/1869 711/644/1868 712/648/1875
f 713/649/1876 712/648/1875 711/644/1868
f 713/649/1876 712/648/1875 711/644/1868
f 711/644/1868 713/649/1876 712/648/1875
f 711/644/1868 713/649/1876 712/648/1875
f 712/648/1875 711/644/1868 713/649/1876
f 712/648/1875 711/644/1868 713/649/1876
f 711/644/1868 712/648/1875 708/645/1869
f 711/644/1868 712/648/1875 708/645/1869
f 712/648/1875 708/645/1869 711/644/1868
f 712/648/1875 708/645/1869 711/644/1868
f 708/645/1869 711/644/1868 712/648/1875
f 714/650/1877 713/649/1876 711/644/1868
f 714/650/1877 713/649/1876 711/644/1868
f 711/644/1868 714/650/1877 713/649/1876
f 711/644/1868 714/650/1877 713/649/1876
f 713/649/1876 711/644/1868 714/650/1877
f 713/649/1876 711/644/1868 714/650/1877
f 710/647/1878 714/650/1879 711/644/1880
f 710/647/1878 714/650/1879 711/644/1880
f 714/650/1879 711/644/1880 710/647/1878
f 714/650/1879 711/644/1880 710/647/1878
f 711/644/1880 710/647/1878 714/650/1879
f 711/644/1880 710/647/1878 714/650/1879
f 714/650/1877 710/647/1873 715/651/1881
f 715/651/1881 714/650/1877 710/647/1873
f 715/651/1881 714/650/1877 710/647/1873
f 710/647/1873 715/651/1881 714/650/1877
f 710/647/1873 715/651/1881 714/650/1877
f 714/650/1877 710/647/1873 715/651/1881
f 717/652/1882 715/651/1881 710/647/1873
f 717/652/1882 715/651/1881 710/647/1873
f 715/651/1881 710/647/1873 717/652/1882
f 715/651/1881 710/647/1873 717/652/1882
f 710/647/1873 717/652/1882 715/651/1881
f 710/647/1873 717/652/1882 715/651/1881
f 715/651/1881 717/652/1882 716/653/1883
f 716/653/1883 715/651/1881 717/652/1882
f 716/653/1883 715/651/1881 717/652/1882
f 717/652/1882 716/653/1883 715/651/1881
f 717/652/1882 716/653/1883 715/651/1881
f 715/651/1881 717/652/1882 716/653/1883
f 718/654/1884 716/653/1885 717/652/1882
f 718/654/1884 716/653/1885 717/652/1882
f 716/653/1885 717/652/1882 718/654/1884
f 716/653/1885 717/652/1882 718/654/1884
f 717/652/1882 718/654/1884 716/653/1885
f 717/652/1882 718/654/1884 716/653/1885
f 718/654/1884 717/652/1882 719/655/1886
f 717/652/1882 719/655/1886 718/654/1884
f 717/652/1882 719/655/1886 718/654/1884
f 719/655/1886 718/654/1884 717/652/1882
f 719/655/1886 718/654/1884 717/652/1882
f 718/654/1884 717/652/1882 719/655/1886
f 717/652/1882 710/647/1874 709/646/1872
f 710/647/1874 709/646/1872 717/652/1882
f 710/647/1874 709/646/1872 717/652/1882
f 709/646/1872 717/652/1882 710/647/1874
f 709/646/1872 717/652/1882 710/647/1874
f 717/652/1882 710/647/1874 709/646/1872
f 719/655/1886 717/652/1882 709/646/1872
f 709/646/1872 719/655/1886 717/652/1882
f 709/646/1872 719/655/1886 717/652/1882
f 717/652/1882 709/646/1872 719/655/1886
f 717/652/1882 709/646/1872 719/655/1886
f 719/655/1886 717/652/1882 709/646/1872
f 719/655/1886 721/656/1887 720/657/1888
f 719/655/1886 720/657/1889 718/654/1890
f 719/655/1886 720/657/1889 718/654/1890
f 718/654/1890 719/655/1886 720/657/1889
f 718/654/1890 719/655/1886 720/657/1889
f 720/657/1889 718/654/1890 719/655/1886
f 720/657/1889 718/654/1890 719/655/1886
f 720/657/1888 719/655/1886 721/656/1887
f 720/657/1888 719/655/1886 721/656/1887
f 721/656/1887 720/657/1888 719/655/1886
f 721/656/1887 720/657/1888 719/655/1886
f 719/655/1886 721/656/1887 720/657/1888
f 722/658/1891 721/656/1887 719/655/1886
f 721/656/1887 719/655/1886 722/658/1891
f 721/656/1887 719/655/1886 722/658/1891
f 719/655/1886 722/658/1891 721/656/1887
f 719/655/1886 722/658/1891 721/656/1887
f 722/658/1891 721/656/1887 719/655/1886
f 709/646/1872 722/658/1892 719/655/1886
f 719/655/1886 709/646/1872 722/658/1892
f 719/655/1886 709/646/1872 722/658/1892
f 722/658/1892 719/655/1886 709/646/1872
f 722/658/1892 719/655/1886 709/646/1872
f 709/646/1872 722/658/1892 719/655/1886
f 721/656/1893 722/658/1892 699/635/1843
f 721/656/1893 722/658/1892 699/635/1843
f 699/635/1843 721/656/1893 722/658/1892
f 699/635/1843 721/656/1893 722/658/1892
f 722/658/1892 699/635/1843 721/656/1893
f 722/658/1892 699/635/1843 721/656/1893
f 701/637/1852 699/635/1843 722/658/1891
f 699/635/1843 722/658/1891 701/637/1852
f 699/635/1843 722/658/1891 701/637/1852
f 722/658/1891 701/637/1852 699/635/1843
f 722/658/1891 701/637/1852 699/635/1843
f 701/637/1852 699/635/1843 722/658/1891
f 701/637/1852 722/658/1892 709/646/1872
f 722/658/1892 709/646/1872 701/637/1852
f 722/658/1892 709/646/1872 701/637/1852
f 709/646/1872 701/637/1852 722/658/1892
f 709/646/1872 701/637/1852 722/658/1892
f 701/637/1852 722/658/1892 709/646/1872
f 723/659/1894 720/657/1895 721/656/1887
f 723/659/1894 720/657/1895 721/656/1887
f 721/656/1887 723/659/1894 720/657/1895
f 721/656/1887 723/659/1894 720/657/1895
f 720/657/1895 721/656/1887 723/659/1894
f 720/657/1895 721/656/1887 723/659/1894
f 725/660/1896 723/659/1894 721/656/1893
f 725/660/1896 723/659/1894 721/656/1893
f 723/659/1894 721/656/1893 725/660/1896
f 723/659/1894 721/656/1893 725/660/1896
f 721/656/1893 725/660/1896 723/659/1894
f 721/656/1893 725/660/1896 723/659/1894
f 724/661/1897 721/656/1893 699/635/1854
f 724/661/1897 721/656/1893 699/635/1854
f 721/656/1893 699/635/1854 724/661/1897
f 721/656/1893 699/635/1854 724/661/1897
f 699/635/1854 724/661/1897 721/656/1893
f 699/635/1854 724/661/1897 721/656/1893
f 725/660/1898 721/656/1887 724/661/1899
f 725/660/1898 721/656/1887 724/661/1899
f 724/661/1899 725/660/1898 721/656/1887
f 724/661/1899 725/660/1898 721/656/1887
f 721/656/1887 724/661/1899 725/660/1898
f 721/656/1887 724/661/1899 725/660/1898
f 726/662/1900 727/663/1901 725/660/1896
f 724/661/1899 726/662/1902 725/660/1898
f 724/661/1899 726/662/1902 725/660/1898
f 726/662/1902 725/660/1898 724/661/1903
f 726/662/1902 725/660/1898 724/661/1903
f 725/660/1898 724/661/1899 726/662/1902
f 725/660/1898 724/661/1899 726/662/1902
f 725/660/1896 726/662/1900 727/663/1901
f 725/660/1896 726/662/1900 727/663/1901
f 727/663/1901 725/660/1896 726/662/1900
f 727/663/1901 725/660/1896 726/662/1900
f 726/662/1900 727/663/1901 725/660/1896
f 728/664/1904 725/660/1896 727/663/1905
f 728/664/1904 725/660/1896 727/663/1905
f 727/663/1905 728/664/1904 725/660/1896
f 727/663/1905 728/664/1904 725/660/1896
f 725/660/1896 727/663/1905 728/664/1904
f 725/660/1896 727/663/1905 728/664/1904
f 725/660/1896 728/664/1904 729/665/1906
f 728/664/1904 729/665/1906 725/660/1896
f 728/664/1904 729/665/1906 725/660/1896
f 729/665/1906 725/660/1896 728/664/1904
f 729/665/1906 725/660/1896 728/664/1904
f 725/660/1896 728/664/1904 729/665/1906
f 729/665/1907 723/659/1908 725/660/1898
f 729/665/1907 723/659/1908 725/660/1898
f 725/660/1898 729/665/1907 723/659/1908
f 725/660/1898 729/665/1907 723/659/1908
f 723/659/1908 725/660/1898 729/665/1907
f 723/659/1908 725/660/1898 729/665/1907
f 731/666/1909 730/667/1910 729/665/1911
f 732/668/1912 729/665/1906 730/667/1913
f 732/668/1912 729/665/1906 730/667/1913
f 729/665/1906 730/667/1913 732/668/1912
f 729/665/1906 730/667/1913 732/668/1912
f 730/667/1910 732/668/1912 729/665/1906
f 730/667/1910 732/668/1912 729/665/1906
f 729/665/1911 731/666/1909 730/667/1910
f 729/665/1911 731/666/1909 730/667/1910
f 730/667/1910 729/665/1911 731/666/1909
f 730/667/1910 729/665/1911 731/666/1909
f 731/666/1909 730/667/1910 729/665/1911
f 729/665/1907 728/664/1914 731/666/1909
f 731/666/1909 729/665/1907 728/664/1914
f 731/666/1909 729/665/1907 728/664/1914
f 728/664/1914 731/666/1909 729/665/1907
f 728/664/1914 731/666/1909 729/665/1907
f 729/665/1907 728/664/1914 731/666/1909
f 723/659/1908 729/665/1907 732/668/1912
f 723/659/1908 729/665/1907 732/668/1912
f 732/668/1912 723/659/1908 729/665/1907
f 732/668/1912 723/659/1908 729/665/1907
f 729/665/1907 732/668/1912 723/659/1908
f 729/665/1907 732/668/1912 723/659/1908
f 735/669/1915 723/659/1908 732/668/1912
f 735/669/1915 723/659/1908 732/668/1912
f 723/659/1908 732/668/1912 735/669/1915
f 723/659/1908 732/668/1912 735/669/1915
f 732/668/1912 735/669/1915 723/659/1908
f 732/668/1912 735/669/1915 723/659/1908
f 734/670/1916 732/668/1917 733/671/1918
f 730/667/1910 733/671/1918 732/668/1912
f 730/667/1910 733/671/1918 732/668/1912
f 733/671/1918 732/668/1912 730/667/1910
f 733/671/1918 732/668/1912 730/667/1910
f 732/668/1912 730/667/1910 733/671/1918
f 732/668/1912 730/667/1910 733/671/1918
f 733/671/1918 734/670/1916 732/668/1917
f 733/671/1918 734/670/1916 732/668/1917
f 732/668/1917 733/671/1918 734/670/1916
f 732/668/1917 733/671/1918 734/670/1916
f 734/670/1916 732/668/1917 733/671/1918
f 735/669/1915 732/668/1912 734/670/1916
f 732/668/1912 734/670/1916 735/669/1915
f 732/668/1912 734/670/1916 735/669/1915
f 734/670/1916 735/669/1915 732/668/1912
f 734/670/1916 735/669/1915 732/668/1912
f 735/669/1915 732/668/1912 734/670/1916
f 736/672/1919 735/669/1915 737/673/1920
f 736/672/1919 720/657/1895 735/669/1915
f 736/672/1919 720/657/1895 735/669/1915
f 720/657/1895 735/669/1915 736/672/1919
f 720/657/1895 735/669/1915 736/672/1919
f 735/669/1915 736/672/1919 720/657/1895
f 735/669/1915 736/672/1919 720/657/1895
f 735/669/1915 737/673/1920 736/672/1919
f 735/669/1915 737/673/1920 736/672/1919
f 737/673/1920 736/672/1919 735/669/1915
f 737/673/1920 736/672/1919 735/669/1915
f 736/672/1919 735/669/1915 737/673/1920
f 723/659/1894 735/669/1915 720/657/1895
f 720/657/1895 723/659/1894 735/669/1915
f 720/657/1895 723/659/1894 735/669/1915
f 735/669/1915 720/657/1895 723/659/1894
f 735/669/1915 720/657/1895 723/659/1894
f 723/659/1894 735/669/1915 720/657/1895
f 737/673/1920 735/669/1915 734/670/1916
f 734/670/1916 737/673/1920 735/669/1915
f 734/670/1916 737/673/1920 735/669/1915
f 735/669/1915 734/670/1916 737/673/1920
f 735/669/1915 734/670/1916 737/673/1920
f 737/673/1920 735/669/1915 734/670/1916
f 738/674/1921 736/672/1919 737/673/1920
f 736/672/1919 737/673/1920 738/674/1921
f 736/672/1919 737/673/1920 738/674/1921
f 737/673/1920 738/674/1921 736/672/1919
f 737/673/1920 738/674/1921 736/672/1919
f 738/674/1921 736/672/1919 737/673/1920
f 734/670/1916 738/674/1921 737/673/1920
f 737/673/1920 734/670/1916 738/674/1921
f 737/673/1920 734/670/1916 738/674/1921
f 738/674/1921 737/673/1920 734/670/1916
f 738/674/1921 737/673/1920 734/670/1916
f 734/670/1916 738/674/1921 737/673/1920
f 738/674/1921 740/675/1922 736/672/1919
f 738/674/1921 740/675/1922 736/672/1919
f 740/675/1922 736/672/1919 738/674/1921
f 740/675/1922 736/672/1919 738/674/1921
f 736/672/1919 738/674/1921 740/675/1922
f 736/672/1919 738/674/1921 740/675/1922
f 740/675/1923 738/674/1921 739/676/1924
f 741/677/1925 739/676/1924 738/674/1921
f 741/677/1925 739/676/1924 738/674/1921
f 739/676/1924 738/674/1921 741/677/1925
f 739/676/1924 738/674/1921 741/677/1925
f 738/674/1921 741/677/1925 739/676/1924
f 738/674/1921 741/677/1925 739/676/1924
f 739/676/1924 740/675/1923 738/674/1921
f 739/676/1924 740/675/1923 738/674/1921
f 738/674/1921 739/676/1924 740/675/1923
f 738/674/1921 739/676/1924 740/675/1923
f 740/675/1923 738/674/1921 739/676/1924
f 741/677/1925 738/674/1921 734/670/1916
f 738/674/1921 734/670/1916 741/677/1925
f 738/674/1921 734/670/1916 741/677/1925
f 734/670/1916 741/677/1925 738/674/1921
f 734/670/1916 741/677/1925 738/674/1921
f 741/677/1925 738/674/1921 734/670/1916
f 743/678/1926 739/676/1927 741/677/1925
f 743/678/1926 739/676/1927 741/677/1925
f 741/677/1925 743/678/1926 739/676/1927
f 741/677/1925 743/678/1926 739/676/1927
f 739/676/1927 741/677/1925 743/678/1926
f 739/676/1927 741/677/1925 743/678/1926
f 742/679/1928 741/677/1925 733/671/1918
f 742/679/1929 743/678/1926 741/677/1925
f 742/679/1929 743/678/1926 741/677/1925
f 743/678/1926 741/677/1925 742/679/1929
f 743/678/1926 741/677/1925 742/679/1929
f 741/677/1925 742/679/1929 743/678/1926
f 741/677/1925 742/679/1929 743/678/1926
f 741/677/1925 733/671/1918 742/679/1928
f 741/677/1925 733/671/1918 742/679/1928
f 733/671/1918 742/679/1928 741/677/1925
f 733/671/1918 742/679/1928 741/677/1925
f 742/679/1928 741/677/1925 733/671/1918
f 734/670/1916 733/671/1918 741/677/1925
f 734/670/1916 733/671/1918 741/677/1925
f 741/677/1925 734/670/1916 733/671/1918
f 741/677/1925 734/670/1916 733/671/1918
f 733/671/1918 741/677/1925 734/670/1916
f 733/671/1918 741/677/1925 734/670/1916
f 745/680/1930 744/681/1931 743/678/1932
f 739/676/1927 743/678/1932 744/681/1933
f 739/676/1927 743/678/1932 744/681/1933
f 744/681/1933 739/676/1927 743/678/1932
f 744/681/1933 739/676/1927 743/678/1932
f 743/678/1932 744/681/1933 739/676/1927
f 743/678/1932 744/681/1933 739/676/1927
f 744/681/1931 743/678/1932 745/680/1930
f 744/681/1931 743/678/1932 745/680/1930
f 743/678/1932 745/680/1930 744/681/1931
f 743/678/1932 745/680/1930 744/681/1931
f 745/680/1930 744/681/1931 743/678/1932
f 746/682/1934 745/680/1930 743/678/1926
f 743/678/1926 746/682/1934 745/680/1930
f 743/678/1926 746/682/1934 745/680/1930
f 745/680/1930 743/678/1926 746/682/1934
f 745/680/1930 743/678/1926 746/682/1934
f 746/682/1934 745/680/1930 743/678/1926
f 743/678/1926 742/679/1928 746/682/1934
f 746/682/1934 743/678/1926 742/679/1928
f 746/682/1934 743/678/1926 742/679/1928
f 742/679/1928 746/682/1934 743/678/1926
f 742/679/1928 746/682/1934 743/678/1926
f 743/678/1926 742/679/1928 746/682/1934
f 748/683/1935 745/680/1936 746/682/1937
f 745/680/1936 746/682/1934 748/683/1935
f 745/680/1936 746/682/1934 748/683/1935
f 746/682/1937 748/683/1935 745/680/1936
f 746/682/1937 748/683/1935 745/680/1936
f 748/683/1935 745/680/1936 746/682/1937
f 742/679/1928 747/684/1938 746/682/1934
f 750/685/1939 746/682/1934 747/684/1940
f 750/685/1939 746/682/1934 747/684/1940
f 747/684/1940 750/685/1939 746/682/1934
f 747/684/1940 750/685/1939 746/682/1934
f 746/682/1934 747/684/1940 750/685/1939
f 746/682/1934 747/684/1940 750/685/1939
f 747/684/1938 746/682/1934 742/679/1928
f 747/684/1938 746/682/1934 742/679/1928
f 746/682/1934 742/679/1928 747/684/1938
f 746/682/1934 742/679/1928 747/684/1938
f 742/679/1928 747/684/1938 746/682/1934
f 749/686/1941 748/683/1935 746/682/1934
f 746/682/1934 749/686/1941 748/683/1935
f 746/682/1934 749/686/1941 748/683/1935
f 748/683/1935 746/682/1934 749/686/1941
f 748/683/1935 746/682/1934 749/686/1941
f 749/686/1941 748/683/1935 746/682/1934
f 750/685/1939 749/686/1942 746/682/1943
f 746/682/1943 750/685/1939 749/686/1942
f 746/682/1943 750/685/1939 749/686/1942
f 749/686/1942 746/682/1943 750/685/1939
f 749/686/1942 746/682/1943 750/685/1939
f 750/685/1939 749/686/1942 746/682/1943
f 750/685/1939 752/687/1944 751/688/1945
f 750/685/1939 751/688/1945 753/689/1946
f 750/685/1939 751/688/1945 753/689/1946
f 753/689/1946 750/685/1939 751/688/1945
f 753/689/1946 750/685/1939 751/688/1945
f 751/688/1945 753/689/1946 750/685/1939
f 751/688/1945 753/689/1946 750/685/1939
f 751/688/1945 750/685/1939 752/687/1944
f 751/688/1945 750/685/1939 752/687/1944
f 752/687/1944 751/688/1945 750/685/1939
f 752/687/1944 751/688/1945 750/685/1939
f 750/685/1939 752/687/1944 751/688/1945
f 747/684/1938 752/687/1947 750/685/1939
f 752/687/1947 750/685/1939 747/684/1938
f 752/687/1947 750/685/1939 747/684/1938
f 750/685/1939 747/684/1938 752/687/1947
f 750/685/1939 747/684/1938 752/687/1947
f 747/684/1938 752/687/1947 750/685/1939
f 749/686/1941 750/685/1939 753/689/1946
f 749/686/1941 750/685/1939 753/689/1946
f 750/685/1939 753/689/1946 749/686/1941
f 750/685/1939 753/689/1946 749/686/1941
f 753/689/1946 749/686/1941 750/685/1939
f 753/689/1946 749/686/1941 750/685/1939
f 755/690/1948 754/691/1949 753/689/1950
f 749/686/1951 753/689/1950 754/691/1949
f 749/686/1951 753/689/1950 754/691/1949
f 754/691/1949 749/686/1951 753/689/1950
f 754/691/1949 749/686/1951 753/689/1950
f 753/689/1950 754/691/1949 749/686/1951
f 753/689/1950 754/691/1949 749/686/1951
f 754/691/1949 753/689/1950 755/690/1948
f 754/691/1949 753/689/1950 755/690/1948
f 753/689/1950 755/690/1948 754/691/1949
f 753/689/1950 755/690/1948 754/691/1949
f 755/690/1948 754/691/1949 753/689/1950
f 755/690/1952 753/689/1950 758/692/1953
f 753/689/1950 758/692/1953 755/690/1952
f 753/689/1950 758/692/1953 755/690/1952
f 758/692/1953 755/690/1952 753/689/1950
f 758/692/1953 755/690/1952 753/689/1950
f 755/690/1952 753/689/1950 758/692/1953
f 753/689/1950 751/688/1945 756/693/1954
f 751/688/1945 756/693/1954 753/689/1950
f 751/688/1945 756/693/1954 753/689/1950
f 756/693/1954 753/689/1950 751/688/1945
f 756/693/1954 753/689/1950 751/688/1945
f 753/689/1950 751/688/1945 756/693/1954
f 757/694/1955 753/689/1950 756/693/1956
f 756/693/1956 757/694/1955 753/689/1950
f 756/693/1956 757/694/1955 753/689/1950
f 753/689/1950 756/693/1956 757/694/1955
f 753/689/1950 756/693/1956 757/694/1955
f 757/694/1955 753/689/1950 756/693/1956
f 758/692/1957 753/689/1950 757/694/1958
f 757/694/1958 758/692/1957 753/689/1950
f 757/694/1958 758/692/1957 753/689/1950
f 753/689/1950 757/694/1958 758/692/1957
f 753/689/1950 757/694/1958 758/692/1957
f 758/692/1957 753/689/1950 757/694/1958
f 758/695/1959 761/696/1960 759/697/1961
f 758/692/1959 759/698/1961 755/690/1948
f 758/692/1959 759/698/1961 755/690/1948
f 755/690/1948 758/692/1959 759/698/1961
f 755/690/1948 758/692/1959 759/698/1961
f 759/698/1961 755/690/1948 758/692/1959
f 759/698/1961 755/690/1948 758/692/1959
f 759/697/1961 758/695/1959 761/696/1960
f 759/697/1961 758/695/1959 761/696/1960
f 761/696/1960 759/697/1961 758/695/1959
f 761/696/1960 759/697/1961 758/695/1959
f 758/695/1959 761/696/1960 759/697/1961
f 757/699/1962 760/700/1963 758/695/1964
f 761/696/1960 758/695/1965 760/700/1966
f 761/696/1960 758/695/1965 760/700/1966
f 758/695/1965 760/700/1966 761/696/1960
f 758/695/1965 760/700/1966 761/696/1960
f 760/700/1966 761/696/1960 758/695/1965
f 760/700/1966 761/696/1960 758/695/1965
f 758/695/1964 757/699/1962 760/700/1963
f 758/695/1964 757/699/1962 760/700/1963
f 760/700/1963 758/695/1964 757/699/1962
f 760/700/1963 758/695/1964 757/699/1962
f 757/699/1962 760/700/1963 758/695/1964
f 762/701/1967 761/696/1960 760/700/1966
f 762/701/1967 761/696/1960 760/700/1966
f 760/700/1966 762/701/1967 761/696/1960
f 760/700/1966 762/701/1967 761/696/1960
f 761/696/1960 760/700/1966 762/701/1968
f 761/696/1960 760/700/1966 762/701/1968
f 762/701/1968 759/697/1961 761/696/1960
f 762/701/1968 759/697/1961 761/696/1960
f 759/697/1961 761/696/1960 762/701/1968
f 759/697/1961 761/696/1960 762/701/1968
f 761/696/1960 762/701/1968 759/697/1961
f 761/696/1960 762/701/1968 759/697/1961
f 760/700/1966 763/702/1969 762/701/1967
f 764/703/1970 762/701/1968 763/702/1969
f 764/703/1970 762/701/1968 763/702/1969
f 763/702/1969 764/703/1970 762/701/1968
f 763/702/1969 764/703/1970 762/701/1968
f 762/701/1968 763/702/1969 764/703/1970
f 762/701/1968 763/702/1969 764/703/1970
f 763/702/1969 762/701/1967 760/700/1966
f 763/702/1969 762/701/1967 760/700/1966
f 762/701/1967 760/700/1966 763/702/1969
f 762/701/1967 760/700/1966 763/702/1969
f 760/700/1966 763/702/1969 762/701/1967
f 762/701/1968 764/703/1970 765/704/1971
f 764/703/1970 765/704/1971 762/701/1968
f 764/703/1970 765/704/1971 762/701/1968
f 765/704/1971 762/701/1968 764/703/1970
f 765/704/1971 762/701/1968 764/703/1970
f 762/701/1968 764/703/1970 765/704/1971
f 765/704/1972 759/697/1973 762/701/1968
f 765/704/1972 759/697/1973 762/701/1968
f 762/701/1968 765/704/1972 759/697/1973
f 762/701/1968 765/704/1972 759/697/1973
f 759/697/1973 762/701/1968 765/704/1972
f 759/697/1973 762/701/1968 765/704/1972
f 765/704/1974 764/703/1970 766/705/1975
f 765/706/1976 766/707/1977 768/708/1978
f 765/706/1976 766/707/1977 768/708/1978
f 768/708/1978 765/706/1976 766/707/1977
f 768/708/1978 765/706/1976 766/707/1977
f 766/707/1977 768/708/1978 765/706/1976
f 766/707/1977 768/708/1978 765/706/1976
f 766/705/1975 765/704/1974 764/703/1970
f 766/705/1975 765/704/1974 764/703/1970
f 764/703/1970 766/705/1975 765/704/1974
f 764/703/1970 766/705/1975 765/704/1974
f 765/704/1974 764/703/1970 766/705/1975
f 759/698/1961 765/706/1974 767/709/1979
f 759/698/1961 765/706/1974 767/709/1979
f 767/709/1979 759/698/1961 765/706/1974
f 767/709/1979 759/698/1961 765/706/1974
f 765/706/1974 767/709/1979 759/698/1961
f 765/706/1974 767/709/1979 759/698/1961
f 768/708/1978 767/709/1979 765/706/1980
f 767/709/1979 765/706/1980 768/708/1978
f 767/709/1979 765/706/1980 768/708/1978
f 765/706/1980 768/708/1978 767/709/1979
f 765/706/1980 768/708/1978 767/709/1979
f 768/708/1978 767/709/1979 765/706/1980
f 771/710/1981 769/711/1982 768/708/1978
f 767/709/1979 768/708/1978 769/711/1983
f 767/709/1979 768/708/1978 769/711/1983
f 769/711/1983 767/709/1979 768/708/1978
f 769/711/1983 767/709/1979 768/708/1978
f 768/708/1978 769/711/1983 767/709/1979
f 768/708/1978 769/711/1983 767/709/1979
f 768/708/1978 771/710/1981 769/711/1982
f 768/708/1978 771/710/1981 769/711/1982
f 769/711/1982 768/708/1978 771/710/1981
f 769/711/1982 768/708/1978 771/710/1981
f 771/710/1981 769/711/1982 768/708/1978
f 770/712/1984 768/708/1978 766/707/1985
f 766/707/1985 770/712/1984 768/708/1978
f 766/707/1985 770/712/1984 768/708/1978
f 768/708/1978 766/707/1985 770/712/1984
f 768/708/1978 766/707/1985 770/712/1984
f 770/712/1984 768/708/1978 766/707/1985
f 771/710/1981 768/708/1978 770/712/1984
f 768/708/1978 770/712/1984 771/710/1981
f 768/708/1978 770/712/1984 771/710/1981
f 770/712/1984 771/710/1981 768/708/1978
f 770/712/1984 771/710/1981 768/708/1978
f 771/710/1981 768/708/1978 770/712/1984
f 772/713/1986 769/711/1987 771/710/1981
f 769/711/1987 771/710/1981 772/713/1986
f 769/711/1987 771/710/1981 772/713/1986
f 771/710/1981 772/713/1986 769/711/1987
f 771/710/1981 772/713/1986 769/711/1987
f 772/713/1986 769/711/1987 771/710/1981
f 773/714/1988 772/713/1989 771/710/1981
f 771/710/1981 773/714/1988 772/713/1989
f 771/710/1981 773/714/1988 772/713/1989
f 772/713/1989 771/710/1981 773/714/1988
f 772/713/1989 771/710/1981 773/714/1988
f 773/714/1988 772/713/1989 771/710/1981
f 773/714/1990 771/710/1981 774/715/1991
f 771/710/1981 774/715/1991 773/714/1990
f 771/710/1981 774/715/1991 773/714/1990
f 774/715/1991 773/714/1990 771/710/1981
f 774/715/1991 773/714/1990 771/710/1981
f 773/714/1990 771/710/1981 774/715/1991
f 774/715/1991 771/710/1981 770/712/1984
f 770/712/1984 774/715/1991 771/710/1981
f 770/712/1984 774/715/1991 771/710/1981
f 771/710/1981 770/712/1984 774/715/1991
f 771/710/1981 770/712/1984 774/715/1991
f 774/715/1991 771/710/1981 770/712/1984
f 776/716/1992 775/717/1993 774/715/1991
f 777/718/1994 774/715/1991 775/717/1993
f 777/718/1994 774/715/1991 775/717/1993
f 775/717/1993 777/718/1994 774/715/1991
f 775/717/1993 777/718/1994 774/715/1991
f 774/715/1991 775/717/1993 777/718/1994
f 774/715/1991 775/717/1993 777/718/1994
f 775/717/1993 774/715/1991 776/716/1992
f 775/717/1993 774/715/1991 776/716/1992
f 774/715/1991 776/716/1992 775/717/1993
f 774/715/1991 776/716/1992 775/717/1993
f 776/716/1992 775/717/1993 774/715/1991
f 770/712/1984 776/716/1992 774/715/1991
f 774/715/1991 770/712/1984 776/716/1992
f 774/715/1991 770/712/1984 776/716/1992
f 776/716/1992 774/715/1991 770/712/1984
f 776/716/1992 774/715/1991 770/712/1984
f 770/712/1984 776/716/1992 774/715/1991
f 777/718/1994 773/714/1990 774/715/1991
f 774/715/1991 777/718/1994 773/714/1990
f 774/715/1991 777/718/1994 773/714/1990
f 773/714/1990 774/715/1991 777/718/1994
f 773/714/1990 774/715/1991 777/718/1994
f 777/718/1994 773/714/1990 774/715/1991
f 778/719/1995 777/718/1994 775/717/1993
f 778/719/1995 777/718/1994 775/717/1993
f 775/717/1993 778/719/1995 777/718/1994
f 775/717/1993 778/719/1995 777/718/1994
f 777/718/1994 775/717/1993 778/719/1995
f 777/718/1994 775/717/1993 778/719/1995
f 777/718/1994 778/719/1995 773/714/1990
f 777/718/1994 778/719/1995 773/714/1990
f 773/714/1990 777/718/1994 778/719/1995
f 773/714/1990 777/718/1994 778/719/1995
f 778/719/1995 773/714/1990 777/718/1994
f 778/719/1995 773/714/1990 777/718/1994
f 780/720/1996 778/719/1995 775/717/1993
f 780/720/1996 778/719/1995 775/717/1993
f 778/719/1995 775/717/1993 780/720/1996
f 778/719/1995 775/717/1993 780/720/1996
f 775/717/1993 780/720/1996 778/719/1995
f 775/717/1993 780/720/1996 778/719/1995
f 781/721/1997 779/722/1998 778/719/1995
f 773/714/1990 778/719/1995 779/722/1999
f 773/714/1990 778/719/1995 779/722/1999
f 778/719/1995 779/722/1999 773/714/1990
f 778/719/1995 779/722/1999 773/714/1990
f 779/722/1999 773/714/1990 778/719/1995
f 779/722/1999 773/714/1990 778/719/1995
f 778/719/1995 781/721/1997 779/722/1998
f 778/719/1995 781/721/1997 779/722/1998
f 779/722/1998 778/719/1995 781/721/1997
f 779/722/1998 778/719/1995 781/721/1997
f 781/721/1997 779/722/1998 778/719/1995
f 781/721/1997 778/719/1995 780/720/2000
f 781/721/1997 778/719/1995 780/720/2000
f 780/720/2000 781/721/1997 778/719/1995
f 780/720/2000 781/721/1997 778/719/1995
f 778/719/1995 780/720/2000 781/721/1997
f 778/719/1995 780/720/2000 781/721/1997
f 784/723/2001 779/722/1998 781/721/1997
f 784/723/2001 779/722/1998 781/721/1997
f 779/722/1998 781/721/1997 784/723/2001
f 779/722/1998 781/721/1997 784/723/2001
f 781/721/1997 784/723/2001 779/722/1998
f 781/721/1997 784/723/2001 779/722/1998
f 781/721/1997 782/724/2002 786/725/2003
f 783/726/2004 782/724/2002 781/721/1997
f 783/726/2004 782/724/2002 781/721/1997
f 782/724/2002 781/721/1997 783/726/2004
f 782/724/2002 781/721/1997 783/726/2004
f 781/721/1997 783/726/2004 782/724/2002
f 781/721/1997 783/726/2004 782/724/2002
f 782/724/2002 786/725/2003 781/721/1997
f 782/724/2002 786/725/2003 781/721/1997
f 786/725/2003 781/721/1997 782/724/2002
f 786/725/2003 781/721/1997 782/724/2002
f 781/721/1997 782/724/2002 786/725/2003
f 780/720/2000 783/726/2005 781/721/1997
f 781/721/1997 780/720/2000 783/726/2005
f 781/721/1997 780/720/2000 783/726/2005
f 783/726/2005 781/721/1997 780/720/2000
f 783/726/2005 781/721/1997 780/720/2000
f 780/720/2000 783/726/2005 781/721/1997
f 785/727/2006 784/723/2007 781/721/1997
f 781/721/1997 785/727/2006 784/723/2007
f 781/721/1997 785/727/2006 784/723/2007
f 784/723/2007 781/721/1997 785/727/2006
f 784/723/2007 781/721/1997 785/727/2006
f 785/727/2006 784/723/2007 781/721/1997
f 785/727/2006 781/721/1997 786/725/2003
f 781/721/1997 786/725/2003 785/727/2006
f 781/721/1997 786/725/2003 785/727/2006
f 786/725/2003 785/727/2006 781/721/1997
f 786/725/2003 785/727/2006 781/721/1997
f 785/727/2006 781/721/1997 786/725/2003
f 787/728/2008 786/725/2003 782/724/2002
f 787/728/2008 786/725/2003 782/724/2002
f 782/724/2002 787/728/2008 786/725/2003
f 782/724/2002 787/728/2008 786/725/2003
f 786/725/2003 782/724/2002 787/728/2008
f 786/725/2003 782/724/2002 787/728/2008
f 788/729/2009 785/727/2006 786/725/2003
f 786/725/2003 788/729/2009 785/727/2006
f 786/725/2003 788/729/2009 785/727/2006
f 785/727/2006 786/725/2003 788/729/2009
f 785/727/2006 786/725/2003 788/729/2009
f 788/729/2009 785/727/2006 786/725/2003
f 786/725/2003 787/728/2010 789/730/2011
f 786/725/2003 787/728/2010 789/730/2011
f 789/730/2011 786/725/2003 787/728/2012
f 789/730/2011 786/725/2003 787/728/2012
f 787/728/2012 789/730/2011 786/725/2003
f 787/728/2012 789/730/2011 786/725/2003
f 788/729/2013 786/725/2003 789/730/2011
f 788/729/2013 786/725/2003 789/730/2011
f 789/730/2011 788/729/2013 786/725/2003
f 789/730/2011 788/729/2013 786/725/2003
f 786/725/2003 789/730/2011 788/729/2013
f 786/725/2003 789/730/2011 788/729/2013
f 790/731/2014 789/730/2011 787/728/2012
f 790/731/2014 788/729/2013 789/730/2011
f 790/731/2014 788/729/2013 789/730/2011
f 788/729/2013 789/730/2011 790/731/2014
f 788/729/2013 789/730/2011 790/731/2014
f 789/730/2011 790/731/2014 788/729/2013
f 789/730/2011 790/731/2014 788/729/2013
f 789/730/2011 787/728/2012 790/731/2014
f 789/730/2011 787/728/2012 790/731/2014
f 787/728/2012 790/731/2014 789/730/2011
f 787/728/2012 790/731/2014 789/730/2011
f 790/731/2014 789/730/2011 787/728/2012
f 790/731/2014 791/732/2015 792/733/2016
f 790/731/2014 794/734/2017 791/732/2018
f 790/731/2014 794/734/2017 791/732/2018
f 794/734/2017 791/732/2018 790/731/2014
f 794/734/2017 791/732/2018 790/731/2014
f 791/732/2018 790/731/2014 794/734/2017
f 791/732/2018 790/731/2014 794/734/2017
f 791/732/2015 792/733/2016 790/731/2014
f 791/732/2015 792/733/2016 790/731/2014
f 792/733/2016 790/731/2014 791/732/2015
f 792/733/2016 790/731/2014 791/732/2015
f 790/731/2014 791/732/2015 792/733/2016
f 792/733/2016 788/729/2009 790/731/2014
f 792/733/2016 788/729/2009 790/731/2014
f 790/731/2014 792/733/2016 788/729/2009
f 790/731/2014 792/733/2016 788/729/2009
f 788/729/2009 790/731/2014 792/733/2016
f 788/729/2009 790/731/2014 792/733/2016
f 795/735/2019 790/731/2014 787/728/2008
f 787/728/2008 795/735/2019 790/731/2014
f 787/728/2008 795/735/2019 790/731/2014
f 790/731/2014 787/728/2008 795/735/2019
f 790/731/2014 787/728/2008 795/735/2019
f 795/735/2019 790/731/2014 787/728/2008
f 794/734/2017 790/731/2014 793/736/2020
f 795/735/2019 793/736/2021 790/731/2014
f 795/735/2019 793/736/2021 790/731/2014
f 793/736/2021 790/731/2014 795/735/2019
f 793/736/2021 790/731/2014 795/735/2019
f 790/731/2014 795/735/2019 793/736/2021
f 790/731/2014 795/735/2019 793/736/2021
f 793/736/2020 794/734/2017 790/731/2014
f 793/736/2020 794/734/2017 790/731/2014
f 790/731/2014 793/736/2020 794/734/2017
f 790/731/2014 793/736/2020 794/734/2017
f 794/734/2017 790/731/2014 793/736/2020
f 787/728/2022 796/737/2023 795/735/2024
f 793/736/2021 795/735/2019 796/737/2023
f 793/736/2021 795/735/2019 796/737/2023
f 796/737/2023 793/736/2021 795/735/2019
f 796/737/2023 793/736/2021 795/735/2019
f 795/735/2019 796/737/2023 793/736/2021
f 795/735/2019 796/737/2023 793/736/2021
f 795/735/2024 787/728/2022 796/737/2023
f 795/735/2024 787/728/2022 796/737/2023
f 796/737/2025 795/735/2024 787/728/2022
f 796/737/2025 795/735/2024 787/728/2022
f 787/728/2022 796/737/2023 795/735/2024
f 782/724/2002 783/726/2005 796/737/2023
f 798/738/2026 796/737/2023 783/726/2005
f 798/738/2026 796/737/2023 783/726/2005
f 796/737/2023 783/726/2005 798/738/2026
f 796/737/2023 783/726/2005 798/738/2026
f 783/726/2005 798/738/2026 796/737/2023
f 783/726/2005 798/738/2026 796/737/2023
f 796/737/2023 782/724/2002 783/726/2005
f 796/737/2023 782/724/2002 783/726/2005
f 783/726/2005 796/737/2023 782/724/2002
f 783/726/2005 796/737/2023 782/724/2002
f 782/724/2002 783/726/2005 796/737/2023
f 782/724/2002 796/737/2023 787/728/2008
f 796/737/2023 787/728/2008 782/724/2002
f 796/737/2023 787/728/2008 782/724/2002
f 787/728/2008 782/724/2002 796/737/2023
f 787/728/2008 782/724/2002 796/737/2023
f 782/724/2002 796/737/2023 787/728/2008
f 797/739/2027 793/736/2021 796/737/2023
f 797/739/2027 793/736/2021 796/737/2023
f 793/736/2021 796/737/2023 797/739/2027
f 793/736/2021 796/737/2023 797/739/2027
f 796/737/2023 797/739/2027 793/736/2021
f 796/737/2023 797/739/2027 793/736/2021
f 797/739/2027 796/737/2025 798/738/2026
f 797/739/2027 796/737/2025 798/738/2026
f 798/738/2026 797/739/2027 796/737/2025
f 798/738/2026 797/739/2027 796/737/2025
f 796/737/2025 798/738/2026 797/739/2027
f 796/737/2025 798/738/2026 797/739/2027
f 799/740/2028 797/739/2029 798/738/2030
f 799/740/2028 797/739/2029 798/738/2030
f 797/739/2029 798/738/2030 799/740/2028
f 797/739/2029 798/738/2030 799/740/2028
f 798/738/2030 799/740/2028 797/739/2029
f 798/738/2030 799/740/2028 797/739/2029
f 799/740/2028 798/738/2026 800/741/2031
f 798/738/2026 800/741/2032 799/740/2028
f 798/738/2026 800/741/2032 799/740/2028
f 800/741/2032 799/740/2028 798/738/2026
f 800/741/2032 799/740/2028 798/738/2026
f 799/740/2028 798/738/2026 800/741/2031
f 798/738/2026 783/726/2005 780/720/2000
f 783/726/2005 780/720/2000 798/738/2026
f 783/726/2005 780/720/2000 798/738/2026
f 780/720/2000 798/738/2026 783/726/2005
f 780/720/2000 798/738/2026 783/726/2005
f 798/738/2026 783/726/2005 780/720/2000
f 800/741/2031 798/738/2026 780/720/2033
f 780/720/2033 800/741/2031 798/738/2026
f 780/720/2033 800/741/2031 798/738/2026
f 798/738/2026 780/720/2033 800/741/2031
f 798/738/2026 780/720/2033 800/741/2031
f 800/741/2031 798/738/2026 780/720/2033
f 780/720/2000 801/742/2034 800/741/2031
f 800/741/2031 780/720/2000 801/742/2034
f 800/741/2031 780/720/2000 801/742/2034
f 801/742/2034 800/741/2031 780/720/2000
f 801/742/2034 800/741/2031 780/720/2000
f 780/720/2000 801/742/2034 800/741/2031
f 802/743/2035 800/741/2036 801/742/2034
f 802/743/2035 800/741/2036 801/742/2034
f 801/742/2034 802/743/2035 800/741/2036
f 801/742/2034 802/743/2035 800/741/2036
f 800/741/2036 801/742/2034 802/743/2035
f 800/741/2036 801/742/2034 802/743/2035
f 802/743/2035 799/740/2028 800/741/2031
f 800/741/2031 802/743/2035 799/740/2028
f 800/741/2031 802/743/2035 799/740/2028
f 799/740/2028 800/741/2031 802/743/2035
f 799/740/2028 800/741/2031 802/743/2035
f 802/743/2035 799/740/2028 800/741/2031
f 801/742/2034 803/744/2037 802/743/2035
f 802/743/2035 803/744/2037 804/745/2038
f 802/743/2035 803/744/2037 804/745/2038
f 804/745/2038 802/743/2035 803/744/2037
f 804/745/2038 802/743/2035 803/744/2037
f 803/744/2037 804/745/2038 802/743/2035
f 803/744/2037 804/745/2038 802/743/2035
f 803/744/2037 802/743/2035 801/742/2034
f 803/744/2037 802/743/2035 801/742/2034
f 802/743/2035 801/742/2034 803/744/2037
f 802/743/2035 801/742/2034 803/744/2037
f 801/742/2034 803/744/2037 802/743/2035
f 805/746/2039 802/743/2035 804/745/2038
f 805/746/2039 802/743/2035 804/745/2038
f 802/743/2035 804/745/2038 805/746/2039
f 802/743/2035 804/745/2038 805/746/2039
f 804/745/2038 805/746/2039 802/743/2035
f 804/745/2038 805/746/2039 802/743/2035
f 806/747/2040 802/743/2041 805/746/2039
f 806/747/2040 802/743/2041 805/746/2039
f 805/746/2039 806/747/2040 802/743/2041
f 805/746/2039 806/747/2040 802/743/2041
f 802/743/2041 805/746/2039 806/747/2040
f 802/743/2041 805/746/2039 806/747/2040
f 802/743/2035 806/747/2042 807/748/2043
f 802/743/2035 806/747/2042 807/748/2043
f 807/748/2043 802/743/2035 806/747/2042
f 807/748/2043 802/743/2035 806/747/2042
f 806/747/2042 807/748/2043 802/743/2035
f 806/747/2042 807/748/2043 802/743/2035
f 807/748/2043 799/740/2028 802/743/2035
f 799/740/2028 802/743/2035 807/748/2043
f 799/740/2028 802/743/2035 807/748/2043
f 802/743/2035 807/748/2043 799/740/2028
f 802/743/2035 807/748/2043 799/740/2028
f 807/748/2043 799/740/2028 802/743/2035
f 810/749/2044 807/748/2043 808/750/2045
f 809/751/2046 808/750/2045 807/748/2043
f 809/751/2046 808/750/2045 807/748/2043
f 808/750/2045 807/748/2043 809/751/2046
f 808/750/2045 807/748/2043 809/751/2046
f 807/748/2043 809/751/2046 808/750/2045
f 807/748/2043 809/751/2046 808/750/2045
f 808/750/2045 810/749/2044 807/748/2043
f 808/750/2045 810/749/2044 807/748/2043
f 807/748/2043 808/750/2045 810/749/2044
f 807/748/2043 808/750/2045 810/749/2044
f 810/749/2044 807/748/2043 808/750/2045
f 809/751/2046 807/748/2043 806/747/2042
f 807/748/2043 806/747/2042 809/751/2046
f 807/748/2043 806/747/2042 809/751/2046
f 806/747/2042 809/751/2046 807/748/2043
f 806/747/2042 809/751/2046 807/748/2043
f 809/751/2046 807/748/2043 806/747/2042
f 799/740/2028 807/748/2043 810/749/2044
f 807/748/2043 810/749/2044 799/740/2028
f 807/748/2043 810/749/2044 799/740/2028
f 810/749/2044 799/740/2028 807/748/2043
f 810/749/2044 799/740/2028 807/748/2043
f 799/740/2028 807/748/2043 810/749/2044
f 797/739/2027 799/740/2028 810/749/2044
f 810/749/2044 797/739/2027 799/740/2028
f 810/749/2044 797/739/2027 799/740/2028
f 799/740/2028 810/749/2044 797/739/2027
f 799/740/2028 810/749/2044 797/739/2027
f 797/739/2027 799/740/2028 810/749/2044
f 797/739/2029 810/749/2047 794/734/2017
f 810/749/2047 794/734/2017 797/739/2029
f 810/749/2047 794/734/2017 797/739/2029
f 794/734/2017 797/739/2029 810/749/2047
f 794/734/2017 797/739/2029 810/749/2047
f 797/739/2029 810/749/2047 794/734/2017
f 794/734/2017 810/749/2047 811/752/2048
f 808/750/2045 811/752/2049 810/749/2044
f 808/750/2045 811/752/2049 810/749/2044
f 811/752/2049 810/749/2044 808/750/2045
f 811/752/2049 810/749/2044 808/750/2045
f 810/749/2044 808/750/2045 811/752/2049
f 810/749/2044 808/750/2045 811/752/2049
f 811/752/2048 794/734/2017 810/749/2047
f 811/752/2048 794/734/2017 810/749/2047
f 810/749/2047 811/752/2048 794/734/2017
f 810/749/2047 811/752/2048 794/734/2017
f 794/734/2017 810/749/2047 811/752/2048
f 813/753/2050 811/752/2048 808/750/2045
f 813/753/2050 811/752/2048 808/750/2045
f 808/750/2045 813/753/2050 811/752/2048
f 808/750/2045 813/753/2050 811/752/2048
f 811/752/2048 808/750/2045 813/753/2050
f 811/752/2048 808/750/2045 813/753/2050
f 811/752/2049 791/732/2015 794/734/2017
f 794/734/2017 811/752/2049 791/732/2015
f 794/734/2017 811/752/2049 791/732/2015
f 791/732/2015 794/734/2017 811/752/2049
f 791/732/2015 794/734/2017 811/752/2049
f 811/752/2049 791/732/2015 794/734/2017
f 812/754/2051 791/732/2015 811/752/2049
f 791/732/2015 811/752/2049 812/754/2051
f 791/732/2015 811/752/2049 812/754/2051
f 811/752/2049 812/754/2051 791/732/2015
f 811/752/2049 812/754/2051 791/732/2015
f 812/754/2051 791/732/2015 811/752/2049
f 813/753/2052 812/754/2053 811/752/2049
f 811/752/2049 813/753/2052 812/754/2053
f 811/752/2049 813/753/2052 812/754/2053
f 812/754/2053 811/752/2049 813/753/2052
f 812/754/2053 811/752/2049 813/753/2052
f 813/753/2052 812/754/2053 811/752/2049
f 808/750/2045 814/755/2054 813/753/2052
f 779/722/2055 813/753/2052 814/755/2054
f 779/722/2055 813/753/2052 814/755/2054
f 814/755/2054 779/722/2055 813/753/2052
f 814/755/2054 779/722/2055 813/753/2052
f 813/753/2052 814/755/2054 779/722/2055
f 813/753/2052 814/755/2054 779/722/2055
f 814/755/2056 813/753/2052 808/750/2045
f 814/755/2056 813/753/2052 808/750/2045
f 813/753/2052 808/750/2045 814/755/2056
f 813/753/2052 808/750/2045 814/755/2056
f 808/750/2045 814/755/2054 813/753/2052
f 779/722/1998 784/723/2001 813/753/2052
f 813/753/2052 779/722/1998 784/723/2001
f 813/753/2052 779/722/1998 784/723/2001
f 784/723/2001 813/753/2052 779/722/1998
f 784/723/2001 813/753/2052 779/722/1998
f 779/722/1998 784/723/2001 813/753/2052
f 784/723/2001 812/754/2051 813/753/2052
f 812/754/2051 813/753/2052 784/723/2001
f 812/754/2051 813/753/2052 784/723/2001
f 813/753/2052 784/723/2001 812/754/2051
f 813/753/2052 784/723/2001 812/754/2051
f 784/723/2001 812/754/2051 813/753/2052
f 808/750/2045 809/751/2046 814/755/2054
f 815/756/2057 814/755/2054 809/751/2046
f 815/756/2057 814/755/2054 809/751/2046
f 814/755/2054 809/751/2046 815/756/2057
f 814/755/2054 809/751/2046 815/756/2057
f 809/751/2046 815/756/2057 814/755/2054
f 809/751/2046 815/756/2057 814/755/2054
f 814/755/2054 808/750/2045 809/751/2046
f 814/755/2054 808/750/2045 809/751/2046
f 809/751/2046 814/755/2054 808/750/2045
f 809/751/2046 814/755/2054 808/750/2045
f 808/750/2045 809/751/2046 814/755/2054
f 779/722/1998 814/755/2054 815/756/2057
f 779/722/1998 814/755/2054 815/756/2057
f 815/756/2057 779/722/1998 814/755/2054
f 815/756/2057 779/722/1998 814/755/2054
f 814/755/2054 815/756/2057 779/722/1998
f 814/755/2054 815/756/2057 779/722/1998
f 819/757/2058 779/722/1998 815/756/2057
f 819/757/2058 779/722/1998 815/756/2057
f 779/722/1998 815/756/2057 819/757/2058
f 779/722/1998 815/756/2057 819/757/2058
f 815/756/2057 819/757/2058 779/722/1998
f 815/756/2057 819/757/2058 779/722/1998
f 815/756/2057 809/751/2046 816/758/2059
f 809/751/2046 816/758/2059 815/756/2057
f 809/751/2046 816/758/2059 815/756/2057
f 816/758/2059 815/756/2057 809/751/2046
f 816/758/2059 815/756/2057 809/751/2046
f 815/756/2057 809/751/2046 816/758/2059
f 817/759/2060 815/756/2057 816/758/2059
f 816/758/2059 817/759/2060 815/756/2057
f 816/758/2059 817/759/2060 815/756/2057
f 815/756/2057 816/758/2059 817/759/2060
f 815/756/2057 816/758/2059 817/759/2060
f 817/759/2060 815/756/2057 816/758/2059
f 818/760/2061 815/756/2057 817/759/2060
f 817/759/2060 818/760/2061 815/756/2057
f 817/759/2060 818/760/2061 815/756/2057
f 815/756/2057 817/759/2060 818/760/2061
f 815/756/2057 817/759/2060 818/760/2061
f 818/760/2061 815/756/2057 817/759/2060
f 819/757/2062 815/756/2057 818/760/2063
f 815/756/2057 818/760/2063 819/757/2062
f 815/756/2057 818/760/2063 819/757/2062
f 818/760/2063 819/757/2062 815/756/2057
f 818/760/2063 819/757/2062 815/756/2057
f 819/757/2062 815/756/2057 818/760/2063
f 779/722/2064 819/757/2058 773/714/1990
f 772/713/2065 773/714/1990 819/757/2062
f 772/713/2065 773/714/1990 819/757/2062
f 773/714/1990 819/757/2062 772/713/2065
f 773/714/1990 819/757/2062 772/713/2065
f 819/757/2062 772/713/2065 773/714/1990
f 819/757/2062 772/713/2065 773/714/1990
f 773/714/1990 779/722/2064 819/757/2058
f 773/714/1990 779/722/2064 819/757/2058
f 819/757/2058 773/714/1990 779/722/2064
f 819/757/2058 773/714/1990 779/722/2064
f 779/722/2064 819/757/2058 773/714/1990
f 820/761/2066 819/757/2058 818/760/2063
f 818/760/2063 820/761/2066 819/757/2058
f 818/760/2063 820/761/2066 819/757/2058
f 819/757/2058 818/760/2063 820/761/2066
f 819/757/2058 818/760/2063 820/761/2066
f 820/761/2066 819/757/2058 818/760/2063
f 772/713/1986 819/757/2062 820/761/2067
f 819/757/2062 820/761/2067 772/713/1986
f 819/757/2062 820/761/2067 772/713/1986
f 820/761/2067 772/713/1986 819/757/2062
f 820/761/2067 772/713/1986 819/757/2062
f 772/713/1986 819/757/2062 820/761/2067
f 818/760/2063 745/680/1930 820/761/2066
f 748/683/1935 820/761/2067 745/680/1930
f 748/683/1935 820/761/2067 745/680/1930
f 820/761/2067 745/680/1930 748/683/1935
f 820/761/2067 745/680/1930 748/683/1935
f 745/680/1930 748/683/1935 820/761/2067
f 745/680/1930 748/683/1935 820/761/2067
f 820/761/2066 818/760/2063 745/680/1930
f 820/761/2066 818/760/2063 745/680/1930
f 745/680/1930 820/761/2066 818/760/2063
f 745/680/1930 820/761/2066 818/760/2063
f 818/760/2063 745/680/1930 820/761/2066
f 821/762/2068 820/761/2067 748/683/1935
f 821/762/2068 820/761/2067 748/683/1935
f 748/683/1935 821/762/2068 820/761/2067
f 748/683/1935 821/762/2068 820/761/2067
f 820/761/2067 748/683/1935 821/762/2068
f 820/761/2067 748/683/1935 821/762/2068
f 821/762/2068 772/713/1989 820/761/2067
f 820/761/2067 821/762/2068 772/713/1989
f 820/761/2067 821/762/2068 772/713/1989
f 772/713/1989 820/761/2067 821/762/2068
f 772/713/1989 820/761/2067 821/762/2068
f 821/762/2068 772/713/1989 820/761/2067
f 748/683/1935 754/691/1949 821/762/2068
f 821/762/2068 754/691/1949 769/711/2069
f 821/762/2068 754/691/1949 769/711/2069
f 769/711/2069 821/762/2068 754/691/1949
f 769/711/2069 821/762/2068 754/691/1949
f 754/691/1949 769/711/2069 821/762/2068
f 754/691/1949 769/711/2069 821/762/2068
f 754/691/1949 821/762/2068 748/683/1935
f 754/691/1949 821/762/2068 748/683/1935
f 821/762/2068 748/683/1935 754/691/1949
f 821/762/2068 748/683/1935 754/691/1949
f 748/683/1935 754/691/1949 821/762/2068
f 772/713/2065 821/762/2068 769/711/1987
f 772/713/2065 821/762/2068 769/711/1987
f 821/762/2068 769/711/1987 772/713/2065
f 821/762/2068 769/711/1987 772/713/2065
f 769/711/1987 772/713/2065 821/762/2068
f 769/711/1987 772/713/2065 821/762/2068
f 822/763/2070 744/681/1931 818/760/2061
f 745/680/1930 818/760/2063 744/681/1931
f 745/680/1930 818/760/2063 744/681/1931
f 818/760/2063 744/681/1931 745/680/1930
f 818/760/2063 744/681/1931 745/680/1930
f 744/681/1931 745/680/1930 818/760/2063
f 744/681/1931 745/680/1930 818/760/2063
f 744/681/1931 818/760/2061 822/763/2070
f 744/681/1931 818/760/2061 822/763/2070
f 818/760/2061 822/763/2070 744/681/1931
f 818/760/2061 822/763/2070 744/681/1931
f 822/763/2070 744/681/1931 818/760/2061
f 817/759/2060 822/763/2071 818/760/2063
f 818/760/2063 817/759/2060 822/763/2071
f 818/760/2063 817/759/2060 822/763/2071
f 822/763/2071 818/760/2063 817/759/2060
f 822/763/2071 818/760/2063 817/759/2060
f 817/759/2060 822/763/2071 818/760/2063
f 824/764/2072 822/763/2073 823/765/2074
f 825/766/2075 823/765/2074 822/763/2071
f 825/766/2075 823/765/2074 822/763/2071
f 823/765/2074 822/763/2071 825/766/2075
f 823/765/2074 822/763/2071 825/766/2075
f 822/763/2071 825/766/2075 823/765/2074
f 822/763/2071 825/766/2075 823/765/2074
f 823/765/2074 824/764/2072 822/763/2073
f 823/765/2074 824/764/2072 822/763/2073
f 822/763/2073 823/765/2074 824/764/2072
f 822/763/2073 823/765/2074 824/764/2072
f 824/764/2072 822/763/2073 823/765/2074
f 744/681/1933 822/763/2071 824/764/2076
f 822/763/2071 824/764/2077 744/681/1933
f 822/763/2071 824/764/2077 744/681/1933
f 824/764/2076 744/681/1933 822/763/2071
f 824/764/2076 744/681/1933 822/763/2071
f 744/681/1933 822/763/2071 824/764/2076
f 825/766/2075 822/763/2070 817/759/2060
f 822/763/2070 817/759/2078 825/766/2075
f 822/763/2070 817/759/2078 825/766/2075
f 817/759/2060 825/766/2075 822/763/2070
f 817/759/2060 825/766/2075 822/763/2070
f 825/766/2075 822/763/2070 817/759/2060
f 827/767/2079 823/765/2074 825/766/2075
f 827/767/2079 823/765/2074 825/766/2075
f 823/765/2074 825/766/2075 827/767/2079
f 823/765/2074 825/766/2075 827/767/2079
f 825/766/2075 827/767/2079 823/765/2074
f 825/766/2075 827/767/2079 823/765/2074
f 827/767/2079 825/766/2075 826/768/2080
f 816/758/2059 826/768/2080 825/766/2075
f 816/758/2059 826/768/2080 825/766/2075
f 825/766/2075 816/758/2059 826/768/2080
f 825/766/2075 816/758/2059 826/768/2080
f 826/768/2080 825/766/2075 816/758/2059
f 826/768/2080 825/766/2075 816/758/2059
f 825/766/2075 826/768/2080 827/767/2079
f 825/766/2075 826/768/2080 827/767/2079
f 826/768/2080 827/767/2079 825/766/2075
f 826/768/2080 827/767/2079 825/766/2075
f 827/767/2079 825/766/2075 826/768/2080
f 817/759/2060 816/758/2081 825/766/2075
f 817/759/2060 816/758/2081 825/766/2075
f 825/766/2075 817/759/2060 816/758/2081
f 825/766/2075 817/759/2060 816/758/2081
f 816/758/2081 825/766/2075 817/759/2060
f 816/758/2081 825/766/2075 817/759/2060
f 823/765/2074 827/767/2079 828/769/2082
f 829/770/2083 828/769/2082 827/767/2079
f 829/770/2083 828/769/2082 827/767/2079
f 828/769/2082 827/767/2079 829/770/2083
f 828/769/2082 827/767/2079 829/770/2083
f 827/767/2079 829/770/2083 828/769/2082
f 827/767/2079 829/770/2083 828/769/2082
f 828/769/2082 823/765/2074 827/767/2079
f 828/769/2082 823/765/2074 827/767/2079
f 827/767/2079 828/769/2082 823/765/2074
f 827/767/2079 828/769/2082 823/765/2074
f 823/765/2074 827/767/2079 828/769/2082
f 829/770/2083 827/767/2079 830/771/2084
f 827/767/2079 830/771/2084 829/770/2083
f 827/767/2079 830/771/2084 829/770/2083
f 830/771/2084 829/770/2083 827/767/2079
f 830/771/2084 829/770/2083 827/767/2079
f 829/770/2083 827/767/2079 830/771/2084
f 830/771/2084 827/767/2079 826/768/2080
f 826/768/2080 830/771/2084 827/767/2079
f 826/768/2080 830/771/2084 827/767/2079
f 827/767/2079 826/768/2080 830/771/2084
f 827/767/2079 826/768/2080 830/771/2084
f 830/771/2084 827/767/2079 826/768/2080
f 832/772/2085 830/771/2084 831/773/2086
f 826/768/2080 831/773/2086 830/771/2084
f 826/768/2080 831/773/2086 830/771/2084
f 831/773/2086 830/771/2084 826/768/2080
f 831/773/2086 830/771/2084 826/768/2080
f 830/771/2084 826/768/2080 831/773/2086
f 830/771/2084 826/768/2080 831/773/2086
f 831/773/2086 832/772/2085 830/771/2084
f 831/773/2086 832/772/2085 830/771/2084
f 830/771/2084 831/773/2086 832/772/2085
f 830/771/2084 831/773/2086 832/772/2085
f 832/772/2085 830/771/2084 831/773/2086
f 833/774/2087 829/770/2083 830/771/2084
f 830/771/2084 833/774/2087 829/770/2083
f 830/771/2084 833/774/2087 829/770/2083
f 829/770/2083 830/771/2084 833/774/2087
f 829/770/2083 830/771/2084 833/774/2087
f 833/774/2087 829/770/2083 830/771/2084
f 833/774/2087 830/771/2084 832/772/2085
f 830/771/2084 832/772/2085 833/774/2087
f 830/771/2084 832/772/2085 833/774/2087
f 832/772/2085 833/774/2087 830/771/2084
f 832/772/2085 833/774/2087 830/771/2084
f 833/774/2087 830/771/2084 832/772/2085
f 834/775/2088 829/770/2083 833/774/2087
f 833/774/2087 835/776/2089 834/775/2090
f 833/774/2087 835/776/2089 834/775/2090
f 835/776/2089 834/775/2090 833/774/2087
f 835/776/2089 834/775/2090 833/774/2087
f 834/775/2090 833/774/2087 835/776/2089
f 834/775/2090 833/774/2087 835/776/2089
f 829/770/2083 833/774/2091 834/775/2088
f 829/770/2083 833/774/2091 834/775/2088
f 833/774/2091 834/775/2088 829/770/2083
f 833/774/2091 834/775/2088 829/770/2083
f 834/775/2088 829/770/2083 833/774/2087
f 832/772/2085 835/776/2092 833/774/2087
f 832/772/2085 835/776/2092 833/774/2087
f 833/774/2087 832/772/2085 835/776/2092
f 833/774/2087 832/772/2085 835/776/2092
f 835/776/2092 833/774/2087 832/772/2085
f 835/776/2092 833/774/2087 832/772/2085
f 835/776/2089 842/777/2093 836/778/2094
f 836/778/2095 840/779/2096 835/780/2097
f 836/778/2098 835/780/2098 840/779/2098
f 835/780/2098 840/779/2098 836/778/2098
f 835/780/2098 840/779/2098 836/778/2098
f 840/779/2098 836/778/2098 835/780/2098
f 840/779/2098 836/778/2098 835/780/2098
f 836/778/2094 835/776/2089 842/777/2093
f 836/778/2094 835/776/2089 842/777/2093
f 842/777/2093 836/778/2094 835/776/2089
f 842/777/2093 836/778/2094 835/776/2089
f 835/776/2089 842/777/2093 836/778/2094
f 843/781/2099 837/782/2100 835/776/2089
f 848/783/2101 835/776/2092 837/782/2102
f 848/783/2101 835/776/2092 837/782/2102
f 837/782/2102 848/783/2101 835/776/2092
f 837/782/2102 848/783/2101 835/776/2092
f 835/776/2092 837/782/2102 848/783/2101
f 835/776/2092 837/782/2102 848/783/2101
f 837/782/2100 835/776/2089 843/781/2099
f 837/782/2100 835/776/2089 843/781/2099
f 835/776/2089 843/781/2099 837/782/2100
f 835/776/2089 843/781/2099 837/782/2100
f 843/781/2099 837/782/2100 835/776/2089
f 844/784/2103 838/785/2104 835/780/2105
f 839/786/2106 835/780/2089 838/785/2104
f 839/786/2106 835/780/2089 838/785/2104
f 838/785/2104 839/786/2106 835/780/2089
f 838/785/2104 839/786/2106 835/780/2089
f 835/780/2089 838/785/2104 839/786/2106
f 835/780/2089 838/785/2104 839/786/2106
f 838/785/2104 835/780/2092 844/784/2103
f 838/785/2104 835/780/2092 844/784/2103
f 835/780/2105 844/784/2103 838/785/2104
f 835/780/2105 844/784/2103 838/785/2104
f 844/784/2103 838/785/2104 835/780/2105
f 835/776/2092 839/787/2107 843/781/2099
f 835/776/2092 839/787/2107 843/781/2099
f 843/781/2099 835/776/2092 839/787/2107
f 843/781/2099 835/776/2092 839/787/2107
f 839/787/2107 843/781/2099 835/776/2092
f 839/787/2107 843/781/2099 835/776/2092
f 841/788/2108 835/780/2089 840/779/2096
f 835/780/2089 840/779/2096 841/788/2108
f 835/780/2089 840/779/2096 841/788/2108
f 840/779/2096 841/788/2108 835/780/2089
f 840/779/2096 841/788/2108 835/780/2089
f 841/788/2108 835/780/2089 840/779/2096
f 841/788/2108 847/789/2109 835/780/2092
f 835/780/2092 841/788/2108 847/789/2109
f 835/780/2092 841/788/2108 847/789/2109
f 847/789/2109 835/780/2092 841/788/2108
f 847/789/2109 835/780/2092 841/788/2108
f 841/788/2108 847/789/2109 835/780/2092
f 832/772/2085 842/777/2093 835/776/2105
f 842/777/2093 835/776/2105 832/772/2085
f 842/777/2093 835/776/2105 832/772/2085
f 835/776/2105 832/772/2085 842/777/2093
f 835/776/2105 832/772/2085 842/777/2093
f 832/772/2085 842/777/2093 835/776/2105
f 848/783/2101 834/775/2090 835/776/2089
f 835/776/2089 848/783/2101 834/775/2090
f 835/776/2089 848/783/2101 834/775/2090
f 834/775/2090 835/776/2089 848/783/2101
f 834/775/2090 835/776/2089 848/783/2101
f 848/783/2101 834/775/2090 835/776/2089
f 846/790/2110 844/784/2103 835/780/2092
f 835/780/2092 846/790/2110 844/784/2103
f 835/780/2092 846/790/2110 844/784/2103
f 844/784/2103 835/780/2092 846/790/2110
f 844/784/2103 835/780/2092 846/790/2110
f 846/790/2110 844/784/2103 835/780/2092
f 847/789/2111 845/791/2112 835/780/2092
f 846/790/2110 835/780/2092 845/791/2112
f 846/790/2110 835/780/2092 845/791/2112
f 845/791/2112 846/790/2110 835/780/2092
f 845/791/2112 846/790/2110 835/780/2092
f 835/780/2092 845/791/2112 846/790/2110
f 835/780/2092 845/791/2112 846/790/2110
f 845/791/2112 835/780/2092 847/789/2111
f 845/791/2112 835/780/2092 847/789/2111
f 835/780/2092 847/789/2111 845/791/2112
f 835/780/2092 847/789/2111 845/791/2112
f 847/789/2111 845/791/2112 835/780/2092
f 849/792/2113 848/783/2101 837/782/2102
f 849/792/2113 848/783/2101 837/782/2102
f 837/782/2102 849/792/2113 848/783/2101
f 837/782/2102 849/792/2113 848/783/2101
f 848/783/2101 837/782/2102 849/792/2113
f 848/783/2101 837/782/2102 849/792/2113
f 849/792/2113 850/793/2114 848/783/2115
f 848/783/2115 849/792/2113 850/793/2114
f 848/783/2115 849/792/2113 850/793/2114
f 850/793/2114 848/783/2115 849/792/2113
f 850/793/2114 848/783/2115 849/792/2113
f 849/792/2113 850/793/2114 848/783/2115
f 850/793/2114 834/775/2116 848/783/2115
f 834/775/2116 848/783/2115 850/793/2114
f 834/775/2116 848/783/2115 850/793/2114
f 848/783/2115 850/793/2114 834/775/2116
f 848/783/2115 850/793/2114 834/775/2116
f 850/793/2114 834/775/2116 848/783/2115
f 851/794/2117 828/769/2082 850/793/2114
f 829/770/2083 850/793/2118 828/769/2082
f 829/770/2083 850/793/2118 828/769/2082
f 850/793/2118 828/769/2082 829/770/2083
f 850/793/2118 828/769/2082 829/770/2083
f 828/769/2082 829/770/2083 850/793/2118
f 828/769/2082 829/770/2083 850/793/2118
f 850/793/2114 851/794/2117 828/769/2082
f 850/793/2114 851/794/2117 828/769/2082
f 828/769/2082 850/793/2114 851/794/2117
f 828/769/2082 850/793/2114 851/794/2117
f 851/794/2117 828/769/2082 850/793/2114
f 851/794/2119 850/793/2118 849/792/2113
f 850/793/2118 849/792/2113 851/794/2119
f 850/793/2118 849/792/2113 851/794/2119
f 849/792/2113 851/794/2119 850/793/2118
f 849/792/2113 851/794/2119 850/793/2118
f 851/794/2119 850/793/2118 849/792/2113
f 834/775/2090 850/793/2114 829/770/2083
f 834/775/2090 850/793/2114 829/770/2083
f 829/770/2083 834/775/2090 850/793/2114
f 829/770/2083 834/775/2090 850/793/2114
f 850/793/2114 829/770/2083 834/775/2090
f 850/793/2114 829/770/2083 834/775/2090
f 854/795/2120 828/769/2082 851/794/2119
f 828/769/2082 851/794/2119 854/795/2120
f 828/769/2082 851/794/2119 854/795/2120
f 851/794/2119 854/795/2120 828/769/2082
f 851/794/2119 854/795/2120 828/769/2082
f 854/795/2120 828/769/2082 851/794/2119
f 852/796/2121 851/794/2117 849/792/2113
f 849/792/2113 852/796/2121 851/794/2117
f 849/792/2113 852/796/2121 851/794/2117
f 851/794/2117 849/792/2113 852/796/2121
f 851/794/2117 849/792/2113 852/796/2121
f 852/796/2121 851/794/2117 849/792/2113
f 853/797/2122 851/794/2117 852/796/2123
f 851/794/2117 852/796/2123 853/797/2122
f 851/794/2117 852/796/2123 853/797/2122
f 852/796/2123 853/797/2122 851/794/2117
f 852/796/2123 853/797/2122 851/794/2117
f 853/797/2122 851/794/2117 852/796/2123
f 853/797/2122 854/795/2124 851/794/2117
f 851/794/2117 853/797/2122 854/795/2124
f 851/794/2117 853/797/2122 854/795/2124
f 854/795/2124 851/794/2117 853/797/2122
f 854/795/2124 851/794/2117 853/797/2122
f 853/797/2122 854/795/2124 851/794/2117
f 855/798/2125 854/795/2120 853/797/2122
f 854/795/2120 853/797/2122 855/798/2125
f 854/795/2120 853/797/2122 855/798/2125
f 853/797/2122 855/798/2125 854/795/2120
f 853/797/2122 855/798/2125 854/795/2120
f 855/798/2125 854/795/2120 853/797/2122
f 860/799/2126 855/798/2127 823/765/2074
f 824/764/2076 823/765/2074 855/798/2128
f 824/764/2076 823/765/2074 855/798/2128
f 855/798/2128 824/764/2076 823/765/2074
f 855/798/2128 824/764/2076 823/765/2074
f 823/765/2074 855/798/2128 824/764/2076
f 823/765/2074 855/798/2128 824/764/2076
f 855/798/2127 823/765/2074 860/799/2126
f 855/798/2127 823/765/2074 860/799/2126
f 823/765/2074 860/799/2126 855/798/2127
f 823/765/2074 860/799/2126 855/798/2127
f 860/799/2126 855/798/2127 823/765/2074
f 860/799/2129 856/800/2130 855/798/2125
f 858/801/2131 855/798/2132 856/800/2133
f 858/801/2131 855/798/2132 856/800/2133
f 856/800/2133 858/801/2131 855/798/2132
f 856/800/2133 858/801/2131 855/798/2132
f 855/798/2132 856/800/2133 858/801/2131
f 855/798/2132 856/800/2133 858/801/2131
f 856/800/2130 855/798/2125 860/799/2129
f 856/800/2130 855/798/2125 860/799/2129
f 855/798/2125 860/799/2129 856/800/2130
f 855/798/2125 860/799/2129 856/800/2130
f 860/799/2129 856/800/2130 855/798/2125
f 857/802/2134 855/798/2125 853/797/2122
f 853/797/2122 857/802/2134 855/798/2125
f 853/797/2122 857/802/2134 855/798/2125
f 855/798/2125 853/797/2122 857/802/2134
f 855/798/2125 853/797/2122 857/802/2134
f 857/802/2134 855/798/2125 853/797/2122
f 859/803/2135 855/798/2136 857/802/2137
f 855/798/2136 857/802/2137 859/803/2135
f 855/798/2136 857/802/2137 859/803/2135
f 857/802/2137 859/803/2135 855/798/2136
f 857/802/2137 859/803/2135 855/798/2136
f 859/803/2135 855/798/2136 857/802/2137
f 859/803/2135 824/764/2072 855/798/2125
f 859/803/2135 824/764/2072 855/798/2125
f 824/764/2072 855/798/2125 859/803/2135
f 824/764/2072 855/798/2125 859/803/2135
f 855/798/2125 859/803/2135 824/764/2072
f 855/798/2125 859/803/2135 824/764/2072
f 865/804/2138 861/805/2139 860/806/2126
f 863/807/2140 860/806/2126 861/805/2139
f 863/807/2140 860/806/2126 861/805/2139
f 860/806/2126 861/805/2139 863/807/2140
f 860/806/2126 861/805/2139 863/807/2140
f 861/805/2139 863/807/2140 860/806/2126
f 861/805/2139 863/807/2140 860/806/2126
f 860/806/2126 865/804/2138 861/805/2139
f 860/806/2126 865/804/2138 861/805/2139
f 861/805/2139 860/806/2126 865/804/2138
f 861/805/2139 860/806/2126 865/804/2138
f 865/804/2138 861/805/2139 860/806/2126
f 862/808/2141 856/800/2142 860/799/2126
f 862/809/2143 860/806/2126 864/810/2144
f 862/809/2143 860/806/2126 864/810/2144
f 864/810/2144 862/809/2143 860/806/2126
f 864/810/2144 862/809/2143 860/806/2126
f 860/806/2126 864/810/2144 862/809/2143
f 860/806/2126 864/810/2144 862/809/2143
f 860/799/2126 862/808/2141 856/800/2142
f 860/799/2126 862/808/2141 856/800/2142
f 856/800/2142 860/799/2126 862/808/2141
f 856/800/2142 860/799/2126 862/808/2141
f 862/808/2141 856/800/2142 860/799/2126
f 864/810/2144 860/806/2145 863/807/2140
f 864/810/2144 860/806/2145 863/807/2140
f 860/806/2145 863/807/2140 864/810/2144
f 860/806/2145 863/807/2140 864/810/2144
f 863/807/2140 864/810/2144 860/806/2145
f 863/807/2140 864/810/2144 860/806/2145
f 865/811/2146 860/799/2145 823/765/2074
f 860/799/2145 823/765/2074 865/811/2146
f 860/799/2145 823/765/2074 865/811/2146
f 823/765/2074 865/811/2146 860/799/2145
f 823/765/2074 865/811/2146 860/799/2145
f 865/811/2146 860/799/2145 823/765/2074
f 866/812/2147 861/805/2139 865/804/2146
f 861/805/2139 865/804/2146 866/812/2147
f 861/805/2139 865/804/2146 866/812/2147
f 865/804/2146 866/812/2147 861/805/2139
f 865/804/2146 866/812/2147 861/805/2139
f 866/812/2147 861/805/2139 865/804/2146
f 869/813/2148 866/812/2149 865/804/2150
f 865/804/2150 869/813/2148 866/812/2149
f 865/804/2150 869/813/2148 866/812/2149
f 866/812/2149 865/804/2150 869/813/2148
f 866/812/2149 865/804/2150 869/813/2148
f 869/813/2148 866/812/2149 865/804/2150
f 867/814/2151 865/811/2146 823/765/2074
f 823/765/2074 867/814/2151 865/811/2146
f 823/765/2074 867/814/2151 865/811/2146
f 865/811/2146 823/765/2074 867/814/2152
f 865/811/2146 823/765/2074 867/814/2152
f 867/814/2151 865/811/2146 823/765/2074
f 868/815/2153 865/811/2154 867/814/2151
f 865/811/2155 867/814/2151 868/815/2153
f 865/811/2155 867/814/2151 868/815/2153
f 867/814/2151 868/815/2153 865/811/2155
f 867/814/2151 868/815/2153 865/811/2155
f 868/815/2153 865/811/2154 867/814/2151
f 865/811/2156 868/815/2157 869/816/2158
f 869/816/2158 865/811/2156 868/815/2157
f 869/816/2158 865/811/2156 868/815/2157
f 868/815/2157 869/816/2158 865/811/2156
f 868/815/2157 869/816/2158 865/811/2156
f 865/811/2156 868/815/2157 869/816/2158
f 870/817/2159 866/812/2160 869/813/2148
f 866/812/2160 869/813/2148 870/817/2159
f 866/812/2160 869/813/2148 870/817/2159
f 869/813/2148 870/817/2159 866/812/2160
f 869/813/2148 870/817/2159 866/812/2160
f 870/817/2159 866/812/2160 869/813/2148
f 869/816/2161 871/818/2162 870/819/2159
f 870/819/2159 869/816/2161 871/818/2162
f 870/819/2159 869/816/2161 871/818/2162
f 871/818/2162 870/819/2159 869/816/2161
f 871/818/2162 870/819/2159 869/816/2161
f 869/816/2161 871/818/2162 870/819/2159
f 872/820/2163 869/816/2164 868/815/2165
f 872/820/2163 869/816/2164 868/815/2165
f 869/816/2164 868/815/2165 872/820/2163
f 869/816/2164 868/815/2165 872/820/2163
f 868/815/2165 872/820/2163 869/816/2164
f 868/815/2165 872/820/2163 869/816/2164
f 872/820/2163 871/818/2162 869/816/2164
f 871/818/2162 869/816/2164 872/820/2163
f 871/818/2162 869/816/2164 872/820/2163
f 869/816/2164 872/820/2163 871/818/2162
f 869/816/2164 872/820/2163 871/818/2162
f 872/820/2163 871/818/2162 869/816/2164
f 868/815/2166 873/821/2167 872/820/2163
f 872/820/2163 868/815/2166 873/821/2167
f 872/820/2163 868/815/2166 873/821/2167
f 873/821/2167 872/820/2163 868/815/2166
f 873/821/2167 872/820/2163 868/815/2166
f 868/815/2166 873/821/2167 872/820/2163
f 874/822/2168 872/820/2163 873/821/2169
f 874/822/2168 872/820/2163 873/821/2169
f 872/820/2163 873/821/2169 874/822/2168
f 872/820/2163 873/821/2169 874/822/2168
f 873/821/2169 874/822/2168 872/820/2163
f 873/821/2169 874/822/2168 872/820/2163
f 872/820/2170 874/822/2171 871/818/2172
f 871/818/2172 872/820/2170 874/822/2171
f 871/818/2172 872/820/2170 874/822/2171
f 874/822/2171 871/818/2172 872/820/2170
f 874/822/2171 871/818/2172 872/820/2170
f 872/820/2170 874/822/2171 871/818/2172
f 873/821/2173 876/823/2174 874/822/2171
f 873/821/2173 876/823/2174 874/822/2171
f 876/823/2174 874/822/2171 873/821/2173
f 876/823/2174 874/822/2171 873/821/2173
f 874/822/2171 873/821/2173 876/823/2174
f 874/822/2171 873/821/2173 876/823/2174
f 871/818/2162 874/822/2171 875/824/2175
f 876/823/2174 875/824/2176 874/822/2171
f 876/823/2174 875/824/2176 874/822/2171
f 874/822/2171 876/823/2174 875/824/2176
f 874/822/2171 876/823/2174 875/824/2176
f 875/824/2176 874/822/2171 876/823/2174
f 875/824/2176 874/822/2171 876/823/2174
f 874/822/2171 875/824/2175 871/818/2162
f 874/822/2171 875/824/2175 871/818/2162
f 875/824/2175 871/818/2162 874/822/2171
f 875/824/2175 871/818/2162 874/822/2171
f 871/818/2162 874/822/2171 875/824/2175
f 862/809/2141 877/825/2177 876/629/2178
f 875/826/2179 876/629/2178 877/825/2177
f 875/826/2179 876/629/2178 877/825/2177
f 877/825/2177 875/826/2179 876/629/2178
f 877/825/2177 875/826/2179 876/629/2178
f 876/629/2178 877/825/2177 875/826/2180
f 876/629/2178 877/825/2177 875/826/2180
f 876/629/2178 862/809/2141 877/825/2177
f 876/629/2178 862/809/2141 877/825/2177
f 877/825/2177 876/629/2178 862/809/2141
f 877/825/2177 876/629/2178 862/809/2141
f 862/809/2141 877/825/2177 876/629/2178
f 873/821/2181 878/827/2182 876/823/2174
f 862/808/2183 876/823/2184 878/827/2185
f 862/808/2183 876/823/2184 878/827/2185
f 878/827/2185 862/808/2183 876/823/2184
f 878/827/2185 862/808/2183 876/823/2184
f 876/823/2184 878/827/2185 862/808/2183
f 876/823/2184 878/827/2185 862/808/2183
f 878/827/2182 876/823/2174 873/821/2181
f 878/827/2182 876/823/2174 873/821/2181
f 876/823/2174 873/821/2181 878/827/2182
f 876/823/2174 873/821/2181 878/827/2182
f 873/821/2181 878/827/2182 876/823/2174
f 856/800/2186 878/827/2182 868/815/2166
f 873/821/2173 868/815/2165 878/827/2182
f 873/821/2173 868/815/2165 878/827/2182
f 868/815/2166 878/827/2182 873/821/2173
f 868/815/2166 878/827/2182 873/821/2173
f 878/827/2182 873/821/2173 868/815/2166
f 878/827/2182 873/821/2173 868/815/2166
f 868/815/2166 856/800/2186 878/827/2182
f 868/815/2166 856/800/2186 878/827/2182
f 878/827/2182 868/815/2166 856/800/2186
f 878/827/2182 868/815/2166 856/800/2186
f 856/800/2186 878/827/2182 868/815/2166
f 856/800/2187 862/808/2141 878/827/2182
f 856/800/2187 862/808/2141 878/827/2182
f 862/808/2141 878/827/2182 856/800/2187
f 862/808/2141 878/827/2182 856/800/2187
f 878/827/2182 856/800/2187 862/808/2141
f 878/827/2182 856/800/2187 862/808/2141
f 880/828/2188 877/825/2189 879/829/2190
f 879/829/2190 877/825/2189 864/810/2144
f 879/829/2190 877/825/2189 864/810/2144
f 864/810/2144 879/829/2190 877/825/2189
f 864/810/2144 879/829/2190 877/825/2189
f 877/825/2189 864/810/2144 879/829/2190
f 877/825/2189 864/810/2144 879/829/2190
f 877/825/2189 879/829/2190 880/828/2188
f 877/825/2189 879/829/2190 880/828/2188
f 879/829/2190 880/828/2188 877/825/2189
f 879/829/2190 880/828/2188 877/825/2189
f 880/828/2188 877/825/2189 879/829/2190
f 877/825/2189 880/828/2191 875/826/2192
f 880/828/2191 875/826/2192 877/825/2189
f 880/828/2191 875/826/2192 877/825/2189
f 875/826/2192 877/825/2189 880/828/2191
f 875/826/2192 877/825/2189 880/828/2191
f 877/825/2189 880/828/2191 875/826/2192
f 864/810/2144 877/825/2189 862/809/2193
f 877/825/2189 862/809/2193 864/810/2144
f 877/825/2189 862/809/2193 864/810/2144
f 862/809/2193 864/810/2144 877/825/2189
f 862/809/2193 864/810/2144 877/825/2189
f 864/810/2144 877/825/2189 862/809/2193
f 881/830/2194 880/828/2188 879/829/2195
f 879/829/2195 881/830/2194 880/828/2188
f 879/829/2195 881/830/2194 880/828/2188
f 880/828/2188 879/829/2195 881/830/2194
f 880/828/2188 879/829/2195 881/830/2194
f 881/830/2194 880/828/2188 879/829/2195
f 882/831/2196 880/828/2197 881/830/2194
f 880/828/2197 881/830/2194 882/831/2196
f 880/828/2197 881/830/2194 882/831/2196
f 881/830/2194 882/831/2196 880/828/2197
f 881/830/2194 882/831/2196 880/828/2197
f 882/831/2196 880/828/2197 881/830/2194
f 880/828/2191 882/831/2196 870/817/2159
f 882/831/2196 870/817/2159 880/828/2191
f 882/831/2196 870/817/2159 880/828/2191
f 870/817/2159 880/828/2191 882/831/2196
f 870/817/2159 880/828/2191 882/831/2196
f 880/828/2191 882/831/2196 870/817/2159
f 875/826/2198 880/828/2191 870/817/2199
f 870/817/2199 875/826/2198 880/828/2191
f 870/817/2199 875/826/2198 880/828/2191
f 880/828/2191 870/817/2199 875/826/2198
f 880/828/2191 870/817/2199 875/826/2198
f 875/826/2198 880/828/2191 870/817/2199
f 883/832/2200 882/831/2196 881/830/2194
f 882/831/2196 881/830/2194 883/832/2200
f 882/831/2196 881/830/2194 883/832/2200
f 881/830/2194 883/832/2200 882/831/2196
f 881/830/2194 883/832/2200 882/831/2196
f 883/832/2200 882/831/2196 881/830/2194
f 882/831/2201 883/832/2200 866/812/2202
f 883/832/2200 866/812/2202 882/831/2201
f 883/832/2200 866/812/2202 882/831/2201
f 866/812/2202 882/831/2201 883/832/2200
f 866/812/2202 882/831/2201 883/832/2200
f 882/831/2201 883/832/2200 866/812/2202
f 870/817/2159 882/831/2196 866/812/2203
f 866/812/2203 870/817/2159 882/831/2196
f 866/812/2203 870/817/2159 882/831/2196
f 882/831/2196 866/812/2203 870/817/2159
f 882/831/2196 866/812/2203 870/817/2159
f 870/817/2159 882/831/2196 866/812/2203
f 884/833/2204 883/832/2200 879/829/2190
f 881/830/2194 879/829/2190 883/832/2200
f 881/830/2194 879/829/2190 883/832/2200
f 883/832/2200 881/830/2194 879/829/2190
f 883/832/2200 881/830/2194 879/829/2190
f 879/829/2190 883/832/2200 881/830/2194
f 879/829/2190 883/832/2200 881/830/2194
f 883/832/2200 879/829/2190 884/833/2204
f 883/832/2200 879/829/2190 884/833/2204
f 879/829/2190 884/833/2204 883/832/2200
f 879/829/2190 884/833/2204 883/832/2200
f 884/833/2204 883/832/2200 879/829/2190
f 883/832/2200 884/833/2205 866/812/2203
f 884/833/2205 866/812/2203 883/832/2200
f 884/833/2205 866/812/2203 883/832/2200
f 866/812/2203 883/832/2200 884/833/2205
f 866/812/2203 883/832/2200 884/833/2205
f 883/832/2200 884/833/2205 866/812/2203
f 866/812/2147 884/833/2205 861/805/2206
f 879/829/2190 861/805/2139 884/833/2205
f 879/829/2190 861/805/2139 884/833/2205
f 884/833/2205 879/829/2190 861/805/2206
f 884/833/2205 879/829/2190 861/805/2206
f 861/805/2206 884/833/2205 879/829/2190
f 861/805/2206 884/833/2205 879/829/2190
f 861/805/2206 866/812/2147 884/833/2205
f 861/805/2206 866/812/2147 884/833/2205
f 884/833/2205 861/805/2139 866/812/2147
f 884/833/2205 861/805/2139 866/812/2147
f 866/812/2147 884/833/2205 861/805/2206
f 861/805/2139 879/829/2190 863/807/2140
f 861/805/2139 879/829/2190 863/807/2140
f 863/807/2140 861/805/2139 879/829/2190
f 863/807/2140 861/805/2139 879/829/2190
f 879/829/2190 863/807/2140 861/805/2139
f 879/829/2190 863/807/2140 861/805/2139
f 863/807/2140 879/829/2190 864/810/2144
f 863/807/2140 879/829/2190 864/810/2144
f 879/829/2190 864/810/2144 863/807/2140
f 879/829/2190 864/810/2144 863/807/2140
f 864/810/2144 863/807/2140 879/829/2190
f 864/810/2144 863/807/2140 879/829/2190
f 870/819/2159 871/818/2207 875/824/2208
f 875/824/2208 870/819/2159 871/818/2207
f 875/824/2208 870/819/2159 871/818/2207
f 871/818/2207 875/824/2208 870/819/2159
f 871/818/2207 875/824/2208 870/819/2159
f 870/819/2159 871/818/2207 875/824/2208
f 856/800/2209 868/815/2210 858/801/2131
f 867/814/2151 858/801/2211 868/815/2210
f 867/814/2151 858/801/2211 868/815/2210
f 868/815/2210 867/814/2151 858/801/2211
f 868/815/2210 867/814/2151 858/801/2211
f 858/801/2211 868/815/2210 867/814/2151
f 858/801/2211 868/815/2210 867/814/2151
f 868/815/2210 858/801/2131 856/800/2209
f 868/815/2210 858/801/2131 856/800/2209
f 858/801/2131 856/800/2209 868/815/2210
f 858/801/2131 856/800/2209 868/815/2210
f 856/800/2209 868/815/2210 858/801/2131
f 744/681/1931 859/803/2212 739/676/1924
f 824/764/2076 859/803/2212 744/681/1933
f 824/764/2076 859/803/2212 744/681/1933
f 744/681/1933 824/764/2076 859/803/2212
f 744/681/1933 824/764/2076 859/803/2212
f 859/803/2212 744/681/1933 824/764/2076
f 859/803/2212 744/681/1933 824/764/2076
f 859/803/2212 739/676/1924 744/681/1931
f 859/803/2212 739/676/1924 744/681/1931
f 739/676/1924 744/681/1931 859/803/2212
f 739/676/1924 744/681/1931 859/803/2212
f 744/681/1931 859/803/2212 739/676/1924
f 739/676/1924 859/803/2212 740/675/2213
f 885/834/2214 740/675/1923 859/803/2212
f 885/834/2214 740/675/1923 859/803/2212
f 859/803/2212 885/834/2214 740/675/1923
f 859/803/2212 885/834/2214 740/675/1923
f 740/675/1923 859/803/2212 885/834/2214
f 740/675/1923 859/803/2212 885/834/2214
f 740/675/2213 739/676/1924 859/803/2212
f 740/675/2213 739/676/1924 859/803/2212
f 859/803/2212 740/675/2213 739/676/1924
f 859/803/2212 740/675/2213 739/676/1924
f 739/676/1924 859/803/2212 740/675/2213
f 857/802/2134 885/834/2214 859/803/2212
f 857/802/2134 885/834/2214 859/803/2212
f 885/834/2214 859/803/2212 857/802/2134
f 885/834/2214 859/803/2212 857/802/2134
f 859/803/2212 857/802/2134 885/834/2214
f 859/803/2212 857/802/2134 885/834/2214
f 885/834/2214 857/802/2134 886/835/2215
f 885/834/2214 886/835/2216 888/836/2217
f 885/834/2214 886/835/2216 888/836/2217
f 888/836/2217 885/834/2214 886/835/2216
f 888/836/2217 885/834/2214 886/835/2216
f 886/835/2216 888/836/2217 885/834/2214
f 886/835/2216 888/836/2217 885/834/2214
f 886/835/2215 885/834/2214 857/802/2134
f 886/835/2215 885/834/2214 857/802/2134
f 857/802/2134 886/835/2215 885/834/2214
f 857/802/2134 886/835/2215 885/834/2214
f 885/834/2214 857/802/2134 886/835/2215
f 888/836/2217 887/837/2218 885/834/2214
f 740/675/2213 885/834/2214 887/837/2219
f 740/675/2213 885/834/2214 887/837/2219
f 887/837/2219 740/675/2213 885/834/2214
f 887/837/2219 740/675/2213 885/834/2214
f 885/834/2214 887/837/2219 740/675/2213
f 885/834/2214 887/837/2219 740/675/2213
f 887/837/2218 885/834/2214 888/836/2217
f 887/837/2218 885/834/2214 888/836/2217
f 885/834/2214 888/836/2217 887/837/2218
f 885/834/2214 888/836/2217 887/837/2218
f 888/836/2217 887/837/2218 885/834/2214
f 889/838/2220 888/836/2217 886/835/2216
f 889/838/2221 891/839/2222 888/836/2217
f 889/838/2221 891/839/2222 888/836/2217
f 891/839/2222 888/836/2217 889/838/2221
f 891/839/2222 888/836/2217 889/838/2221
f 888/836/2217 889/838/2221 891/839/2222
f 888/836/2217 889/838/2221 891/839/2222
f 888/836/2217 886/835/2216 889/838/2220
f 888/836/2217 886/835/2216 889/838/2220
f 886/835/2216 889/838/2220 888/836/2217
f 886/835/2216 889/838/2220 888/836/2217
f 889/838/2220 888/836/2217 886/835/2216
f 887/837/2218 888/836/2217 890/840/2223
f 891/839/2222 890/840/2224 888/836/2217
f 891/839/2222 890/840/2224 888/836/2217
f 888/836/2217 891/839/2222 890/840/2224
f 888/836/2217 891/839/2222 890/840/2224
f 890/840/2224 888/836/2217 891/839/2222
f 890/840/2224 888/836/2217 891/839/2222
f 888/836/2217 890/840/2223 887/837/2218
f 888/836/2217 890/840/2223 887/837/2218
f 890/840/2223 887/837/2218 888/836/2217
f 890/840/2223 887/837/2218 888/836/2217
f 887/837/2218 888/836/2217 890/840/2223
f 892/841/2225 891/839/2222 889/838/2221
f 892/841/2225 891/839/2222 889/838/2221
f 889/838/2221 892/841/2225 891/839/2222
f 889/838/2221 892/841/2225 891/839/2222
f 891/839/2222 889/838/2221 892/841/2225
f 891/839/2222 889/838/2221 892/841/2225
f 892/841/2225 893/842/2226 713/843/1876
f 713/843/1876 892/841/2225 893/842/2226
f 713/843/1876 892/841/2225 893/842/2226
f 893/842/2226 713/843/1876 892/841/2225
f 893/842/2226 713/843/1876 892/841/2225
f 892/841/2225 893/842/2226 713/843/1876
f 893/842/2227 892/841/2228 889/838/2220
f 893/842/2227 892/841/2228 889/838/2220
f 892/841/2228 889/838/2220 893/842/2227
f 892/841/2228 889/838/2220 893/842/2227
f 889/838/2220 893/842/2227 892/841/2228
f 889/838/2220 893/842/2227 892/841/2228
f 713/843/1876 893/842/2226 712/844/1875
f 894/845/2229 712/844/1875 893/842/2226
f 894/845/2229 712/844/1875 893/842/2226
f 712/844/1875 893/842/2226 894/845/2229
f 712/844/1875 893/842/2226 894/845/2229
f 893/842/2226 894/845/2229 712/844/1875
f 893/842/2226 894/845/2229 712/844/1875
f 712/844/1875 713/843/1876 893/842/2226
f 712/844/1875 713/843/1876 893/842/2226
f 893/842/2226 712/844/1875 713/843/1876
f 893/842/2226 712/844/1875 713/843/1876
f 713/843/1876 893/842/2226 712/844/1875
f 894/845/2229 893/842/2226 895/846/2230
f 895/846/2230 894/845/2229 893/842/2226
f 895/846/2230 894/845/2229 893/842/2226
f 893/842/2226 895/846/2230 894/845/2229
f 893/842/2226 895/846/2230 894/845/2229
f 894/845/2229 893/842/2226 895/846/2230
f 889/838/2220 895/846/2230 893/842/2226
f 889/838/2220 895/846/2230 893/842/2226
f 895/846/2230 893/842/2226 889/838/2220
f 895/846/2230 893/842/2226 889/838/2220
f 893/842/2226 889/838/2220 895/846/2230
f 893/842/2226 889/838/2220 895/846/2230
f 852/796/2123 896/847/2231 895/846/2230
f 894/845/2232 895/846/2230 896/847/2231
f 894/845/2232 895/846/2230 896/847/2231
f 895/846/2230 896/847/2231 894/845/2232
f 895/846/2230 896/847/2231 894/845/2232
f 896/847/2231 894/845/2232 895/846/2230
f 896/847/2231 894/845/2232 895/846/2230
f 895/846/2230 852/796/2123 896/847/2231
f 895/846/2230 852/796/2123 896/847/2231
f 896/847/2231 895/846/2230 852/796/2123
f 896/847/2231 895/846/2230 852/796/2123
f 852/796/2123 896/847/2231 895/846/2230
f 886/835/2215 895/846/2230 889/838/2221
f 886/835/2215 895/846/2230 889/838/2221
f 889/838/2221 886/835/2215 895/846/2230
f 889/838/2221 886/835/2215 895/846/2230
f 895/846/2230 889/838/2221 886/835/2215
f 895/846/2230 889/838/2221 886/835/2215
f 895/846/2230 853/797/2122 852/796/2121
f 852/796/2121 895/846/2230 853/797/2122
f 852/796/2121 895/846/2230 853/797/2122
f 853/797/2122 852/796/2121 895/846/2230
f 853/797/2122 852/796/2121 895/846/2230
f 895/846/2230 853/797/2122 852/796/2121
f 886/835/2215 853/797/2122 895/846/2230
f 895/846/2230 886/835/2215 853/797/2122
f 895/846/2230 886/835/2215 853/797/2122
f 853/797/2122 895/846/2230 886/835/2215
f 853/797/2122 895/846/2230 886/835/2215
f 886/835/2215 853/797/2122 895/846/2230
f 894/845/2232 896/847/2231 897/848/2233
f 899/849/2234 897/848/2235 896/847/2231
f 899/849/2234 897/848/2235 896/847/2231
f 896/847/2231 899/849/2234 897/848/2235
f 896/847/2231 899/849/2234 897/848/2235
f 897/848/2235 896/847/2231 899/849/2234
f 897/848/2235 896/847/2231 899/849/2234
f 896/847/2231 897/848/2233 894/845/2232
f 896/847/2231 897/848/2233 894/845/2232
f 897/848/2233 894/845/2232 896/847/2231
f 897/848/2233 894/845/2232 896/847/2231
f 894/845/2232 896/847/2231 897/848/2233
f 898/850/2236 896/847/2231 852/796/2123
f 896/847/2231 852/796/2123 898/850/2236
f 896/847/2231 852/796/2123 898/850/2236
f 852/796/2123 898/850/2236 896/847/2231
f 852/796/2123 898/850/2236 896/847/2231
f 898/850/2236 896/847/2231 852/796/2123
f 898/850/2236 899/849/2237 896/847/2231
f 898/850/2236 899/849/2237 896/847/2231
f 899/849/2237 896/847/2231 898/850/2236
f 899/849/2237 896/847/2231 898/850/2236
f 896/847/2231 898/850/2236 899/849/2237
f 896/847/2231 898/850/2236 899/849/2237
f 843/781/2238 899/849/2234 898/850/2236
f 843/781/2238 899/849/2234 898/850/2236
f 898/850/2236 843/781/2238 899/849/2234
f 898/850/2236 843/781/2238 899/849/2234
f 899/849/2234 898/850/2236 843/781/2238
f 899/849/2234 898/850/2236 843/781/2238
f 899/849/2239 843/781/2099 839/787/2240
f 843/781/2099 839/787/2240 899/849/2239
f 843/781/2099 839/787/2240 899/849/2239
f 839/787/2240 899/849/2239 843/781/2099
f 839/787/2240 899/849/2239 843/781/2099
f 899/849/2239 843/781/2099 839/787/2240
f 897/848/2233 899/849/2234 900/851/2241
f 899/849/2234 900/851/2241 897/848/2233
f 899/849/2234 900/851/2241 897/848/2233
f 900/851/2241 897/848/2233 899/849/2234
f 900/851/2241 897/848/2233 899/849/2234
f 897/848/2233 899/849/2234 900/851/2241
f 900/851/2241 899/849/2239 839/787/2240
f 839/787/2240 900/851/2241 899/849/2239
f 839/787/2240 900/851/2241 899/849/2239
f 899/849/2239 839/787/2240 900/851/2241
f 899/849/2239 839/787/2240 900/851/2241
f 900/851/2241 899/849/2239 839/787/2240
f 839/786/2240 901/852/2242 900/853/2241
f 897/854/2233 900/853/2241 901/852/2243
f 897/854/2233 900/853/2241 901/852/2243
f 900/853/2241 901/852/2243 897/854/2233
f 900/853/2241 901/852/2243 897/854/2233
f 901/852/2243 897/854/2233 900/853/2241
f 901/852/2243 897/854/2233 900/853/2241
f 900/853/2241 839/786/2240 901/852/2242
f 900/853/2241 839/786/2240 901/852/2242
f 901/852/2242 900/853/2241 839/786/2240
f 901/852/2242 900/853/2241 839/786/2240
f 839/786/2240 901/852/2242 900/853/2241
f 838/785/2244 706/640/2245 901/852/2243
f 705/643/1867 901/852/2246 706/640/2245
f 705/643/1867 901/852/2246 706/640/2245
f 901/852/2246 706/640/2245 705/643/1867
f 901/852/2246 706/640/2245 705/643/1867
f 706/640/2245 705/643/1867 901/852/2246
f 706/640/2245 705/643/1867 901/852/2246
f 901/852/2243 838/785/2244 706/640/2245
f 901/852/2243 838/785/2244 706/640/2245
f 706/640/2245 901/852/2243 838/785/2244
f 706/640/2245 901/852/2243 838/785/2244
f 838/785/2244 706/640/2245 901/852/2243
f 838/785/2104 901/852/2242 839/786/2240
f 901/852/2242 839/786/2240 838/785/2104
f 901/852/2242 839/786/2240 838/785/2104
f 839/786/2240 838/785/2104 901/852/2242
f 839/786/2240 838/785/2104 901/852/2242
f 838/785/2104 901/852/2242 839/786/2240
f 897/854/2235 901/852/2243 705/643/1867
f 897/854/2235 901/852/2243 705/643/1867
f 705/643/1867 897/854/2235 901/852/2243
f 705/643/1867 897/854/2235 901/852/2243
f 901/852/2243 705/643/1867 897/854/2235
f 901/852/2243 705/643/1867 897/854/2235
f 837/782/2247 898/850/2248 849/792/2113
f 837/782/2247 843/781/2099 898/850/2248
f 837/782/2247 843/781/2099 898/850/2248
f 843/781/2099 898/850/2248 837/782/2247
f 843/781/2099 898/850/2248 837/782/2247
f 898/850/2248 837/782/2247 843/781/2099
f 898/850/2248 837/782/2247 843/781/2099
f 898/850/2248 849/792/2113 837/782/2247
f 898/850/2248 849/792/2113 837/782/2247
f 849/792/2113 837/782/2247 898/850/2248
f 849/792/2113 837/782/2247 898/850/2248
f 837/782/2247 898/850/2248 849/792/2113
f 849/792/2113 898/850/2248 852/796/2123
f 852/796/2123 849/792/2113 898/850/2248
f 852/796/2123 849/792/2113 898/850/2248
f 898/850/2248 852/796/2123 849/792/2113
f 898/850/2248 852/796/2123 849/792/2113
f 849/792/2113 898/850/2248 852/796/2123
f 902/855/2249 894/845/2229 897/848/2233
f 897/848/2233 902/855/2249 894/845/2229
f 897/848/2233 902/855/2249 894/845/2229
f 894/845/2229 897/848/2233 902/855/2249
f 894/845/2229 897/848/2233 902/855/2249
f 902/855/2249 894/845/2229 897/848/2233
f 897/854/2233 708/645/1869 902/856/2249
f 902/856/2249 897/854/2233 708/645/1869
f 902/856/2249 897/854/2233 708/645/1869
f 708/645/1869 902/856/2249 897/854/2233
f 708/645/1869 902/856/2249 897/854/2233
f 897/854/2233 708/645/1869 902/856/2249
f 705/643/1867 708/645/1870 897/854/2233
f 708/645/1870 897/854/2233 705/643/1867
f 708/645/1870 897/854/2233 705/643/1867
f 897/854/2233 705/643/1867 708/645/1870
f 897/854/2233 705/643/1867 708/645/1870
f 705/643/1867 708/645/1870 897/854/2233
f 712/844/1875 894/845/2232 902/855/2249
f 902/855/2249 712/844/1875 894/845/2232
f 902/855/2249 712/844/1875 894/845/2232
f 894/845/2232 902/855/2249 712/844/1875
f 894/845/2232 902/855/2249 712/844/1875
f 712/844/1875 894/845/2232 902/855/2249
f 902/856/2249 708/645/1870 712/648/1875
f 712/648/1875 902/856/2249 708/645/1870
f 712/648/1875 902/856/2249 708/645/1870
f 708/645/1870 712/648/1875 902/856/2249
f 708/645/1870 712/648/1875 902/856/2249
f 902/856/2249 708/645/1870 712/648/1875
f 903/857/2250 887/837/2219 890/840/2251
f 890/840/2251 903/857/2250 887/837/2219
f 890/840/2251 903/857/2250 887/837/2219
f 887/837/2219 890/840/2251 903/857/2250
f 887/837/2219 890/840/2251 903/857/2250
f 903/857/2250 887/837/2219 890/840/2251
f 904/858/2252 887/837/2218 903/857/2250
f 887/837/2218 903/857/2250 904/858/2252
f 887/837/2218 903/857/2250 904/858/2252
f 903/857/2250 904/858/2252 887/837/2218
f 903/857/2250 904/858/2252 887/837/2218
f 904/858/2252 887/837/2218 903/857/2250
f 905/859/2253 904/858/2252 903/857/2250
f 903/857/2250 905/859/2253 904/858/2252
f 903/857/2250 905/859/2253 904/858/2252
f 904/858/2252 903/857/2250 905/859/2253
f 904/858/2252 903/857/2250 905/859/2253
f 905/859/2253 904/858/2252 903/857/2250
f 906/860/2254 904/858/2252 905/859/2255
f 904/858/2252 905/859/2255 906/860/2254
f 904/858/2252 905/859/2255 906/860/2254
f 905/859/2255 906/860/2254 904/858/2252
f 905/859/2255 906/860/2254 904/858/2252
f 906/860/2254 904/858/2252 905/859/2255
f 907/861/2256 906/860/2254 905/859/2253
f 905/859/2253 907/861/2256 906/860/2254
f 905/859/2253 907/861/2256 906/860/2254
f 906/860/2254 905/859/2253 907/861/2256
f 906/860/2254 905/859/2253 907/861/2256
f 907/861/2256 906/860/2254 905/859/2253
f 908/862/2257 906/860/2254 907/861/2256
f 907/861/2256 908/862/2257 906/860/2254
f 907/861/2256 908/862/2257 906/860/2254
f 906/860/2254 907/861/2256 908/862/2257
f 906/860/2254 907/861/2256 908/862/2257
f 908/862/2257 906/860/2254 907/861/2256
f 909/863/2258 906/860/2254 908/862/2259
f 906/860/2254 908/862/2259 909/863/2258
f 906/860/2254 908/862/2259 909/863/2258
f 908/862/2259 909/863/2258 906/860/2254
f 908/862/2259 909/863/2258 906/860/2254
f 909/863/2258 906/860/2254 908/862/2259
f 910/864/2260 909/863/2258 908/862/2257
f 908/862/2257 910/864/2260 909/863/2258
f 908/862/2257 910/864/2260 909/863/2258
f 909/863/2258 908/862/2257 910/864/2260
f 909/863/2258 908/862/2257 910/864/2260
f 910/864/2260 909/863/2258 908/862/2257
f 716/653/2261 718/654/1890 910/864/2260
f 909/863/2258 910/864/2260 718/654/1884
f 909/863/2258 910/864/2260 718/654/1884
f 910/864/2260 718/654/1884 909/863/2258
f 910/864/2260 718/654/1884 909/863/2258
f 718/654/1884 909/863/2258 910/864/2260
f 718/654/1884 909/863/2258 910/864/2260
f 910/864/2260 716/653/2261 718/654/1890
f 910/864/2260 716/653/2261 718/654/1890
f 718/654/1890 910/864/2260 716/653/2261
f 718/654/1890 910/864/2260 716/653/2261
f 716/653/2261 718/654/1890 910/864/2260
f 906/860/2254 909/863/2258 736/672/1919
f 909/863/2258 736/672/1919 906/860/2254
f 909/863/2258 736/672/1919 906/860/2254
f 736/672/1919 906/860/2254 909/863/2258
f 736/672/1919 906/860/2254 909/863/2258
f 906/860/2254 909/863/2258 736/672/1919
f 909/863/2258 718/654/1890 720/657/1888
f 718/654/1890 720/657/1888 909/863/2258
f 718/654/1890 720/657/1888 909/863/2258
f 720/657/1888 909/863/2258 718/654/1890
f 720/657/1888 909/863/2258 718/654/1890
f 909/863/2258 718/654/1890 720/657/1888
f 736/672/1919 909/863/2258 720/657/1888
f 720/657/1888 736/672/1919 909/863/2258
f 720/657/1888 736/672/1919 909/863/2258
f 909/863/2258 720/657/1888 736/672/1919
f 909/863/2258 720/657/1888 736/672/1919
f 736/672/1919 909/863/2258 720/657/1888
f 904/858/2252 906/860/2254 736/672/1919
f 906/860/2254 736/672/1919 904/858/2252
f 906/860/2254 736/672/1919 904/858/2252
f 736/672/1919 904/858/2252 906/860/2254
f 736/672/1919 904/858/2252 906/860/2254
f 904/858/2252 906/860/2254 736/672/1919
f 887/837/2219 904/858/2252 740/675/1923
f 904/858/2252 740/675/1923 887/837/2219
f 904/858/2252 740/675/1923 887/837/2219
f 740/675/1923 887/837/2219 904/858/2252
f 740/675/1923 887/837/2219 904/858/2252
f 887/837/2219 904/858/2252 740/675/1923
f 740/675/1923 904/858/2252 736/672/1919
f 736/672/1919 740/675/1923 904/858/2252
f 736/672/1919 740/675/1923 904/858/2252
f 904/858/2252 736/672/1919 740/675/1923
f 904/858/2252 736/672/1919 740/675/1923
f 740/675/1923 904/858/2252 736/672/1919
f 857/802/2137 853/797/2262 886/835/2216
f 853/797/2262 886/835/2216 857/802/2137
f 853/797/2262 886/835/2216 857/802/2137
f 886/835/2216 857/802/2137 853/797/2262
f 886/835/2216 857/802/2137 853/797/2262
f 857/802/2137 853/797/2262 886/835/2216
f 912/865/2263 911/866/2264 847/789/2111
f 845/791/2112 847/789/2109 911/866/2264
f 845/791/2112 847/789/2109 911/866/2264
f 911/866/2264 845/791/2112 847/789/2109
f 911/866/2264 845/791/2112 847/789/2109
f 847/789/2109 911/866/2264 845/791/2112
f 847/789/2109 911/866/2264 845/791/2112
f 847/789/2111 912/865/2263 911/866/2264
f 847/789/2111 912/865/2263 911/866/2264
f 911/866/2264 847/789/2111 912/865/2263
f 911/866/2264 847/789/2111 912/865/2263
f 912/865/2263 911/866/2264 847/789/2111
f 912/865/2263 847/789/2109 841/788/2108
f 847/789/2109 841/788/2108 912/865/2263
f 847/789/2109 841/788/2108 912/865/2263
f 841/788/2108 912/865/2263 847/789/2109
f 841/788/2108 912/865/2263 847/789/2109
f 912/865/2263 847/789/2109 841/788/2108
f 804/745/2038 913/867/2265 912/865/2263
f 911/866/2264 912/865/2263 913/867/2265
f 911/866/2264 912/865/2263 913/867/2265
f 912/865/2263 913/867/2265 911/866/2264
f 912/865/2263 913/867/2265 911/866/2264
f 913/867/2265 911/866/2264 912/865/2263
f 913/867/2265 911/866/2264 912/865/2263
f 912/865/2263 804/745/2038 913/867/2265
f 912/865/2263 804/745/2038 913/867/2265
f 913/867/2265 912/865/2263 804/745/2038
f 913/867/2265 912/865/2263 804/745/2038
f 804/745/2038 913/867/2265 912/865/2263
f 804/745/2038 912/865/2263 914/868/2266
f 912/865/2263 914/868/2266 804/745/2038
f 912/865/2263 914/868/2266 804/745/2038
f 914/868/2266 804/745/2038 912/865/2263
f 914/868/2266 804/745/2038 912/865/2263
f 804/745/2038 912/865/2263 914/868/2266
f 841/788/2108 914/868/2266 912/865/2267
f 841/788/2108 914/868/2266 912/865/2267
f 912/865/2267 841/788/2108 914/868/2266
f 912/865/2267 841/788/2108 914/868/2266
f 914/868/2266 912/865/2267 841/788/2108
f 914/868/2266 912/865/2267 841/788/2108
f 805/746/2039 804/745/2038 914/868/2266
f 804/745/2038 914/868/2266 805/746/2039
f 804/745/2038 914/868/2266 805/746/2039
f 914/868/2266 805/746/2039 804/745/2038
f 914/868/2266 805/746/2039 804/745/2038
f 805/746/2039 804/745/2038 914/868/2266
f 915/869/2268 805/746/2039 914/868/2266
f 914/868/2266 915/869/2268 805/746/2039
f 914/868/2266 915/869/2268 805/746/2039
f 805/746/2039 914/868/2266 915/869/2268
f 805/746/2039 914/868/2266 915/869/2268
f 915/869/2268 805/746/2039 914/868/2266
f 914/868/2266 840/779/2269 915/869/2268
f 914/868/2266 840/779/2269 915/869/2268
f 840/779/2269 915/869/2268 914/868/2266
f 840/779/2269 915/869/2268 914/868/2266
f 915/869/2268 914/868/2266 840/779/2269
f 915/869/2268 914/868/2266 840/779/2269
f 840/779/2096 914/868/2266 841/788/2108
f 840/779/2096 914/868/2266 841/788/2108
f 841/788/2108 840/779/2096 914/868/2266
f 841/788/2108 840/779/2096 914/868/2266
f 914/868/2266 841/788/2108 840/779/2096
f 914/868/2266 841/788/2108 840/779/2096
f 836/778/2094 915/869/2268 840/779/2270
f 840/779/2270 836/778/2094 915/869/2268
f 840/779/2270 836/778/2094 915/869/2268
f 915/869/2268 840/779/2270 836/778/2094
f 915/869/2268 840/779/2270 836/778/2094
f 836/778/2094 915/869/2268 840/779/2270
f 842/777/2093 915/869/2268 836/778/2094
f 915/869/2268 836/778/2094 842/777/2093
f 915/869/2268 836/778/2094 842/777/2093
f 836/778/2094 842/777/2093 915/869/2268
f 836/778/2094 842/777/2093 915/869/2268
f 842/777/2093 915/869/2268 836/778/2094
f 916/870/2271 805/746/2039 915/869/2268
f 805/746/2039 915/869/2268 916/870/2271
f 805/746/2039 915/869/2268 916/870/2271
f 915/869/2268 916/870/2271 805/746/2039
f 915/869/2268 916/870/2271 805/746/2039
f 916/870/2271 805/746/2039 915/869/2268
f 917/871/2272 916/870/2271 915/869/2268
f 915/869/2268 917/871/2272 916/870/2271
f 915/869/2268 917/871/2272 916/870/2271
f 916/870/2271 915/869/2268 917/871/2272
f 916/870/2271 915/869/2268 917/871/2272
f 917/871/2272 916/870/2271 915/869/2268
f 915/869/2268 842/777/2093 831/773/2086
f 842/777/2093 831/773/2086 915/869/2268
f 842/777/2093 831/773/2086 915/869/2268
f 831/773/2086 915/869/2268 842/777/2093
f 831/773/2086 915/869/2268 842/777/2093
f 915/869/2268 842/777/2093 831/773/2086
f 917/871/2272 915/869/2268 831/773/2086
f 831/773/2086 917/871/2272 915/869/2268
f 831/773/2086 917/871/2272 915/869/2268
f 915/869/2268 831/773/2086 917/871/2272
f 915/869/2268 831/773/2086 917/871/2272
f 917/871/2272 915/869/2268 831/773/2086
f 831/773/2086 826/768/2080 917/871/2272
f 917/871/2272 831/773/2086 826/768/2080
f 917/871/2272 831/773/2086 826/768/2080
f 826/768/2080 917/871/2272 831/773/2086
f 826/768/2080 917/871/2272 831/773/2086
f 831/773/2086 826/768/2080 917/871/2272
f 826/768/2080 809/751/2046 917/871/2272
f 809/751/2046 917/871/2272 826/768/2080
f 809/751/2046 917/871/2272 826/768/2080
f 917/871/2272 826/768/2080 809/751/2046
f 917/871/2272 826/768/2080 809/751/2046
f 826/768/2080 809/751/2046 917/871/2272
f 806/747/2040 917/871/2272 809/751/2273
f 806/747/2040 917/871/2272 809/751/2273
f 809/751/2273 806/747/2040 917/871/2272
f 809/751/2273 806/747/2040 917/871/2272
f 917/871/2272 809/751/2273 806/747/2040
f 917/871/2272 809/751/2273 806/747/2040
f 806/747/2040 916/870/2271 917/871/2272
f 917/871/2272 806/747/2040 916/870/2271
f 917/871/2272 806/747/2040 916/870/2271
f 916/870/2271 917/871/2272 806/747/2040
f 916/870/2271 917/871/2272 806/747/2040
f 806/747/2040 916/870/2271 917/871/2272
f 805/746/2039 916/870/2271 806/747/2040
f 916/870/2271 806/747/2040 805/746/2039
f 916/870/2271 806/747/2040 805/746/2039
f 806/747/2040 805/746/2039 916/870/2271
f 806/747/2040 805/746/2039 916/870/2271
f 805/746/2039 916/870/2271 806/747/2040
f 911/866/2264 913/867/2265 681/615/1857
f 913/867/2265 681/615/1857 911/866/2264
f 913/867/2265 681/615/1857 911/866/2264
f 681/615/1857 911/866/2264 913/867/2265
f 681/615/1857 911/866/2264 913/867/2265
f 911/866/2264 913/867/2265 681/615/1857
f 681/615/1799 913/867/2265 680/613/1797
f 918/872/2274 680/613/1797 913/867/2265
f 918/872/2274 680/613/1797 913/867/2265
f 680/613/1797 913/867/2265 918/872/2274
f 680/613/1797 913/867/2265 918/872/2274
f 913/867/2265 918/872/2274 680/613/1797
f 913/867/2265 918/872/2274 680/613/1797
f 680/613/1797 681/615/1799 913/867/2265
f 680/613/1797 681/615/1799 913/867/2265
f 913/867/2265 680/613/1797 681/615/1799
f 913/867/2265 680/613/1797 681/615/1799
f 681/615/1799 913/867/2265 680/613/1797
f 918/872/2274 913/867/2265 804/745/2038
f 913/867/2265 804/745/2038 918/872/2274
f 913/867/2265 804/745/2038 918/872/2274
f 804/745/2038 918/872/2274 913/867/2265
f 804/745/2038 918/872/2274 913/867/2265
f 918/872/2274 913/867/2265 804/745/2038
f 803/744/2037 918/872/2274 804/745/2038
f 804/745/2038 803/744/2037 918/872/2274
f 804/745/2038 803/744/2037 918/872/2274
f 918/872/2274 804/745/2038 803/744/2037
f 918/872/2274 804/745/2038 803/744/2037
f 803/744/2037 918/872/2274 804/745/2038
f 726/662/1902 680/613/1797 918/872/2275
f 726/662/1902 680/613/1797 918/872/2275
f 918/872/2275 726/662/1902 680/613/1797
f 918/872/2275 726/662/1902 680/613/1797
f 680/613/1797 918/872/2275 726/662/1902
f 680/613/1797 918/872/2275 726/662/1902
f 919/873/2276 726/662/1900 918/872/2277
f 919/873/2276 726/662/1900 918/872/2277
f 726/662/1900 918/872/2277 919/873/2278
f 726/662/1900 918/872/2277 919/873/2278
f 918/872/2277 919/873/2276 726/662/1900
f 918/872/2277 919/873/2276 726/662/1900
f 919/873/2276 918/872/2274 803/744/2279
f 918/872/2274 803/744/2279 919/873/2276
f 918/872/2274 803/744/2279 919/873/2276
f 803/744/2279 919/873/2276 918/872/2274
f 803/744/2279 919/873/2276 918/872/2274
f 919/873/2276 918/872/2274 803/744/2279
f 801/742/2034 919/873/2276 803/744/2037
f 803/744/2037 801/742/2034 919/873/2276
f 803/744/2037 801/742/2034 919/873/2276
f 919/873/2276 803/744/2037 801/742/2034
f 919/873/2276 803/744/2037 801/742/2034
f 801/742/2034 919/873/2276 803/744/2037
f 727/663/1905 726/662/1902 919/873/2276
f 727/663/1905 726/662/1902 919/873/2276
f 726/662/1902 919/873/2276 727/663/1905
f 726/662/1902 919/873/2276 727/663/1905
f 919/873/2276 727/663/1905 726/662/1902
f 919/873/2276 727/663/1905 726/662/1902
f 727/663/1901 919/873/2276 801/742/2034
f 919/873/2276 801/742/2034 727/663/1901
f 919/873/2276 801/742/2034 727/663/1901
f 801/742/2034 727/663/1901 919/873/2276
f 801/742/2034 727/663/1901 919/873/2276
f 727/663/1901 919/873/2276 801/742/2034
f 920/874/2280 911/866/2264 681/615/1799
f 920/874/2280 845/791/2112 911/866/2264
f 920/874/2280 845/791/2112 911/866/2264
f 845/791/2112 911/866/2264 920/874/2280
f 845/791/2112 911/866/2264 920/874/2280
f 911/866/2264 920/874/2280 845/791/2112
f 911/866/2264 920/874/2280 845/791/2112
f 911/866/2264 681/615/1799 920/874/2280
f 911/866/2264 681/615/1799 920/874/2280
f 681/615/1799 920/874/2280 911/866/2264
f 681/615/1799 920/874/2280 911/866/2264
f 920/874/2280 911/866/2264 681/615/1799
f 846/790/2110 845/791/2112 920/874/2280
f 846/790/2110 845/791/2112 920/874/2280
f 920/874/2280 846/790/2110 845/791/2112
f 920/874/2280 846/790/2110 845/791/2112
f 845/791/2112 920/874/2280 846/790/2110
f 845/791/2112 920/874/2280 846/790/2110
f 704/641/1862 920/874/2280 702/639/1860
f 681/615/1799 702/639/1860 920/874/2281
f 681/615/1799 702/639/1860 920/874/2281
f 920/874/2281 681/615/1799 702/639/1860
f 920/874/2281 681/615/1799 702/639/1860
f 702/639/1860 920/874/2281 681/615/1799
f 702/639/1860 920/874/2281 681/615/1799
f 920/874/2280 702/639/2282 704/641/1862
f 920/874/2280 702/639/2282 704/641/1862
f 702/639/1860 704/641/1862 920/874/2280
f 702/639/1860 704/641/1862 920/874/2280
f 704/641/1862 920/874/2280 702/639/1860
f 704/641/1862 846/790/2110 920/874/2280
f 704/641/1862 846/790/2110 920/874/2280
f 846/790/2110 920/874/2280 704/641/1862
f 846/790/2110 920/874/2280 704/641/1862
f 920/874/2281 704/641/1862 846/790/2110
f 920/874/2281 704/641/1862 846/790/2110
f 844/784/2283 846/790/2110 704/641/1862
f 844/784/2283 846/790/2110 704/641/1862
f 704/641/1862 844/784/2283 846/790/2110
f 704/641/1862 844/784/2283 846/790/2110
f 846/790/2110 704/641/1862 844/784/2283
f 846/790/2110 704/641/1862 844/784/2283
f 838/785/2104 844/784/2103 706/640/2245
f 838/785/2104 844/784/2103 706/640/2245
f 706/640/2245 838/785/2104 844/784/2103
f 706/640/2245 838/785/2104 844/784/2103
f 844/784/2103 706/640/2245 838/785/2104
f 844/784/2103 706/640/2245 838/785/2104
f 706/640/2245 844/784/2103 704/641/1862
f 706/640/2245 844/784/2103 704/641/1862
f 844/784/2103 704/641/1862 706/640/2245
f 844/784/2103 704/641/1862 706/640/2245
f 704/641/1862 706/640/2245 844/784/2103
f 704/641/1862 706/640/2245 844/784/2103
f 831/773/2086 842/777/2093 832/772/2284
f 832/772/2284 831/773/2086 842/777/2093
f 832/772/2284 831/773/2086 842/777/2093
f 842/777/2093 832/772/2284 831/773/2086
f 842/777/2093 832/772/2284 831/773/2086
f 831/773/2086 842/777/2093 832/772/2284
f 816/758/2059 809/751/2046 826/768/2080
f 826/768/2080 816/758/2059 809/751/2046
f 826/768/2080 816/758/2059 809/751/2046
f 809/751/2046 826/768/2080 816/758/2059
f 809/751/2046 826/768/2080 816/758/2059
f 816/758/2059 809/751/2046 826/768/2080
f 792/733/2285 812/754/2053 788/729/2286
f 785/727/2006 788/729/2009 812/754/2051
f 785/727/2006 788/729/2009 812/754/2051
f 812/754/2051 785/727/2006 788/729/2009
f 812/754/2051 785/727/2006 788/729/2009
f 788/729/2009 812/754/2051 785/727/2006
f 788/729/2009 812/754/2051 785/727/2006
f 788/729/2286 792/733/2285 812/754/2053
f 788/729/2286 792/733/2285 812/754/2053
f 812/754/2053 788/729/2286 792/733/2285
f 812/754/2053 788/729/2286 792/733/2285
f 792/733/2285 812/754/2053 788/729/2286
f 791/732/2015 812/754/2051 792/733/2016
f 812/754/2051 792/733/2016 791/732/2015
f 812/754/2051 792/733/2016 791/732/2015
f 792/733/2016 791/732/2015 812/754/2051
f 792/733/2016 791/732/2015 812/754/2051
f 791/732/2015 812/754/2051 792/733/2016
f 812/754/2051 784/723/2001 785/727/2006
f 784/723/2001 785/727/2006 812/754/2051
f 784/723/2001 785/727/2006 812/754/2051
f 785/727/2006 812/754/2051 784/723/2001
f 785/727/2006 812/754/2051 784/723/2001
f 812/754/2051 784/723/2001 785/727/2006
f 921/875/2287 727/663/1905 801/742/2034
f 801/742/2034 921/875/2287 727/663/1905
f 801/742/2034 921/875/2287 727/663/1905
f 727/663/1905 801/742/2034 921/875/2287
f 727/663/1905 801/742/2034 921/875/2287
f 921/875/2287 727/663/1905 801/742/2034
f 921/875/2288 801/742/2034 780/720/2000
f 801/742/2034 780/720/2000 921/875/2288
f 801/742/2034 780/720/2000 921/875/2288
f 780/720/2000 921/875/2288 801/742/2034
f 780/720/2000 921/875/2288 801/742/2034
f 921/875/2288 801/742/2034 780/720/2000
f 923/876/2289 921/875/2287 775/717/1993
f 780/720/2000 775/717/1993 921/875/2288
f 780/720/2000 775/717/1993 921/875/2288
f 921/875/2288 780/720/2000 775/717/1993
f 921/875/2288 780/720/2000 775/717/1993
f 775/717/1993 921/875/2288 780/720/2000
f 775/717/1993 921/875/2288 780/720/2000
f 921/875/2287 775/717/1993 923/876/2289
f 921/875/2287 775/717/1993 923/876/2289
f 775/717/1993 923/876/2289 921/875/2287
f 775/717/1993 923/876/2289 921/875/2287
f 923/876/2289 921/875/2287 775/717/1993
f 923/876/2290 922/877/2291 921/875/2287
f 727/663/1905 921/875/2288 922/877/2292
f 727/663/1905 921/875/2288 922/877/2292
f 921/875/2288 922/877/2292 727/663/1905
f 921/875/2288 922/877/2292 727/663/1905
f 922/877/2292 727/663/1905 921/875/2288
f 922/877/2292 727/663/1905 921/875/2288
f 921/875/2287 923/876/2290 922/877/2291
f 921/875/2287 923/876/2290 922/877/2291
f 922/877/2291 921/875/2287 923/876/2290
f 922/877/2291 921/875/2287 923/876/2290
f 923/876/2290 922/877/2291 921/875/2287
f 925/878/2293 924/879/2294 923/876/2289
f 922/877/2291 923/876/2295 924/879/2294
f 922/877/2291 923/876/2295 924/879/2294
f 923/876/2295 924/879/2294 922/877/2291
f 923/876/2295 924/879/2294 922/877/2291
f 924/879/2294 922/877/2291 923/876/2295
f 924/879/2294 922/877/2291 923/876/2295
f 923/876/2289 925/878/2293 924/879/2294
f 923/876/2289 925/878/2293 924/879/2294
f 924/879/2294 923/876/2289 925/878/2293
f 924/879/2294 923/876/2289 925/878/2293
f 925/878/2293 924/879/2294 923/876/2289
f 925/878/2293 923/876/2290 776/716/1992
f 923/876/2290 776/716/1992 925/878/2293
f 923/876/2290 776/716/1992 925/878/2293
f 776/716/1992 925/878/2293 923/876/2290
f 776/716/1992 925/878/2293 923/876/2290
f 925/878/2293 923/876/2290 776/716/1992
f 776/716/1992 923/876/2295 775/717/2296
f 775/717/2296 776/716/1992 923/876/2295
f 775/717/2296 776/716/1992 923/876/2295
f 923/876/2295 775/717/2296 776/716/1992
f 923/876/2295 775/717/2296 776/716/1992
f 776/716/1992 923/876/2295 775/717/2296
f 927/880/2297 926/881/2298 925/878/2293
f 924/879/2294 925/878/2299 926/881/2298
f 924/879/2294 925/878/2299 926/881/2298
f 925/878/2299 926/881/2298 924/879/2294
f 925/878/2299 926/881/2298 924/879/2294
f 926/881/2298 924/879/2294 925/878/2299
f 926/881/2298 924/879/2294 925/878/2299
f 925/878/2293 927/880/2297 926/881/2298
f 925/878/2293 927/880/2297 926/881/2298
f 926/881/2298 925/878/2293 927/880/2297
f 926/881/2298 925/878/2293 927/880/2297
f 927/880/2297 926/881/2298 925/878/2293
f 927/880/2297 925/878/2300 928/882/2301
f 925/878/2300 928/882/2301 927/880/2297
f 925/878/2300 928/882/2301 927/880/2297
f 928/882/2301 927/880/2297 925/878/2300
f 928/882/2301 927/880/2297 925/878/2300
f 927/880/2297 925/878/2300 928/882/2301
f 928/882/2301 925/878/2302 776/716/1992
f 776/716/1992 928/882/2301 925/878/2302
f 776/716/1992 928/882/2301 925/878/2302
f 925/878/2302 776/716/1992 928/882/2301
f 925/878/2302 776/716/1992 928/882/2301
f 928/882/2301 925/878/2302 776/716/1992
f 929/883/2303 928/882/2301 766/707/1977
f 928/882/2301 929/883/2304 927/880/2297
f 928/882/2301 929/883/2304 927/880/2297
f 927/880/2297 928/882/2301 929/883/2304
f 927/880/2297 928/882/2301 929/883/2304
f 929/883/2304 927/880/2297 928/882/2301
f 929/883/2304 927/880/2297 928/882/2301
f 928/882/2301 766/707/1977 929/883/2305
f 928/882/2301 766/707/1977 929/883/2305
f 766/707/1977 929/883/2303 928/882/2301
f 766/707/1977 929/883/2303 928/882/2301
f 929/883/2303 928/882/2301 766/707/1977
f 770/712/1984 766/707/1977 928/882/2301
f 770/712/1984 766/707/1977 928/882/2301
f 928/882/2301 770/712/1984 766/707/1977
f 928/882/2301 770/712/1984 766/707/1977
f 766/707/1977 928/882/2301 770/712/1984
f 766/707/1977 928/882/2301 770/712/1984
f 776/716/1992 770/712/1984 928/882/2301
f 776/716/1992 770/712/1984 928/882/2301
f 770/712/1984 928/882/2301 776/716/1992
f 770/712/1984 928/882/2301 776/716/1992
f 928/882/2301 776/716/1992 770/712/1984
f 928/882/2301 776/716/1992 770/712/1984
f 764/703/1970 930/884/2306 929/885/2307
f 931/886/2308 929/885/2309 930/884/2306
f 931/886/2308 929/885/2309 930/884/2306
f 930/884/2306 931/886/2308 929/885/2309
f 930/884/2306 931/886/2308 929/885/2309
f 929/885/2309 930/884/2306 931/886/2308
f 929/885/2309 930/884/2306 931/886/2308
f 930/884/2306 929/885/2307 764/703/1970
f 930/884/2306 929/885/2307 764/703/1970
f 929/885/2307 764/703/1970 930/884/2306
f 929/885/2307 764/703/1970 930/884/2306
f 764/703/1970 930/884/2306 929/885/2307
f 931/887/2308 927/880/2297 929/883/2310
f 929/883/2310 931/887/2308 927/880/2297
f 929/883/2310 931/887/2308 927/880/2297
f 927/880/2297 929/883/2310 931/887/2308
f 927/880/2297 929/883/2310 931/887/2308
f 931/887/2308 927/880/2297 929/883/2310
f 766/705/2311 764/703/1970 929/885/2310
f 929/885/2310 766/705/2312 764/703/1970
f 929/885/2310 766/705/2312 764/703/1970
f 764/703/1970 929/885/2310 766/705/2312
f 764/703/1970 929/885/2310 766/705/2312
f 766/705/2311 764/703/1970 929/885/2310
f 931/886/2308 933/888/2313 932/889/2314
f 931/887/2308 932/890/2314 934/891/2315
f 931/887/2308 932/890/2314 934/891/2315
f 934/891/2315 931/887/2308 932/890/2314
f 934/891/2315 931/887/2308 932/890/2314
f 932/890/2314 934/891/2315 931/887/2308
f 932/890/2314 934/891/2315 931/887/2308
f 932/889/2314 931/886/2308 933/888/2313
f 932/889/2314 931/886/2308 933/888/2313
f 933/888/2313 932/889/2314 931/886/2308
f 933/888/2313 932/889/2314 931/886/2308
f 931/886/2308 933/888/2313 932/889/2314
f 933/888/2313 931/886/2308 930/884/2306
f 933/888/2313 931/886/2308 930/884/2306
f 931/886/2308 930/884/2306 933/888/2313
f 931/886/2308 930/884/2306 933/888/2313
f 930/884/2306 933/888/2313 931/886/2308
f 930/884/2306 933/888/2313 931/886/2308
f 934/891/2315 927/880/2297 931/887/2308
f 927/880/2297 931/887/2308 934/891/2315
f 927/880/2297 931/887/2308 934/891/2315
f 931/887/2308 934/891/2315 927/880/2297
f 931/887/2308 934/891/2315 927/880/2297
f 934/891/2315 927/880/2297 931/887/2308
f 926/881/2298 927/880/2297 934/891/2315
f 926/881/2298 927/880/2297 934/891/2315
f 927/880/2297 934/891/2315 926/881/2298
f 927/880/2297 934/891/2315 926/881/2298
f 934/891/2315 926/881/2298 927/880/2297
f 934/891/2315 926/881/2298 927/880/2297
f 935/892/2316 934/891/2317 932/890/2318
f 934/891/2317 932/890/2318 935/892/2316
f 934/891/2317 932/890/2318 935/892/2316
f 932/890/2318 935/892/2316 934/891/2317
f 932/890/2318 935/892/2316 934/891/2317
f 935/892/2316 934/891/2317 932/890/2318
f 926/881/2298 934/891/2315 935/892/2316
f 934/891/2315 935/892/2316 926/881/2298
f 934/891/2315 935/892/2316 926/881/2298
f 935/892/2316 926/881/2298 934/891/2315
f 935/892/2316 926/881/2298 934/891/2315
f 926/881/2298 934/891/2315 935/892/2316
f 936/893/2319 935/892/2316 932/890/2320
f 932/890/2320 936/893/2319 935/892/2316
f 932/890/2320 936/893/2319 935/892/2316
f 935/892/2316 932/890/2320 936/893/2319
f 935/892/2316 932/890/2320 936/893/2319
f 936/893/2319 935/892/2316 932/890/2320
f 937/894/2321 935/892/2316 936/893/2322
f 936/893/2322 937/894/2321 935/892/2316
f 936/893/2322 937/894/2321 935/892/2316
f 935/892/2316 936/893/2322 937/894/2321
f 935/892/2316 936/893/2322 937/894/2321
f 937/894/2321 935/892/2316 936/893/2322
f 940/895/2323 935/892/2316 937/894/2324
f 935/892/2316 937/894/2324 940/895/2323
f 935/892/2316 937/894/2324 940/895/2323
f 937/894/2324 940/895/2323 935/892/2316
f 937/894/2324 940/895/2323 935/892/2316
f 940/895/2323 935/892/2316 937/894/2324
f 938/896/2325 935/892/2326 939/897/2327
f 935/892/2316 938/896/2328 926/881/2298
f 935/892/2316 938/896/2328 926/881/2298
f 926/881/2298 935/892/2316 938/896/2328
f 926/881/2298 935/892/2316 938/896/2328
f 938/896/2328 926/881/2298 935/892/2316
f 938/896/2328 926/881/2298 935/892/2316
f 935/892/2326 939/897/2327 938/896/2325
f 935/892/2326 939/897/2327 938/896/2325
f 939/897/2327 938/896/2325 935/892/2326
f 939/897/2327 938/896/2325 935/892/2326
f 938/896/2325 935/892/2326 939/897/2327
f 940/895/2323 939/897/2327 935/892/2326
f 940/895/2323 939/897/2327 935/892/2326
f 935/892/2326 940/895/2323 939/897/2327
f 935/892/2326 940/895/2323 939/897/2327
f 939/897/2327 935/892/2326 940/895/2323
f 939/897/2327 935/892/2326 940/895/2323
f 939/897/2327 940/895/2323 942/898/2329
f 939/897/2327 940/895/2323 942/898/2329
f 942/898/2329 939/897/2327 940/895/2323
f 942/898/2329 939/897/2327 940/895/2323
f 940/895/2323 942/898/2329 939/897/2327
f 940/895/2323 942/898/2329 939/897/2327
f 941/899/2330 940/895/2323 937/894/2324
f 937/894/2324 941/899/2330 940/895/2323
f 937/894/2324 941/899/2330 940/895/2323
f 940/895/2323 937/894/2324 941/899/2330
f 940/895/2323 937/894/2324 941/899/2330
f 941/899/2330 940/895/2323 937/894/2324
f 942/898/2331 940/895/2323 941/899/2332
f 940/895/2323 941/899/2332 942/898/2331
f 940/895/2323 941/899/2332 942/898/2331
f 941/899/2332 942/898/2331 940/895/2323
f 941/899/2332 942/898/2331 940/895/2323
f 942/898/2331 940/895/2323 941/899/2332
f 943/900/2333 939/897/2327 942/898/2331
f 943/900/2333 939/897/2327 942/898/2331
f 939/897/2327 942/898/2331 943/900/2333
f 939/897/2327 942/898/2331 943/900/2333
f 942/898/2331 943/900/2333 939/897/2327
f 942/898/2331 943/900/2333 939/897/2327
f 943/900/2333 942/898/2334 945/901/2335
f 942/898/2334 945/901/2335 943/900/2333
f 942/898/2334 945/901/2335 943/900/2333
f 945/901/2335 943/900/2333 942/898/2334
f 945/901/2335 943/900/2333 942/898/2334
f 943/900/2333 942/898/2334 945/901/2335
f 944/902/2336 942/898/2329 941/899/2332
f 941/899/2332 944/902/2336 942/898/2329
f 941/899/2332 944/902/2336 942/898/2329
f 942/898/2329 941/899/2332 944/902/2336
f 942/898/2329 941/899/2332 944/902/2336
f 944/902/2336 942/898/2329 941/899/2332
f 945/901/2335 942/898/2334 944/902/2337
f 944/902/2337 945/901/2335 942/898/2334
f 944/902/2337 945/901/2335 942/898/2334
f 942/898/2334 944/902/2337 945/901/2335
f 942/898/2334 944/902/2337 945/901/2335
f 945/901/2335 942/898/2334 944/902/2337
f 945/901/2335 747/684/2338 946/903/2339
f 945/901/2335 946/903/2339 943/900/2340
f 945/901/2335 946/903/2339 943/900/2340
f 943/900/2333 945/901/2335 946/903/2339
f 943/900/2333 945/901/2335 946/903/2339
f 946/903/2339 943/900/2340 945/901/2335
f 946/903/2339 943/900/2340 945/901/2335
f 946/903/2339 945/901/2335 747/684/2338
f 946/903/2339 945/901/2335 747/684/2338
f 747/684/1938 946/903/2339 945/901/2335
f 747/684/1938 946/903/2339 945/901/2335
f 945/901/2335 747/684/2338 946/903/2339
f 944/902/2337 752/687/2341 945/901/2335
f 747/684/1938 945/901/2335 752/687/2341
f 747/684/1938 945/901/2335 752/687/2341
f 945/901/2335 752/687/2341 747/684/1938
f 945/901/2335 752/687/2341 747/684/1938
f 752/687/2341 747/684/1938 945/901/2335
f 752/687/2341 747/684/1938 945/901/2335
f 945/901/2335 944/902/2337 752/687/2341
f 945/901/2335 944/902/2337 752/687/2341
f 752/687/2341 945/901/2335 944/902/2337
f 752/687/2341 945/901/2335 944/902/2337
f 944/902/2337 752/687/2341 945/901/2335
f 747/684/1938 742/679/1928 946/903/2339
f 733/671/1918 946/903/2339 742/679/1928
f 733/671/1918 946/903/2339 742/679/1928
f 742/679/1928 733/671/1918 946/903/2339
f 742/679/1928 733/671/1918 946/903/2339
f 946/903/2339 742/679/1928 733/671/1918
f 946/903/2339 742/679/1928 733/671/1918
f 742/679/1928 946/903/2339 747/684/1938
f 742/679/1928 946/903/2339 747/684/1938
f 946/903/2339 747/684/1940 742/679/1928
f 946/903/2339 747/684/1940 742/679/1928
f 747/684/1938 742/679/1928 946/903/2339
f 946/903/2339 733/671/1918 730/667/1910
f 946/903/2339 733/671/1918 730/667/1910
f 730/667/1910 946/903/2339 733/671/1918
f 730/667/1910 946/903/2339 733/671/1918
f 733/671/1918 730/667/1910 946/903/2339
f 733/671/1918 730/667/1910 946/903/2339
f 943/900/2333 946/903/2339 730/667/1910
f 943/900/2333 946/903/2339 730/667/1910
f 946/903/2339 730/667/1910 943/900/2342
f 946/903/2339 730/667/1910 943/900/2342
f 730/667/1910 943/900/2333 946/903/2339
f 730/667/1910 943/900/2333 946/903/2339
f 941/904/2343 948/905/2344 944/906/2345
f 944/906/2345 941/904/2343 948/905/2344
f 944/906/2345 941/904/2343 948/905/2344
f 948/905/2344 944/906/2345 941/904/2343
f 948/905/2344 944/906/2345 941/904/2343
f 941/904/2343 948/905/2344 944/906/2345
f 947/907/2346 752/687/1944 944/902/2336
f 944/902/2336 947/907/2346 752/687/1944
f 944/902/2336 947/907/2346 752/687/1944
f 752/687/1944 944/902/2336 947/907/2346
f 752/687/1944 944/902/2336 947/907/2346
f 947/907/2346 752/687/1944 944/902/2336
f 944/906/2345 948/905/2344 947/908/2347
f 947/908/2347 944/906/2345 948/905/2344
f 947/908/2347 944/906/2345 948/905/2344
f 948/905/2344 947/908/2347 944/906/2345
f 948/905/2344 947/908/2347 944/906/2345
f 944/906/2345 948/905/2344 947/908/2347
f 950/909/2348 948/905/2344 941/904/2343
f 948/905/2344 941/904/2343 950/909/2348
f 948/905/2344 941/904/2343 950/909/2348
f 941/904/2343 950/909/2348 948/905/2344
f 941/904/2343 950/909/2348 948/905/2344
f 950/909/2348 948/905/2344 941/904/2343
f 951/910/2349 948/905/2344 949/911/2350
f 950/909/2351 949/911/2350 948/905/2344
f 950/909/2351 949/911/2350 948/905/2344
f 949/911/2350 948/905/2344 950/909/2351
f 949/911/2350 948/905/2344 950/909/2351
f 948/905/2344 950/909/2351 949/911/2350
f 948/905/2344 950/909/2351 949/911/2350
f 948/905/2344 949/911/2350 951/910/2349
f 948/905/2344 949/911/2350 951/910/2349
f 949/911/2350 951/910/2349 948/905/2344
f 949/911/2350 951/910/2349 948/905/2344
f 951/910/2349 948/905/2344 949/911/2350
f 951/910/2352 947/908/2347 948/905/2344
f 951/910/2352 947/908/2347 948/905/2344
f 947/908/2347 948/905/2344 951/910/2352
f 947/908/2347 948/905/2344 951/910/2352
f 948/905/2344 951/910/2352 947/908/2347
f 948/905/2344 951/910/2352 947/908/2347
f 947/908/2353 951/910/2352 756/912/2354
f 953/913/2355 756/912/2356 951/910/2349
f 953/913/2355 756/912/2356 951/910/2349
f 756/912/2356 951/910/2349 953/913/2355
f 756/912/2356 951/910/2349 953/913/2355
f 951/910/2349 953/913/2355 756/912/2356
f 951/910/2349 953/913/2355 756/912/2356
f 756/912/2354 947/908/2357 951/910/2352
f 756/912/2354 947/908/2357 951/910/2352
f 951/910/2358 756/912/2354 947/908/2353
f 951/910/2358 756/912/2354 947/908/2353
f 947/908/2353 951/910/2352 756/912/2354
f 952/914/2359 951/910/2349 949/911/2350
f 949/911/2350 952/914/2359 951/910/2349
f 949/911/2350 952/914/2359 951/910/2349
f 951/910/2349 949/911/2350 952/914/2359
f 951/910/2349 949/911/2350 952/914/2359
f 952/914/2359 951/910/2349 949/911/2350
f 953/913/2355 951/910/2352 952/914/2359
f 951/910/2352 952/914/2359 953/913/2355
f 951/910/2352 952/914/2359 953/913/2355
f 952/914/2359 953/913/2355 951/910/2352
f 952/914/2359 953/913/2355 951/910/2352
f 953/913/2355 951/910/2352 952/914/2359
f 757/699/2360 756/912/2361 953/913/2355
f 757/699/2360 756/912/2361 953/913/2355
f 953/913/2355 757/699/2360 756/912/2361
f 953/913/2355 757/699/2360 756/912/2361
f 756/912/2361 953/913/2355 757/699/2360
f 756/912/2361 953/913/2355 757/699/2360
f 953/913/2355 954/915/2362 757/699/2360
f 953/913/2355 952/914/2359 954/915/2362
f 953/913/2355 952/914/2359 954/915/2362
f 952/914/2359 954/915/2362 953/913/2355
f 952/914/2359 954/915/2362 953/913/2355
f 954/915/2362 953/913/2355 952/914/2359
f 954/915/2362 953/913/2355 952/914/2359
f 954/915/2362 757/699/2360 953/913/2355
f 954/915/2362 757/699/2360 953/913/2355
f 757/699/2360 953/913/2355 954/915/2362
f 757/699/2360 953/913/2355 954/915/2362
f 953/913/2355 954/915/2362 757/699/2360
f 757/699/1962 954/915/2362 760/700/1966
f 956/916/2363 760/700/1966 954/915/2362
f 956/916/2363 760/700/1966 954/915/2362
f 760/700/1966 954/915/2362 956/916/2363
f 760/700/1966 954/915/2362 956/916/2363
f 954/915/2362 956/916/2363 760/700/1966
f 954/915/2362 956/916/2363 760/700/1966
f 760/700/1966 757/699/1962 954/915/2362
f 760/700/1966 757/699/1962 954/915/2362
f 954/915/2362 760/700/1966 757/699/1962
f 954/915/2362 760/700/1966 757/699/1962
f 757/699/1962 954/915/2362 760/700/1966
f 956/916/2364 954/915/2365 955/917/2366
f 952/914/2359 955/917/2367 954/915/2362
f 952/914/2359 955/917/2367 954/915/2362
f 954/915/2362 952/914/2359 955/917/2367
f 954/915/2362 952/914/2359 955/917/2367
f 955/917/2367 954/915/2362 952/914/2359
f 955/917/2367 954/915/2362 952/914/2359
f 954/915/2365 955/917/2366 956/916/2364
f 954/915/2365 955/917/2366 956/916/2364
f 955/917/2366 956/916/2364 954/915/2365
f 955/917/2366 956/916/2364 954/915/2365
f 956/916/2364 954/915/2365 955/917/2366
f 956/916/2368 957/918/2369 763/702/1969
f 956/916/2368 958/919/2370 957/918/2371
f 956/916/2368 958/919/2370 957/918/2371
f 958/919/2370 957/918/2371 956/916/2368
f 958/919/2370 957/918/2371 956/916/2368
f 957/918/2371 956/916/2368 958/919/2370
f 957/918/2371 956/916/2368 958/919/2370
f 957/918/2369 763/702/1969 956/916/2368
f 957/918/2369 763/702/1969 956/916/2368
f 763/702/1969 956/916/2368 957/918/2369
f 763/702/1969 956/916/2368 957/918/2369
f 956/916/2368 957/918/2369 763/702/1969
f 958/919/2372 956/916/2364 955/917/2367
f 955/917/2367 958/919/2372 956/916/2364
f 955/917/2367 958/919/2372 956/916/2364
f 956/916/2364 955/917/2367 958/919/2372
f 956/916/2364 955/917/2367 958/919/2372
f 958/919/2372 956/916/2364 955/917/2367
f 763/702/1969 760/700/1966 956/916/2373
f 763/702/1969 760/700/1966 956/916/2373
f 956/916/2373 763/702/1969 760/700/1966
f 956/916/2373 763/702/1969 760/700/1966
f 760/700/1966 956/916/2373 763/702/1969
f 760/700/1966 956/916/2373 763/702/1969
f 955/917/2367 961/920/2374 958/919/2375
f 955/917/2367 961/920/2374 958/919/2375
f 961/920/2374 958/919/2375 955/917/2367
f 961/920/2374 958/919/2375 955/917/2367
f 958/919/2375 955/917/2367 961/920/2374
f 958/919/2375 955/917/2367 961/920/2374
f 960/921/2376 958/919/2377 959/922/2378
f 961/920/2379 959/922/2380 958/919/2377
f 961/920/2379 959/922/2380 958/919/2377
f 958/919/2377 961/920/2379 959/922/2380
f 958/919/2377 961/920/2379 959/922/2380
f 959/922/2380 958/919/2377 961/920/2379
f 959/922/2380 958/919/2377 961/920/2379
f 958/919/2377 959/922/2378 960/921/2376
f 958/919/2377 959/922/2378 960/921/2376
f 959/922/2378 960/921/2376 958/919/2377
f 959/922/2378 960/921/2376 958/919/2377
f 960/921/2376 958/919/2377 959/922/2378
f 960/921/2381 957/918/2371 958/919/2382
f 958/919/2382 960/921/2381 957/918/2371
f 958/919/2382 960/921/2381 957/918/2371
f 957/918/2371 958/919/2382 960/921/2381
f 957/918/2371 958/919/2382 960/921/2381
f 960/921/2381 957/918/2371 958/919/2382
f 955/917/2367 962/923/2383 961/920/2384
f 962/923/2383 961/920/2384 955/917/2367
f 962/923/2383 961/920/2384 955/917/2367
f 961/920/2384 955/917/2367 962/923/2383
f 961/920/2384 955/917/2367 962/923/2383
f 955/917/2367 962/923/2383 961/920/2384
f 959/922/2385 961/920/2386 962/923/2383
f 959/922/2385 961/920/2386 962/923/2383
f 962/923/2383 959/922/2385 961/920/2386
f 962/923/2383 959/922/2385 961/920/2386
f 961/920/2386 962/923/2383 959/922/2385
f 961/920/2386 962/923/2383 959/922/2385
f 962/923/2383 963/924/2387 959/922/2385
f 962/923/2383 949/911/2388 963/924/2389
f 962/923/2383 949/911/2388 963/924/2389
f 949/911/2388 963/924/2389 962/923/2383
f 949/911/2388 963/924/2389 962/923/2383
f 963/924/2389 962/923/2383 949/911/2388
f 963/924/2389 962/923/2383 949/911/2388
f 963/924/2387 959/922/2385 962/923/2383
f 963/924/2387 959/922/2385 962/923/2383
f 959/922/2385 962/923/2383 963/924/2387
f 959/922/2385 962/923/2383 963/924/2387
f 962/923/2383 963/924/2387 959/922/2385
f 952/914/2359 949/911/2388 962/923/2383
f 952/914/2359 949/911/2388 962/923/2383
f 962/923/2383 952/914/2359 949/911/2388
f 962/923/2383 952/914/2359 949/911/2388
f 949/911/2388 962/923/2383 952/914/2359
f 949/911/2388 962/923/2383 952/914/2359
f 955/917/2367 952/914/2359 962/923/2383
f 955/917/2367 952/914/2359 962/923/2383
f 952/914/2359 962/923/2383 955/917/2367
f 952/914/2359 962/923/2383 955/917/2367
f 962/923/2383 955/917/2367 952/914/2359
f 962/923/2383 955/917/2367 952/914/2359
f 966/925/2390 963/924/2391 964/926/2392
f 965/927/2393 964/926/2394 963/924/2391
f 965/927/2393 964/926/2394 963/924/2391
f 964/926/2394 963/924/2391 965/927/2393
f 964/926/2394 963/924/2391 965/927/2393
f 963/924/2391 965/927/2393 964/926/2394
f 963/924/2391 965/927/2393 964/926/2394
f 964/926/2392 966/925/2390 963/924/2391
f 964/926/2392 966/925/2390 963/924/2391
f 963/924/2391 964/926/2392 966/925/2390
f 963/924/2391 964/926/2392 966/925/2390
f 966/925/2390 963/924/2391 964/926/2392
f 963/924/2395 966/925/2390 967/928/2396
f 966/925/2390 967/928/2396 963/924/2395
f 966/925/2390 967/928/2396 963/924/2395
f 967/928/2396 963/924/2395 966/925/2390
f 967/928/2396 963/924/2395 966/925/2390
f 963/924/2395 966/925/2390 967/928/2396
f 963/924/2389 949/911/2350 950/909/2351
f 963/924/2389 949/911/2350 950/909/2351
f 950/909/2351 963/924/2389 949/911/2350
f 950/909/2351 963/924/2389 949/911/2350
f 949/911/2350 950/909/2351 963/924/2389
f 949/911/2350 950/909/2351 963/924/2389
f 968/929/2397 963/924/2389 950/909/2348
f 968/929/2397 963/924/2389 950/909/2348
f 963/924/2389 950/909/2348 968/929/2397
f 963/924/2389 950/909/2348 968/929/2397
f 950/909/2348 968/929/2397 963/924/2389
f 950/909/2348 968/929/2397 963/924/2389
f 968/929/2398 959/922/2399 963/924/2389
f 968/929/2398 959/922/2399 963/924/2389
f 959/922/2399 963/924/2389 968/929/2398
f 959/922/2399 963/924/2389 968/929/2398
f 963/924/2389 968/929/2398 959/922/2399
f 963/924/2389 968/929/2398 959/922/2399
f 969/930/2400 968/929/2397 937/931/2401
f 969/930/2400 959/922/2378 968/929/2397
f 969/930/2400 959/922/2378 968/929/2397
f 968/929/2397 969/930/2400 959/922/2378
f 968/929/2397 969/930/2400 959/922/2378
f 959/922/2378 968/929/2397 969/930/2400
f 959/922/2378 968/929/2397 969/930/2400
f 968/929/2397 937/931/2401 969/930/2402
f 968/929/2397 937/931/2401 969/930/2402
f 937/931/2401 969/930/2400 968/929/2397
f 937/931/2401 969/930/2400 968/929/2397
f 969/930/2400 968/929/2397 937/931/2401
f 950/909/2351 937/931/2403 968/929/2404
f 950/909/2351 937/931/2403 968/929/2404
f 937/931/2403 968/929/2404 950/909/2351
f 937/931/2403 968/929/2404 950/909/2351
f 968/929/2404 950/909/2351 937/931/2403
f 968/929/2404 950/909/2351 937/931/2403
f 970/932/2405 969/930/2400 932/889/2406
f 936/930/2407 932/889/2408 969/930/2400
f 936/930/2407 932/889/2408 969/930/2400
f 969/930/2400 936/930/2407 932/889/2408
f 969/930/2400 936/930/2407 932/889/2408
f 932/889/2408 969/930/2400 936/930/2407
f 932/889/2408 969/930/2400 936/930/2407
f 969/930/2400 932/889/2406 970/932/2405
f 969/930/2400 932/889/2406 970/932/2405
f 932/889/2406 970/932/2405 969/930/2400
f 932/889/2406 970/932/2405 969/930/2400
f 970/932/2405 969/930/2400 932/889/2406
f 937/931/2401 936/930/2409 969/930/2400
f 937/931/2401 936/930/2409 969/930/2400
f 969/930/2400 937/931/2401 936/930/2409
f 969/930/2400 937/931/2401 936/930/2409
f 936/930/2409 969/930/2400 937/931/2401
f 936/930/2409 969/930/2400 937/931/2401
f 969/930/2400 970/932/2410 959/922/2399
f 970/932/2410 959/922/2399 969/930/2400
f 970/932/2410 959/922/2399 969/930/2400
f 959/922/2399 969/930/2400 970/932/2410
f 959/922/2399 969/930/2400 970/932/2410
f 969/930/2400 970/932/2410 959/922/2399
f 933/888/2313 930/884/2306 970/932/2410
f 763/702/1969 970/932/2410 930/884/2306
f 763/702/1969 970/932/2410 930/884/2306
f 970/932/2410 930/884/2306 763/702/1969
f 970/932/2410 930/884/2306 763/702/1969
f 930/884/2306 763/702/1969 970/932/2410
f 930/884/2306 763/702/1969 970/932/2410
f 970/932/2410 933/888/2313 930/884/2306
f 970/932/2410 933/888/2313 930/884/2306
f 930/884/2306 970/932/2410 933/888/2313
f 930/884/2306 970/932/2410 933/888/2313
f 933/888/2313 930/884/2306 970/932/2410
f 960/921/2411 970/932/2410 763/702/1969
f 960/921/2411 970/932/2410 763/702/1969
f 970/932/2410 763/702/1969 960/921/2411
f 970/932/2410 763/702/1969 960/921/2411
f 763/702/1969 960/921/2411 970/932/2410
f 763/702/1969 960/921/2411 970/932/2410
f 959/922/2378 970/932/2412 960/921/2413
f 959/922/2378 970/932/2412 960/921/2413
f 960/921/2413 959/922/2378 970/932/2412
f 960/921/2413 959/922/2378 970/932/2412
f 970/932/2412 960/921/2413 959/922/2378
f 970/932/2412 960/921/2413 959/922/2378
f 933/888/2313 970/932/2405 932/889/2414
f 970/932/2412 932/889/2414 933/888/2313
f 970/932/2412 932/889/2414 933/888/2313
f 932/889/2414 933/888/2313 970/932/2415
f 932/889/2414 933/888/2313 970/932/2415
f 933/888/2313 970/932/2405 932/889/2414
f 971/933/2416 967/928/2396 966/925/2417
f 971/933/2416 967/928/2396 966/925/2417
f 966/925/2417 971/933/2416 967/928/2396
f 966/925/2417 971/933/2416 967/928/2396
f 967/928/2396 966/925/2417 971/933/2416
f 967/928/2396 966/925/2417 971/933/2416
f 967/928/2396 971/933/2416 949/911/2418
f 971/933/2416 949/911/2418 967/928/2396
f 971/933/2416 949/911/2418 967/928/2396
f 949/911/2418 967/928/2396 971/933/2416
f 949/911/2418 967/928/2396 971/933/2416
f 967/928/2396 971/933/2416 949/911/2418
f 966/925/2390 972/934/2419 971/933/2416
f 971/933/2416 966/925/2390 972/934/2419
f 971/933/2416 966/925/2390 972/934/2419
f 972/934/2419 971/933/2416 966/925/2390
f 972/934/2419 971/933/2416 966/925/2390
f 966/925/2390 972/934/2419 971/933/2416
f 972/934/2419 974/935/2420 971/933/2416
f 974/935/2420 971/933/2416 972/934/2419
f 974/935/2420 971/933/2416 972/934/2419
f 971/933/2416 972/934/2419 974/935/2420
f 971/933/2416 972/934/2419 974/935/2420
f 972/934/2419 974/935/2420 971/933/2416
f 971/933/2421 974/935/2420 973/936/2422
f 973/936/2422 949/911/2418 971/933/2416
f 973/936/2422 949/911/2418 971/933/2416
f 971/933/2416 973/936/2422 949/911/2418
f 971/933/2416 973/936/2422 949/911/2418
f 949/911/2418 971/933/2416 973/936/2422
f 949/911/2418 971/933/2416 973/936/2422
f 973/936/2422 971/933/2421 974/935/2420
f 973/936/2422 971/933/2421 974/935/2420
f 974/935/2420 973/936/2422 971/933/2421
f 974/935/2420 973/936/2422 971/933/2421
f 971/933/2421 974/935/2420 973/936/2422
f 976/937/2423 975/938/2424 974/935/2420
f 973/936/2422 974/935/2420 975/938/2424
f 973/936/2422 974/935/2420 975/938/2424
f 975/938/2424 973/936/2422 974/935/2420
f 975/938/2424 973/936/2422 974/935/2420
f 974/935/2420 975/938/2424 973/936/2422
f 974/935/2420 975/938/2424 973/936/2422
f 975/938/2424 974/935/2420 976/937/2423
f 975/938/2424 974/935/2420 976/937/2423
f 974/935/2420 976/937/2423 975/938/2424
f 974/935/2420 976/937/2423 975/938/2424
f 976/937/2423 975/938/2424 974/935/2420
f 976/937/2423 977/939/2425 975/938/2426
f 975/938/2426 976/937/2423 977/939/2425
f 975/938/2426 976/937/2423 977/939/2425
f 977/939/2425 975/938/2426 976/937/2423
f 977/939/2425 975/938/2426 976/937/2423
f 976/937/2423 977/939/2425 975/938/2426
f 978/940/2427 977/939/2425 976/937/2428
f 977/939/2425 976/937/2428 978/940/2427
f 977/939/2425 976/937/2428 978/940/2427
f 976/937/2423 978/940/2427 977/939/2425
f 976/937/2423 978/940/2427 977/939/2425
f 978/940/2427 977/939/2425 976/937/2428
f 978/940/2429 979/941/2430 980/942/2431
f 979/941/2430 980/942/2432 978/940/2429
f 979/941/2430 980/942/2432 978/940/2429
f 980/942/2431 978/940/2429 979/941/2433
f 980/942/2431 978/940/2429 979/941/2433
f 978/940/2429 979/941/2430 980/942/2431
f 977/939/2425 978/940/2427 980/942/2432
f 980/942/2431 977/939/2425 978/940/2427
f 980/942/2431 977/939/2425 978/940/2427
f 978/940/2427 980/942/2431 977/939/2425
f 978/940/2427 980/942/2431 977/939/2425
f 977/939/2425 978/940/2427 980/942/2432
f 980/942/2431 979/941/2433 982/943/2434
f 982/943/2434 980/942/2432 979/941/2433
f 982/943/2434 980/942/2432 979/941/2433
f 979/941/2433 982/943/2434 980/942/2431
f 979/941/2433 982/943/2434 980/942/2431
f 980/942/2431 979/941/2433 982/943/2434
f 977/939/2425 980/942/2432 952/914/2435
f 981/944/2436 952/914/2437 980/942/2431
f 981/944/2436 952/914/2437 980/942/2431
f 952/914/2437 980/942/2431 981/944/2436
f 952/914/2437 980/942/2431 981/944/2436
f 980/942/2431 981/944/2436 952/914/2437
f 980/942/2431 981/944/2436 952/914/2437
f 952/914/2435 977/939/2425 980/942/2432
f 952/914/2435 977/939/2425 980/942/2432
f 980/942/2432 952/914/2435 977/939/2425
f 980/942/2432 952/914/2435 977/939/2425
f 977/939/2425 980/942/2432 952/914/2435
f 982/943/2438 981/944/2436 980/942/2431
f 980/942/2431 982/943/2438 981/944/2436
f 980/942/2431 982/943/2438 981/944/2436
f 981/944/2436 980/942/2431 982/943/2438
f 981/944/2436 980/942/2431 982/943/2438
f 982/943/2438 981/944/2436 980/942/2431
f 986/945/2439 982/943/2434 979/941/2430
f 986/945/2439 982/943/2434 979/941/2430
f 982/943/2434 979/941/2430 986/945/2439
f 982/943/2434 979/941/2430 986/945/2439
f 979/941/2430 986/945/2439 982/943/2434
f 979/941/2430 986/945/2439 982/943/2434
f 983/946/2440 981/944/2436 982/943/2438
f 981/944/2436 982/943/2438 983/946/2440
f 981/944/2436 982/943/2438 983/946/2440
f 982/943/2438 983/946/2440 981/944/2436
f 982/943/2438 983/946/2440 981/944/2436
f 983/946/2440 981/944/2436 982/943/2438
f 985/947/2441 983/946/2440 982/943/2434
f 982/943/2434 985/947/2441 983/946/2440
f 982/943/2434 985/947/2441 983/946/2440
f 983/946/2440 982/943/2434 985/947/2441
f 983/946/2440 982/943/2434 985/947/2441
f 985/947/2441 983/946/2440 982/943/2434
f 985/947/2442 982/943/2434 984/948/2443
f 986/945/2444 984/948/2445 982/943/2434
f 986/945/2444 984/948/2445 982/943/2434
f 982/943/2434 986/945/2444 984/948/2445
f 982/943/2434 986/945/2444 984/948/2445
f 984/948/2445 982/943/2434 986/945/2444
f 984/948/2445 982/943/2434 986/945/2444
f 982/943/2434 984/948/2443 985/947/2442
f 982/943/2434 984/948/2443 985/947/2442
f 984/948/2443 985/947/2442 982/943/2434
f 984/948/2443 985/947/2442 982/943/2434
f 985/947/2442 982/943/2434 984/948/2443
f 988/949/2446 985/947/2441 984/948/2445
f 984/948/2447 988/949/2446 985/947/2441
f 984/948/2447 988/949/2446 985/947/2441
f 985/947/2441 984/948/2445 988/949/2446
f 985/947/2441 984/948/2445 988/949/2446
f 988/949/2446 985/947/2441 984/948/2445
f 989/950/2448 987/951/2449 985/947/2441
f 983/946/2440 985/947/2441 987/951/2450
f 983/946/2440 985/947/2441 987/951/2450
f 985/947/2441 987/951/2450 983/946/2440
f 985/947/2441 987/951/2450 983/946/2440
f 987/951/2450 983/946/2440 985/947/2441
f 987/951/2450 983/946/2440 985/947/2441
f 985/947/2441 989/950/2448 987/951/2449
f 985/947/2441 989/950/2448 987/951/2449
f 987/951/2449 985/947/2441 989/950/2448
f 987/951/2449 985/947/2441 989/950/2448
f 989/950/2448 987/951/2449 985/947/2441
f 989/950/2451 985/947/2441 988/949/2446
f 985/947/2441 988/949/2446 989/950/2451
f 985/947/2441 988/949/2446 989/950/2451
f 988/949/2446 989/950/2451 985/947/2441
f 988/949/2446 989/950/2451 985/947/2441
f 989/950/2451 985/947/2441 988/949/2446
f 990/952/2452 989/950/2451 988/949/2446
f 988/949/2446 990/952/2452 989/950/2451
f 988/949/2446 990/952/2452 989/950/2451
f 989/950/2451 988/949/2446 990/952/2452
f 989/950/2451 988/949/2446 990/952/2452
f 990/952/2452 989/950/2451 988/949/2446
f 992/953/2453 987/951/2450 989/950/2448
f 987/951/2449 989/950/2448 992/953/2453
f 987/951/2449 989/950/2448 992/953/2453
f 989/950/2448 992/953/2453 987/951/2450
f 989/950/2448 992/953/2453 987/951/2450
f 992/953/2453 987/951/2450 989/950/2448
f 991/954/2454 989/950/2448 990/952/2452
f 989/950/2448 990/952/2452 991/954/2454
f 989/950/2448 990/952/2452 991/954/2454
f 990/952/2452 991/954/2454 989/950/2448
f 990/952/2452 991/954/2454 989/950/2448
f 991/954/2454 989/950/2448 990/952/2452
f 991/954/2455 992/953/2453 989/950/2451
f 989/950/2451 991/954/2455 992/953/2453
f 989/950/2451 991/954/2455 992/953/2453
f 992/953/2453 989/950/2451 991/954/2455
f 992/953/2453 989/950/2451 991/954/2455
f 991/954/2455 992/953/2453 989/950/2451
f 993/955/2456 992/953/2453 991/954/2457
f 992/953/2453 991/954/2457 993/955/2456
f 992/953/2453 991/954/2457 993/955/2456
f 991/954/2457 993/955/2456 992/953/2453
f 991/954/2457 993/955/2456 992/953/2453
f 993/955/2456 992/953/2453 991/954/2457
f 994/956/2458 993/955/2456 995/957/2459
f 993/955/2456 995/957/2459 994/956/2458
f 993/955/2456 995/957/2459 994/956/2458
f 995/957/2459 994/956/2458 993/955/2456
f 995/957/2459 994/956/2458 993/955/2456
f 994/956/2458 993/955/2456 995/957/2459
f 995/957/2459 993/955/2456 991/954/2460
f 991/954/2460 995/957/2459 993/955/2456
f 991/954/2460 995/957/2459 993/955/2456
f 993/955/2456 991/954/2460 995/957/2459
f 993/955/2456 991/954/2460 995/957/2459
f 995/957/2459 993/955/2456 991/954/2460
f 995/957/2461 996/958/2461 991/954/2461
f 991/954/2455 996/958/2462 995/957/2459
f 991/954/2461 995/957/2461 996/958/2461
f 996/958/2461 991/954/2461 995/957/2461
f 996/958/2461 991/954/2461 995/957/2461
f 995/957/2461 996/958/2461 991/954/2461
f 990/952/2452 996/958/2462 991/954/2455
f 990/952/2452 996/958/2462 991/954/2455
f 991/954/2457 990/952/2452 996/958/2462
f 991/954/2457 990/952/2452 996/958/2462
f 996/958/2462 991/954/2457 990/952/2452
f 996/958/2462 991/954/2457 990/952/2452
f 977/939/2463 997/959/2464 975/938/2426
f 975/938/2426 977/939/2463 997/959/2464
f 975/938/2426 977/939/2463 997/959/2464
f 997/959/2464 975/938/2465 977/939/2463
f 997/959/2464 975/938/2465 977/939/2463
f 977/939/2463 997/959/2464 975/938/2426
f 952/914/2435 997/959/2464 977/939/2425
f 997/959/2464 977/939/2425 952/914/2435
f 997/959/2464 977/939/2425 952/914/2435
f 977/939/2425 952/914/2435 997/959/2464
f 977/939/2425 952/914/2435 997/959/2464
f 952/914/2435 997/959/2464 977/939/2425
f 997/959/2466 949/911/2418 975/938/2465
f 949/911/2418 975/938/2465 997/959/2466
f 949/911/2418 975/938/2465 997/959/2466
f 975/938/2465 997/959/2466 949/911/2418
f 975/938/2465 997/959/2466 949/911/2418
f 997/959/2466 949/911/2418 975/938/2465
f 973/936/2422 975/938/2465 949/911/2418
f 973/936/2422 975/938/2465 949/911/2418
f 949/911/2418 973/936/2422 975/938/2465
f 949/911/2418 973/936/2422 975/938/2465
f 975/938/2465 949/911/2418 973/936/2422
f 975/938/2465 949/911/2418 973/936/2422
f 998/960/2467 972/934/2419 966/925/2417
f 972/934/2419 966/925/2417 998/960/2467
f 972/934/2419 966/925/2417 998/960/2467
f 966/925/2417 998/960/2467 972/934/2419
f 966/925/2417 998/960/2467 972/934/2419
f 998/960/2467 972/934/2419 966/925/2417
f 999/961/2468 998/960/2467 964/926/2392
f 966/925/2417 964/926/2392 998/960/2467
f 966/925/2417 964/926/2392 998/960/2467
f 998/960/2467 966/925/2417 964/926/2392
f 998/960/2467 966/925/2417 964/926/2392
f 964/926/2392 998/960/2467 966/925/2417
f 964/926/2392 998/960/2467 966/925/2417
f 998/960/2467 964/926/2394 999/961/2468
f 998/960/2467 964/926/2394 999/961/2468
f 964/926/2394 999/961/2468 998/960/2467
f 964/926/2394 999/961/2468 998/960/2467
f 999/961/2468 998/960/2467 964/926/2392
f 964/926/2394 1000/962/2469 999/961/2468
f 1001/963/2470 999/961/2468 1000/962/2471
f 1001/963/2470 999/961/2468 1000/962/2471
f 999/961/2468 1000/962/2471 1001/963/2470
f 999/961/2468 1000/962/2471 1001/963/2470
f 1000/962/2471 1001/963/2470 999/961/2468
f 1000/962/2471 1001/963/2470 999/961/2468
f 999/961/2468 964/926/2394 1000/962/2469
f 999/961/2468 964/926/2394 1000/962/2469
f 1000/962/2469 999/961/2468 964/926/2392
f 1000/962/2469 999/961/2468 964/926/2392
f 964/926/2394 1000/962/2469 999/961/2468
f 1002/964/2472 1001/963/2470 1000/962/2469
f 1001/963/2470 1000/962/2469 1002/964/2472
f 1001/963/2470 1000/962/2469 1002/964/2472
f 1000/962/2469 1002/964/2472 1001/963/2470
f 1000/962/2469 1002/964/2472 1001/963/2470
f 1002/964/2472 1001/963/2470 1000/962/2469
f 1003/965/2473 1002/964/2474 1000/962/2471
f 1000/962/2471 1003/965/2473 1002/964/2474
f 1000/962/2471 1003/965/2473 1002/964/2474
f 1002/964/2474 1000/962/2471 1003/965/2473
f 1002/964/2474 1000/962/2471 1003/965/2473
f 1003/965/2473 1002/964/2474 1000/962/2471
f 1002/964/2475 1003/965/2476 1004/966/2477
f 1002/964/2475 1003/965/2476 1004/966/2477
f 1003/965/2476 1004/966/2477 1002/964/2472
f 1003/965/2476 1004/966/2477 1002/964/2472
f 1004/966/2477 1002/964/2472 1003/965/2476
f 1004/966/2477 1002/964/2472 1003/965/2476
f 1004/966/2477 1006/967/2478 1005/968/2479
f 1006/967/2478 1005/968/2479 1004/966/2477
f 1006/967/2478 1005/968/2479 1004/966/2477
f 1005/968/2479 1004/966/2477 1006/967/2478
f 1005/968/2479 1004/966/2477 1006/967/2478
f 1004/966/2477 1006/967/2478 1005/968/2479
f 1006/967/2478 1004/966/2477 1003/965/2476
f 1003/965/2476 1006/967/2478 1004/966/2477
f 1003/965/2476 1006/967/2478 1004/966/2477
f 1004/966/2477 1003/965/2476 1006/967/2478
f 1004/966/2477 1003/965/2476 1006/967/2478
f 1006/967/2478 1004/966/2477 1003/965/2476
f 1005/968/2479 1006/967/2480 1007/969/2481
f 1006/967/2478 1009/970/2482 1007/969/2481
f 1006/967/2478 1009/970/2482 1007/969/2481
f 1007/969/2481 1006/967/2478 1009/970/2482
f 1007/969/2481 1006/967/2478 1009/970/2482
f 1009/970/2482 1007/969/2481 1006/967/2478
f 1009/970/2482 1007/969/2481 1006/967/2478
f 1007/969/2481 1005/968/2479 1006/967/2480
f 1007/969/2481 1005/968/2479 1006/967/2480
f 1006/967/2480 1007/969/2481 1005/968/2479
f 1006/967/2480 1007/969/2481 1005/968/2479
f 1005/968/2479 1006/967/2480 1007/969/2481
f 1009/970/2482 1006/967/2480 1008/971/2483
f 1003/965/2476 1008/971/2484 1006/967/2480
f 1003/965/2476 1008/971/2484 1006/967/2480
f 1006/967/2480 1003/965/2476 1008/971/2484
f 1006/967/2480 1003/965/2476 1008/971/2484
f 1008/971/2484 1006/967/2480 1003/965/2476
f 1008/971/2484 1006/967/2480 1003/965/2476
f 1006/967/2480 1008/971/2483 1009/970/2482
f 1006/967/2480 1008/971/2483 1009/970/2482
f 1008/971/2484 1009/970/2482 1006/967/2480
f 1008/971/2484 1009/970/2482 1006/967/2480
f 1009/970/2482 1006/967/2480 1008/971/2483
f 1010/972/2485 1007/969/2481 1009/970/2482
f 1007/969/2481 1009/970/2482 1010/972/2485
f 1007/969/2481 1009/970/2482 1010/972/2485
f 1009/970/2482 1010/972/2485 1007/969/2481
f 1009/970/2482 1010/972/2485 1007/969/2481
f 1010/972/2485 1007/969/2481 1009/970/2482
f 1007/969/2481 1010/972/2485 1011/973/2486
f 1007/969/2481 1010/972/2485 1011/973/2486
f 1011/973/2486 1007/969/2481 1010/972/2485
f 1011/973/2486 1007/969/2481 1010/972/2485
f 1010/972/2485 1011/973/2486 1007/969/2481
f 1010/972/2485 1011/973/2486 1007/969/2481
f 959/922/2487 1011/973/2486 1010/972/2485
f 1011/973/2486 1010/972/2485 959/922/2487
f 1011/973/2486 1010/972/2485 959/922/2487
f 1010/972/2485 959/922/2487 1011/973/2486
f 1010/972/2485 959/922/2487 1011/973/2486
f 959/922/2487 1011/973/2486 1010/972/2485
f 1012/974/2488 1007/969/2481 1011/973/2486
f 1011/973/2486 1012/974/2489 1007/969/2481
f 1011/973/2486 1012/974/2489 1007/969/2481
f 1007/969/2481 1011/973/2486 1012/974/2488
f 1007/969/2481 1011/973/2486 1012/974/2488
f 1012/974/2488 1007/969/2481 1011/973/2486
f 1005/968/2479 1007/969/2481 1012/974/2488
f 1007/969/2481 1012/974/2488 1005/968/2479
f 1007/969/2481 1012/974/2488 1005/968/2479
f 1012/974/2489 1005/968/2479 1007/969/2481
f 1012/974/2489 1005/968/2479 1007/969/2481
f 1005/968/2479 1007/969/2481 1012/974/2488
f 1008/971/2483 1003/965/2476 1013/975/2490
f 1003/965/2476 1013/975/2490 1008/971/2483
f 1003/965/2476 1013/975/2490 1008/971/2483
f 1013/975/2490 1008/971/2483 1003/965/2476
f 1013/975/2490 1008/971/2483 1003/965/2476
f 1008/971/2483 1003/965/2476 1013/975/2490
f 1013/975/2490 1000/962/2471 965/927/2393
f 1000/962/2469 1013/975/2490 1003/965/2476
f 1000/962/2469 1013/975/2490 1003/965/2476
f 1003/965/2476 1000/962/2469 1013/975/2490
f 1003/965/2476 1000/962/2469 1013/975/2490
f 1013/975/2490 1003/965/2476 1000/962/2469
f 1013/975/2490 1003/965/2476 1000/962/2469
f 1000/962/2471 965/927/2393 1013/975/2490
f 1000/962/2471 965/927/2393 1013/975/2490
f 965/927/2393 1013/975/2490 1000/962/2471
f 965/927/2393 1013/975/2490 1000/962/2471
f 1013/975/2490 1000/962/2471 965/927/2393
f 965/927/2393 1000/962/2471 964/926/2392
f 964/926/2392 965/927/2393 1000/962/2471
f 964/926/2392 965/927/2393 1000/962/2471
f 1000/962/2471 964/926/2394 965/927/2393
f 1000/962/2471 964/926/2394 965/927/2393
f 965/927/2393 1000/962/2471 964/926/2392
f 763/702/1969 957/918/2369 960/921/2381
f 960/921/2381 763/702/1969 957/918/2369
f 960/921/2381 763/702/1969 957/918/2369
f 957/918/2369 960/921/2381 763/702/1969
f 957/918/2369 960/921/2381 763/702/1969
f 763/702/1969 957/918/2369 960/921/2381
f 937/931/2403 950/909/2348 941/904/2491
f 941/904/2492 937/931/2403 950/909/2348
f 941/904/2492 937/931/2403 950/909/2348
f 950/909/2493 941/904/2492 937/931/2403
f 950/909/2493 941/904/2492 937/931/2403
f 937/931/2403 950/909/2348 941/904/2491
f 751/688/1945 752/687/1947 947/907/2346
f 752/687/1947 947/907/2346 751/688/1945
f 752/687/1947 947/907/2346 751/688/1945
f 947/907/2346 751/688/1945 752/687/1947
f 947/907/2346 751/688/1945 752/687/1947
f 751/688/1945 752/687/1947 947/907/2346
f 947/907/2494 756/693/1954 751/688/1945
f 947/907/2494 756/693/1954 751/688/1945
f 751/688/1945 947/907/2494 756/693/1954
f 751/688/1945 947/907/2494 756/693/1954
f 756/693/1954 751/688/1945 947/907/2494
f 756/693/1954 751/688/1945 947/907/2494
f 939/897/2327 943/900/2342 731/666/1909
f 730/667/1910 731/666/1909 943/900/2333
f 730/667/1910 731/666/1909 943/900/2333
f 731/666/1909 943/900/2333 730/667/1910
f 731/666/1909 943/900/2333 730/667/1910
f 943/900/2333 730/667/1910 731/666/1909
f 943/900/2333 730/667/1910 731/666/1909
f 731/666/1909 939/897/2327 943/900/2342
f 731/666/1909 939/897/2327 943/900/2342
f 943/900/2342 731/666/1909 939/897/2327
f 943/900/2342 731/666/1909 939/897/2327
f 939/897/2327 943/900/2342 731/666/1909
f 731/666/2495 938/896/2496 939/897/2327
f 939/897/2327 731/666/2495 938/896/2496
f 939/897/2327 731/666/2495 938/896/2496
f 938/896/2496 939/897/2327 731/666/2495
f 938/896/2496 939/897/2327 731/666/2495
f 731/666/2495 938/896/2496 939/897/2327
f 1014/976/2497 926/881/2298 938/896/2325
f 938/896/2325 1014/976/2497 926/881/2298
f 938/896/2325 1014/976/2497 926/881/2298
f 926/881/2298 938/896/2325 1014/976/2497
f 926/881/2298 938/896/2325 1014/976/2497
f 1014/976/2497 926/881/2298 938/896/2325
f 1014/976/2497 938/896/2325 731/666/1909
f 938/896/2325 731/666/1909 1014/976/2497
f 938/896/2325 731/666/1909 1014/976/2497
f 731/666/1909 1014/976/2497 938/896/2325
f 731/666/1909 1014/976/2497 938/896/2325
f 1014/976/2497 938/896/2325 731/666/1909
f 728/664/1914 1014/976/2497 731/666/1909
f 1014/976/2497 728/664/1904 922/877/2291
f 1014/976/2497 728/664/1904 922/877/2291
f 922/877/2291 1014/976/2497 728/664/1904
f 922/877/2291 1014/976/2497 728/664/1904
f 728/664/1904 922/877/2291 1014/976/2497
f 728/664/1904 922/877/2291 1014/976/2497
f 1014/976/2497 731/666/1909 728/664/1914
f 1014/976/2497 731/666/1909 728/664/1914
f 731/666/1909 728/664/1914 1014/976/2497
f 731/666/1909 728/664/1914 1014/976/2497
f 728/664/1914 1014/976/2497 731/666/1909
f 924/879/2294 1014/976/2497 922/877/2291
f 924/879/2294 1014/976/2497 922/877/2291
f 1014/976/2497 922/877/2291 924/879/2294
f 1014/976/2497 922/877/2291 924/879/2294
f 922/877/2291 924/879/2294 1014/976/2497
f 922/877/2291 924/879/2294 1014/976/2497
f 924/879/2294 926/881/2298 1014/976/2497
f 926/881/2298 1014/976/2497 924/879/2294
f 926/881/2298 1014/976/2497 924/879/2294
f 1014/976/2497 924/879/2294 926/881/2298
f 1014/976/2497 924/879/2294 926/881/2298
f 924/879/2294 926/881/2298 1014/976/2497
f 930/884/2306 764/703/1970 763/702/1969
f 930/884/2306 764/703/1970 763/702/1969
f 764/703/1970 763/702/1969 930/884/2306
f 764/703/1970 763/702/1969 930/884/2306
f 763/702/1969 930/884/2306 764/703/1970
f 763/702/1969 930/884/2306 764/703/1970
f 727/663/1905 922/877/2292 728/664/1904
f 922/877/2292 728/664/1904 727/663/1905
f 922/877/2292 728/664/1904 727/663/1905
f 728/664/1904 727/663/1905 922/877/2292
f 728/664/1904 727/663/1905 922/877/2292
f 727/663/1905 922/877/2292 728/664/1904
f 793/736/2021 797/739/2027 794/734/2017
f 794/734/2017 793/736/2021 797/739/2027
f 794/734/2017 793/736/2021 797/739/2027
f 797/739/2027 794/734/2017 793/736/2021
f 797/739/2027 794/734/2017 793/736/2021
f 793/736/2021 797/739/2027 794/734/2017
f 754/691/1949 767/709/1979 769/711/1987
f 754/691/1949 767/709/1979 769/711/1987
f 767/709/1979 769/711/1987 754/691/1949
f 767/709/1979 769/711/1987 754/691/1949
f 769/711/1987 754/691/1949 767/709/1979
f 769/711/1987 754/691/1949 767/709/1979
f 755/690/1948 767/709/1979 754/691/1949
f 755/690/1948 767/709/1979 754/691/1949
f 754/691/1949 755/690/1948 767/709/1979
f 754/691/1949 755/690/1948 767/709/1979
f 767/709/1979 754/691/1949 755/690/1948
f 767/709/1979 754/691/1949 755/690/1948
f 767/709/1979 755/690/1948 759/698/1961
f 755/690/1948 759/698/1961 767/709/1979
f 755/690/1948 759/698/1961 767/709/1979
f 759/698/1961 767/709/1979 755/690/1948
f 759/698/1961 767/709/1979 755/690/1948
f 767/709/1979 755/690/1948 759/698/1961
f 748/683/1935 749/686/1941 754/691/1949
f 748/683/1935 749/686/1941 754/691/1949
f 749/686/1941 754/691/1949 748/683/1935
f 749/686/1941 754/691/1949 748/683/1935
f 754/691/1949 748/683/1935 749/686/1941
f 754/691/1949 748/683/1935 749/686/1941
f 680/613/1797 726/662/2498 724/661/1897
f 680/613/1797 726/662/2498 724/661/1897
f 724/661/1897 680/613/1797 726/662/2498
f 724/661/1897 680/613/1797 726/662/2498
f 726/662/2498 724/661/1897 680/613/1797
f 726/662/2498 724/661/1897 680/613/1797
f 699/635/2499 680/613/2500 724/661/1899
f 699/635/2499 680/613/2500 724/661/1899
f 680/613/2500 724/661/1899 699/635/2499
f 680/613/2500 724/661/1899 699/635/2499
f 724/661/1899 699/635/2499 680/613/2500
f 724/661/1899 699/635/2499 680/613/2500
f 680/613/1797 699/635/2499 679/614/1793
f 679/614/1793 680/613/1797 699/635/2499
f 679/614/1793 680/613/1797 699/635/2499
f 699/635/2499 679/614/1793 680/613/1797
f 699/635/2499 679/614/1793 680/613/1797
f 680/613/1797 699/635/2499 679/614/1793
f 695/630/1830 696/632/1832 676/610/1842
f 696/632/1832 676/610/1842 695/630/1830
f 696/632/1832 676/610/1842 695/630/1830
f 676/610/1842 695/630/1830 696/632/1832
f 676/610/1842 695/630/1830 696/632/1832
f 695/630/1830 696/632/1832 676/610/1842
f 693/626/2501 695/630/2502 677/608/1788
f 695/630/2502 677/608/1788 693/626/2501
f 695/630/2502 677/608/1788 693/626/2501
f 677/608/1788 693/626/2501 695/630/2502
f 677/608/1788 693/626/2501 695/630/2502
f 693/626/2501 695/630/2502 677/608/1788
f 677/608/1788 695/630/2503 676/610/1842
f 676/610/1842 677/608/1788 695/630/2503
f 676/610/1842 677/608/1788 695/630/2503
f 695/630/2503 676/610/1842 677/608/1788
f 695/630/2503 676/610/1842 677/608/1788
f 677/608/1788 695/630/2503 676/610/1842
f 675/607/2504 693/626/1821 677/608/2505
f 677/608/2505 675/607/2504 693/626/1821
f 677/608/2505 675/607/2504 693/626/1821
f 693/626/1821 677/608/2505 675/607/2504
f 693/626/1821 677/608/2505 675/607/2504
f 675/607/2504 693/626/1821 677/608/2505
f 688/622/1811 691/625/2506 673/602/2507
f 674/604/1783 673/602/2508 691/625/1818
f 674/604/1783 673/602/2508 691/625/1818
f 691/625/1818 674/604/1783 673/602/2508
f 691/625/1818 674/604/1783 673/602/2508
f 673/602/2508 691/625/1818 674/604/1783
f 673/602/2508 691/625/1818 674/604/1783
f 691/625/2506 673/602/2507 688/622/1811
f 691/625/2506 673/602/2507 688/622/1811
f 673/602/2507 688/622/1811 691/625/2506
f 673/602/2507 688/622/1811 691/625/2506
f 688/622/1811 691/625/2506 673/602/2507
f 691/625/1818 688/622/1811 689/623/1813
f 688/622/1811 689/623/1813 691/625/1818
f 688/622/1811 689/623/1813 691/625/1818
f 689/623/1813 691/625/1818 688/622/1811
f 689/623/1813 691/625/1818 688/622/1811
f 691/625/1818 688/622/1811 689/623/1813
f 684/616/1805 688/622/1811 673/602/2508
f 688/622/1811 673/602/2508 684/616/1805
f 688/622/1811 673/602/2508 684/616/1805
f 673/602/2508 684/616/1805 688/622/1811
f 673/602/2508 684/616/1805 688/622/1811
f 684/616/1805 688/622/1811 673/602/2508
f 683/617/1806 679/611/1798 687/619/1808
f 683/617/1806 679/611/1798 687/619/1808
f 679/611/1798 687/619/1808 683/617/1806
f 679/611/1798 687/619/1808 683/617/1806
f 687/619/1808 683/617/1806 679/611/1798
f 687/619/1808 683/617/1806 679/611/1798
f 1016/977/2509 1021/978/2510 1015/979/2511
f 1015/979/2511 1017/980/2512 1016/977/2509
f 1015/979/2511 1017/980/2512 1016/977/2509
f 1016/977/2509 1015/979/2511 1017/980/2512
f 1016/977/2509 1015/979/2511 1017/980/2512
f 1017/980/2512 1016/977/2509 1015/979/2511
f 1017/980/2512 1016/977/2509 1015/979/2511
f 1015/979/2511 1016/977/2509 1021/978/2510
f 1015/979/2511 1016/977/2509 1021/978/2510
f 1021/978/2510 1015/979/2511 1016/977/2509
f 1021/978/2510 1015/979/2511 1016/977/2509
f 1016/977/2509 1021/978/2510 1015/979/2511
f 1015/979/2513 1020/981/2514 1017/980/2515
f 1017/980/2515 1015/979/2513 1020/981/2514
f 1017/980/2515 1015/979/2513 1020/981/2514
f 1020/981/2514 1017/980/2515 1015/979/2513
f 1020/981/2514 1017/980/2515 1015/979/2513
f 1015/979/2513 1020/981/2514 1017/980/2515
f 1021/978/2516 1018/982/2517 1015/979/2511
f 1015/979/2518 1018/982/2517 1019/983/2519
f 1015/979/2518 1018/982/2517 1019/983/2519
f 1019/983/2519 1015/979/2518 1018/982/2517
f 1019/983/2519 1015/979/2518 1018/982/2517
f 1018/982/2517 1019/983/2519 1015/979/2518
f 1018/982/2517 1019/983/2519 1015/979/2518
f 1018/982/2517 1015/979/2511 1021/978/2516
f 1018/982/2517 1015/979/2511 1021/978/2516
f 1015/979/2513 1021/978/2516 1018/982/2517
f 1015/979/2513 1021/978/2516 1018/982/2517
f 1021/978/2516 1018/982/2517 1015/979/2511
f 1020/981/2514 1015/979/2513 1019/983/2519
f 1020/981/2514 1015/979/2513 1019/983/2519
f 1015/979/2513 1019/983/2519 1020/981/2514
f 1015/979/2513 1019/983/2519 1020/981/2514
f 1019/983/2519 1020/981/2514 1015/979/2513
f 1019/983/2519 1020/981/2514 1015/979/2513
f 1022/984/2520 1021/978/2521 1016/977/2522
f 1021/978/2521 1016/977/2522 1022/984/2520
f 1021/978/2521 1016/977/2522 1022/984/2520
f 1016/977/2522 1022/984/2520 1021/978/2521
f 1016/977/2522 1022/984/2520 1021/978/2521
f 1022/984/2520 1021/978/2521 1016/977/2522
f 1023/985/2523 1022/984/2520 1016/977/2509
f 1022/984/2520 1016/977/2509 1023/985/2523
f 1022/984/2520 1016/977/2509 1023/985/2523
f 1016/977/2509 1023/985/2523 1022/984/2520
f 1016/977/2509 1023/985/2523 1022/984/2520
f 1023/985/2523 1022/984/2520 1016/977/2509
f 1024/986/2524 1023/985/2523 1025/987/2525
f 1023/985/2523 1025/987/2525 1024/986/2524
f 1023/985/2523 1025/987/2525 1024/986/2524
f 1025/987/2525 1024/986/2524 1023/985/2523
f 1025/987/2525 1024/986/2524 1023/985/2523
f 1024/986/2524 1023/985/2523 1025/987/2525
f 1016/977/2522 1025/987/2525 1023/985/2523
f 1016/977/2522 1025/987/2525 1023/985/2523
f 1023/985/2523 1016/977/2522 1025/987/2525
f 1023/985/2523 1016/977/2522 1025/987/2525
f 1025/987/2525 1023/985/2523 1016/977/2522
f 1025/987/2525 1023/985/2523 1016/977/2522
f 1026/988/2526 1025/987/2525 1017/980/2527
f 1016/977/2522 1017/980/2528 1025/987/2525
f 1016/977/2522 1017/980/2528 1025/987/2525
f 1017/980/2528 1025/987/2525 1016/977/2522
f 1017/980/2528 1025/987/2525 1016/977/2522
f 1025/987/2525 1016/977/2522 1017/980/2528
f 1025/987/2525 1016/977/2522 1017/980/2528
f 1025/987/2525 1017/980/2527 1026/988/2526
f 1025/987/2525 1017/980/2527 1026/988/2526
f 1017/980/2527 1026/988/2526 1025/987/2525
f 1017/980/2527 1026/988/2526 1025/987/2525
f 1026/988/2526 1025/987/2525 1017/980/2527
f 1026/988/2526 1027/989/2529 1025/987/2525
f 1025/987/2525 1026/988/2526 1027/989/2529
f 1025/987/2525 1026/988/2526 1027/989/2529
f 1027/989/2529 1025/987/2525 1026/988/2526
f 1027/989/2529 1025/987/2525 1026/988/2526
f 1026/988/2526 1027/989/2529 1025/987/2525
f 1024/986/2524 1025/987/2525 1027/989/2529
f 1024/986/2524 1025/987/2525 1027/989/2529
f 1025/987/2525 1027/989/2529 1024/986/2524
f 1025/987/2525 1027/989/2529 1024/986/2524
f 1027/989/2529 1024/986/2524 1025/987/2525
f 1027/989/2529 1024/986/2524 1025/987/2525
f 1026/988/2526 1028/990/2530 1027/989/2529
f 1026/988/2526 1028/990/2530 1027/989/2529
f 1028/990/2530 1027/989/2529 1026/988/2526
f 1028/990/2530 1027/989/2529 1026/988/2526
f 1027/989/2529 1026/988/2526 1028/990/2530
f 1027/989/2529 1026/988/2526 1028/990/2530
f 1029/991/2531 1027/989/2529 1028/990/2530
f 1028/990/2530 1029/991/2531 1027/989/2529
f 1028/990/2530 1029/991/2531 1027/989/2529
f 1027/989/2529 1028/990/2530 1029/991/2531
f 1027/989/2529 1028/990/2530 1029/991/2531
f 1029/991/2531 1027/989/2529 1028/990/2530
f 1030/992/2532 1029/991/2532 1027/989/2532
f 1029/991/2531 1030/992/2533 1027/989/2529
f 1029/991/2532 1027/989/2532 1030/992/2532
f 1027/989/2532 1030/992/2532 1029/991/2532
f 1027/989/2532 1030/992/2532 1029/991/2532
f 1030/992/2532 1029/991/2532 1027/989/2532
f 1024/986/2524 1027/989/2529 1030/992/2533
f 1027/989/2529 1030/992/2533 1024/986/2524
f 1027/989/2529 1030/992/2533 1024/986/2524
f 1030/992/2533 1024/986/2524 1027/989/2529
f 1030/992/2533 1024/986/2524 1027/989/2529
f 1024/986/2524 1027/989/2529 1030/992/2533
f 1030/992/2533 1029/991/2531 1033/993/2534
f 1029/991/2531 1033/993/2534 1030/992/2533
f 1029/991/2531 1033/993/2534 1030/992/2533
f 1033/993/2534 1030/992/2533 1029/991/2531
f 1033/993/2534 1030/992/2533 1029/991/2531
f 1030/992/2533 1029/991/2531 1033/993/2534
f 1031/994/2535 1024/986/2524 1030/992/2533
f 1024/986/2524 1030/992/2533 1031/994/2535
f 1024/986/2524 1030/992/2533 1031/994/2535
f 1030/992/2533 1031/994/2535 1024/986/2524
f 1030/992/2533 1031/994/2535 1024/986/2524
f 1031/994/2535 1024/986/2524 1030/992/2533
f 1032/995/2536 1031/994/2535 1030/992/2533
f 1030/992/2533 1032/995/2536 1031/994/2535
f 1030/992/2533 1032/995/2536 1031/994/2535
f 1031/994/2535 1030/992/2533 1032/995/2536
f 1031/994/2535 1030/992/2533 1032/995/2536
f 1032/995/2536 1031/994/2535 1030/992/2533
f 1032/995/2536 1030/992/2533 1033/993/2537
f 1030/992/2533 1033/993/2537 1032/995/2536
f 1030/992/2533 1033/993/2537 1032/995/2536
f 1033/993/2537 1032/995/2536 1030/992/2533
f 1033/993/2537 1032/995/2536 1030/992/2533
f 1032/995/2536 1030/992/2533 1033/993/2537
f 1037/996/2538 1033/993/2534 1029/991/2531
f 1037/996/2538 1033/993/2534 1029/991/2531
f 1029/991/2531 1037/996/2538 1033/993/2534
f 1029/991/2531 1037/996/2538 1033/993/2534
f 1033/993/2534 1029/991/2531 1037/996/2538
f 1033/993/2534 1029/991/2531 1037/996/2538
f 1035/997/2539 1032/995/2540 1033/993/2541
f 1033/993/2541 1035/997/2539 1032/995/2540
f 1033/993/2541 1035/997/2539 1032/995/2540
f 1032/995/2540 1033/993/2541 1035/997/2539
f 1032/995/2540 1033/993/2541 1035/997/2539
f 1035/997/2539 1032/995/2540 1033/993/2541
f 1036/998/2542 1034/999/2543 1033/993/2544
f 1035/997/2545 1033/993/2544 1034/999/2546
f 1035/997/2545 1033/993/2544 1034/999/2546
f 1034/999/2546 1035/997/2545 1033/993/2544
f 1034/999/2546 1035/997/2545 1033/993/2544
f 1033/993/2544 1034/999/2546 1035/997/2545
f 1033/993/2544 1034/999/2546 1035/997/2545
f 1034/999/2543 1033/993/2544 1036/998/2542
f 1034/999/2543 1033/993/2544 1036/998/2542
f 1033/993/2544 1036/998/2542 1034/999/2543
f 1033/993/2544 1036/998/2542 1034/999/2543
f 1036/998/2542 1034/999/2543 1033/993/2544
f 1037/996/2538 1036/998/2547 1033/993/2534
f 1033/993/2534 1037/996/2538 1036/998/2547
f 1033/993/2534 1037/996/2538 1036/998/2547
f 1036/998/2547 1033/993/2534 1037/996/2538
f 1036/998/2547 1033/993/2534 1037/996/2538
f 1037/996/2538 1036/998/2547 1033/993/2534
f 1029/991/2531 1028/990/2530 1037/996/2538
f 1041/1000/2548 1037/996/2538 1028/990/2530
f 1041/1000/2548 1037/996/2538 1028/990/2530
f 1028/990/2530 1041/1000/2548 1037/996/2538
f 1028/990/2530 1041/1000/2548 1037/996/2538
f 1037/996/2538 1028/990/2530 1041/1000/2548
f 1037/996/2538 1028/990/2530 1041/1000/2548
f 1028/990/2530 1037/996/2538 1029/991/2531
f 1028/990/2530 1037/996/2538 1029/991/2531
f 1037/996/2538 1029/991/2531 1028/990/2530
f 1037/996/2538 1029/991/2531 1028/990/2530
f 1029/991/2531 1028/990/2530 1037/996/2538
f 1038/1001/2549 1036/998/2547 1037/996/2538
f 1036/998/2547 1037/996/2538 1038/1001/2549
f 1036/998/2547 1037/996/2538 1038/1001/2549
f 1037/996/2538 1038/1001/2549 1036/998/2547
f 1037/996/2538 1038/1001/2549 1036/998/2547
f 1038/1001/2549 1036/998/2547 1037/996/2538
f 1039/1002/2550 1038/1001/2549 1037/996/2538
f 1037/996/2538 1039/1002/2550 1038/1001/2549
f 1037/996/2538 1039/1002/2550 1038/1001/2549
f 1038/1001/2549 1037/996/2538 1039/1002/2550
f 1038/1001/2549 1037/996/2538 1039/1002/2550
f 1039/1002/2550 1038/1001/2549 1037/996/2538
f 1040/1003/2551 1039/1002/2550 1037/996/2552
f 1039/1002/2550 1037/996/2552 1040/1003/2551
f 1039/1002/2550 1037/996/2552 1040/1003/2551
f 1037/996/2552 1040/1003/2551 1039/1002/2550
f 1037/996/2552 1040/1003/2551 1039/1002/2550
f 1040/1003/2551 1039/1002/2550 1037/996/2552
f 1041/1000/2548 1040/1003/2553 1037/996/2538
f 1037/996/2538 1041/1000/2548 1040/1003/2553
f 1037/996/2538 1041/1000/2548 1040/1003/2553
f 1040/1003/2553 1037/996/2538 1041/1000/2548
f 1040/1003/2553 1037/996/2538 1041/1000/2548
f 1041/1000/2548 1040/1003/2553 1037/996/2538
f 1042/1004/2554 1041/1000/2548 1028/990/2530
f 1042/1004/2554 1041/1000/2548 1028/990/2530
f 1041/1000/2548 1028/990/2530 1042/1004/2554
f 1041/1000/2548 1028/990/2530 1042/1004/2554
f 1028/990/2530 1042/1004/2554 1041/1000/2548
f 1028/990/2530 1042/1004/2554 1041/1000/2548
f 1040/1003/2553 1041/1000/2548 1042/1004/2554
f 1040/1003/2553 1041/1000/2548 1042/1004/2554
f 1041/1000/2548 1042/1004/2554 1040/1003/2553
f 1041/1000/2548 1042/1004/2554 1040/1003/2553
f 1042/1004/2554 1040/1003/2553 1041/1000/2548
f 1042/1004/2554 1040/1003/2553 1041/1000/2548
f 1017/980/2527 1043/1005/2555 1042/1004/2554
f 1017/980/2527 1042/1004/2554 1026/988/2526
f 1017/980/2527 1042/1004/2554 1026/988/2526
f 1026/988/2526 1017/980/2527 1042/1004/2554
f 1026/988/2526 1017/980/2527 1042/1004/2554
f 1042/1004/2554 1026/988/2526 1017/980/2527
f 1042/1004/2554 1026/988/2526 1017/980/2527
f 1042/1004/2554 1017/980/2527 1043/1005/2555
f 1042/1004/2554 1017/980/2527 1043/1005/2555
f 1043/1005/2555 1042/1004/2554 1017/980/2527
f 1043/1005/2555 1042/1004/2554 1017/980/2527
f 1017/980/2527 1043/1005/2555 1042/1004/2554
f 1028/990/2530 1026/988/2526 1042/1004/2554
f 1042/1004/2554 1028/990/2530 1026/988/2526
f 1042/1004/2554 1028/990/2530 1026/988/2526
f 1026/988/2526 1042/1004/2554 1028/990/2530
f 1026/988/2526 1042/1004/2554 1028/990/2530
f 1028/990/2530 1026/988/2526 1042/1004/2554
f 1040/1003/2551 1042/1004/2556 1045/1006/2557
f 1040/1003/2551 1042/1004/2556 1045/1006/2557
f 1045/1006/2557 1040/1003/2551 1042/1004/2556
f 1045/1006/2557 1040/1003/2551 1042/1004/2556
f 1042/1004/2556 1045/1006/2557 1040/1003/2551
f 1042/1004/2556 1045/1006/2557 1040/1003/2551
f 1044/1007/2558 1042/1004/2554 1043/1005/2555
f 1044/1007/2558 1042/1004/2554 1043/1005/2555
f 1042/1004/2554 1043/1005/2555 1044/1007/2558
f 1042/1004/2554 1043/1005/2555 1044/1007/2558
f 1043/1005/2555 1044/1007/2558 1042/1004/2554
f 1043/1005/2555 1044/1007/2558 1042/1004/2554
f 1045/1006/2557 1042/1004/2554 1044/1007/2558
f 1045/1006/2557 1042/1004/2554 1044/1007/2558
f 1042/1004/2554 1044/1007/2558 1045/1006/2557
f 1042/1004/2554 1044/1007/2558 1045/1006/2557
f 1044/1007/2558 1045/1006/2557 1042/1004/2554
f 1044/1007/2558 1045/1006/2557 1042/1004/2554
f 1044/1007/2559 1046/1008/2560 1045/1006/2557
f 1044/1007/2559 1046/1008/2560 1045/1006/2557
f 1046/1008/2560 1045/1006/2557 1044/1007/2559
f 1046/1008/2560 1045/1006/2557 1044/1007/2559
f 1045/1006/2557 1044/1007/2561 1046/1008/2560
f 1045/1006/2557 1044/1007/2561 1046/1008/2560
f 1040/1003/2551 1045/1006/2557 1046/1008/2560
f 1046/1008/2560 1040/1003/2551 1045/1006/2557
f 1046/1008/2560 1040/1003/2551 1045/1006/2557
f 1045/1006/2557 1046/1008/2560 1040/1003/2551
f 1045/1006/2557 1046/1008/2560 1040/1003/2551
f 1040/1003/2551 1045/1006/2557 1046/1008/2560
f 1048/1009/2562 1047/1010/2563 1046/1008/2560
f 1040/1003/2551 1046/1008/2560 1047/1010/2564
f 1040/1003/2551 1046/1008/2560 1047/1010/2564
f 1047/1010/2564 1040/1003/2551 1046/1008/2560
f 1047/1010/2564 1040/1003/2551 1046/1008/2560
f 1046/1008/2560 1047/1010/2564 1040/1003/2551
f 1046/1008/2560 1047/1010/2564 1040/1003/2551
f 1046/1008/2560 1048/1009/2562 1047/1010/2563
f 1046/1008/2560 1048/1009/2562 1047/1010/2563
f 1047/1010/2563 1046/1008/2560 1048/1009/2562
f 1047/1010/2563 1046/1008/2560 1048/1009/2562
f 1048/1009/2562 1047/1010/2563 1046/1008/2560
f 1048/1009/2562 1046/1008/2560 1044/1007/2565
f 1048/1009/2562 1046/1008/2560 1044/1007/2565
f 1044/1007/2565 1048/1009/2562 1046/1008/2560
f 1044/1007/2565 1048/1009/2562 1046/1008/2560
f 1046/1008/2560 1044/1007/2565 1048/1009/2562
f 1046/1008/2560 1044/1007/2565 1048/1009/2562
f 1049/1011/2566 1047/1010/2563 1048/1009/2562
f 1047/1010/2563 1048/1009/2562 1049/1011/2566
f 1047/1010/2563 1048/1009/2562 1049/1011/2566
f 1048/1009/2562 1049/1011/2566 1047/1010/2563
f 1048/1009/2562 1049/1011/2566 1047/1010/2563
f 1049/1011/2566 1047/1010/2563 1048/1009/2562
f 1050/1012/2567 1049/1011/2568 1048/1009/2562
f 1048/1009/2562 1050/1012/2567 1049/1011/2568
f 1048/1009/2562 1050/1012/2567 1049/1011/2568
f 1049/1011/2568 1048/1009/2562 1050/1012/2567
f 1049/1011/2568 1048/1009/2562 1050/1012/2567
f 1050/1012/2567 1049/1011/2568 1048/1009/2562
f 1048/1009/2562 1044/1007/2565 1050/1012/2567
f 1044/1007/2565 1050/1012/2567 1048/1009/2569
f 1044/1007/2565 1050/1012/2567 1048/1009/2569
f 1050/1012/2567 1048/1009/2562 1044/1007/2565
f 1050/1012/2567 1048/1009/2562 1044/1007/2565
f 1048/1009/2562 1044/1007/2565 1050/1012/2567
f 1050/1012/2567 1044/1007/2570 1051/1013/2571
f 1050/1012/2567 1051/1013/2572 1052/1014/2573
f 1050/1012/2567 1051/1013/2572 1052/1014/2573
f 1052/1014/2573 1050/1012/2567 1051/1013/2572
f 1052/1014/2573 1050/1012/2567 1051/1013/2572
f 1051/1013/2572 1052/1014/2573 1050/1012/2567
f 1051/1013/2572 1052/1014/2573 1050/1012/2567
f 1051/1013/2571 1050/1012/2567 1044/1007/2570
f 1051/1013/2571 1050/1012/2567 1044/1007/2570
f 1044/1007/2570 1051/1013/2571 1050/1012/2567
f 1044/1007/2570 1051/1013/2571 1050/1012/2567
f 1050/1012/2567 1044/1007/2570 1051/1013/2571
f 1049/1011/2574 1050/1012/2567 1052/1014/2575
f 1049/1011/2574 1050/1012/2567 1052/1014/2575
f 1050/1012/2567 1052/1014/2575 1049/1011/2574
f 1050/1012/2567 1052/1014/2575 1049/1011/2574
f 1052/1014/2575 1049/1011/2574 1050/1012/2567
f 1052/1014/2575 1049/1011/2574 1050/1012/2567
f 1049/1011/2574 1052/1014/2575 1055/1015/2576
f 1052/1014/2575 1055/1015/2576 1049/1011/2574
f 1052/1014/2575 1055/1015/2576 1049/1011/2574
f 1055/1015/2576 1049/1011/2574 1052/1014/2575
f 1055/1015/2576 1049/1011/2574 1052/1014/2575
f 1049/1011/2574 1052/1014/2575 1055/1015/2576
f 1053/1016/2577 1052/1014/2573 1051/1013/2571
f 1052/1014/2573 1051/1013/2571 1053/1016/2577
f 1052/1014/2573 1051/1013/2571 1053/1016/2577
f 1051/1013/2571 1053/1016/2577 1052/1014/2573
f 1051/1013/2571 1053/1016/2577 1052/1014/2573
f 1053/1016/2577 1052/1014/2573 1051/1013/2571
f 1052/1014/2573 1053/1016/2577 1054/1017/2578
f 1053/1016/2577 1054/1017/2578 1052/1014/2573
f 1053/1016/2577 1054/1017/2578 1052/1014/2573
f 1054/1017/2578 1052/1014/2573 1053/1016/2577
f 1054/1017/2578 1052/1014/2573 1053/1016/2577
f 1052/1014/2573 1053/1016/2577 1054/1017/2578
f 1055/1015/2576 1052/1014/2573 1054/1017/2579
f 1054/1017/2579 1055/1015/2576 1052/1014/2573
f 1054/1017/2579 1055/1015/2576 1052/1014/2573
f 1052/1014/2573 1054/1017/2579 1055/1015/2576
f 1052/1014/2573 1054/1017/2579 1055/1015/2576
f 1055/1015/2576 1052/1014/2573 1054/1017/2579
f 1054/1017/2578 1038/1001/2580 1055/1015/2576
f 1055/1015/2576 1054/1017/2578 1038/1001/2580
f 1055/1015/2576 1054/1017/2578 1038/1001/2580
f 1038/1001/2580 1055/1015/2576 1054/1017/2578
f 1038/1001/2580 1055/1015/2576 1054/1017/2578
f 1054/1017/2578 1038/1001/2580 1055/1015/2576
f 1056/1018/2581 1055/1015/2576 1038/1001/2582
f 1056/1018/2581 1055/1015/2576 1038/1001/2582
f 1038/1001/2582 1056/1018/2583 1055/1015/2576
f 1038/1001/2582 1056/1018/2583 1055/1015/2576
f 1055/1015/2576 1038/1001/2582 1056/1018/2581
f 1055/1015/2576 1038/1001/2582 1056/1018/2581
f 1055/1015/2576 1056/1018/2581 1049/1011/2568
f 1055/1015/2576 1056/1018/2581 1049/1011/2568
f 1049/1011/2568 1055/1015/2576 1056/1018/2581
f 1049/1011/2568 1055/1015/2576 1056/1018/2581
f 1056/1018/2581 1049/1011/2568 1055/1015/2576
f 1056/1018/2581 1049/1011/2568 1055/1015/2576
f 1057/1019/2584 1056/1018/2581 1038/1001/2582
f 1057/1019/2584 1056/1018/2581 1038/1001/2582
f 1056/1018/2581 1038/1001/2582 1057/1019/2584
f 1056/1018/2581 1038/1001/2582 1057/1019/2584
f 1038/1001/2582 1057/1019/2584 1056/1018/2581
f 1038/1001/2582 1057/1019/2584 1056/1018/2581
f 1057/1019/2584 1047/1010/2563 1056/1018/2581
f 1049/1011/2566 1056/1018/2581 1047/1010/2563
f 1049/1011/2566 1056/1018/2581 1047/1010/2563
f 1056/1018/2581 1047/1010/2563 1049/1011/2566
f 1056/1018/2581 1047/1010/2563 1049/1011/2566
f 1047/1010/2563 1049/1011/2566 1056/1018/2581
f 1047/1010/2563 1049/1011/2566 1056/1018/2581
f 1056/1018/2581 1057/1019/2584 1047/1010/2563
f 1056/1018/2581 1057/1019/2584 1047/1010/2563
f 1047/1010/2563 1056/1018/2581 1057/1019/2584
f 1047/1010/2563 1056/1018/2581 1057/1019/2584
f 1057/1019/2584 1047/1010/2563 1056/1018/2581
f 1038/1001/2585 1039/1002/2550 1057/1019/2584
f 1038/1001/2585 1039/1002/2550 1057/1019/2584
f 1039/1002/2550 1057/1019/2584 1038/1001/2586
f 1039/1002/2550 1057/1019/2584 1038/1001/2586
f 1057/1019/2584 1038/1001/2585 1039/1002/2550
f 1057/1019/2584 1038/1001/2585 1039/1002/2550
f 1047/1010/2564 1057/1019/2584 1040/1003/2551
f 1039/1002/2550 1040/1003/2551 1057/1019/2584
f 1039/1002/2550 1040/1003/2551 1057/1019/2584
f 1057/1019/2584 1039/1002/2550 1040/1003/2551
f 1057/1019/2584 1039/1002/2550 1040/1003/2551
f 1040/1003/2551 1057/1019/2584 1039/1002/2550
f 1040/1003/2551 1057/1019/2584 1039/1002/2550
f 1057/1019/2584 1040/1003/2551 1047/1010/2564
f 1057/1019/2584 1040/1003/2551 1047/1010/2564
f 1040/1003/2551 1047/1010/2564 1057/1019/2584
f 1040/1003/2551 1047/1010/2564 1057/1019/2584
f 1047/1010/2564 1057/1019/2584 1040/1003/2551
f 1036/998/2542 1038/1001/2587 1054/1017/2578
f 1038/1001/2587 1054/1017/2578 1036/998/2542
f 1038/1001/2587 1054/1017/2578 1036/998/2542
f 1054/1017/2578 1036/998/2542 1038/1001/2587
f 1054/1017/2578 1036/998/2542 1038/1001/2587
f 1036/998/2542 1038/1001/2587 1054/1017/2578
f 1058/1020/2588 1036/998/2542 1054/1017/2579
f 1054/1017/2579 1058/1020/2588 1036/998/2542
f 1054/1017/2579 1058/1020/2588 1036/998/2542
f 1036/998/2542 1054/1017/2579 1058/1020/2588
f 1036/998/2542 1054/1017/2579 1058/1020/2588
f 1058/1020/2588 1036/998/2542 1054/1017/2579
f 1058/1020/2589 1054/1017/2579 1053/1016/2577
f 1058/1020/2589 1054/1017/2579 1053/1016/2577
f 1053/1016/2577 1058/1020/2589 1054/1017/2579
f 1053/1016/2577 1058/1020/2589 1054/1017/2579
f 1054/1017/2579 1053/1016/2577 1058/1020/2589
f 1054/1017/2579 1053/1016/2577 1058/1020/2589
f 1059/1021/2590 1034/999/2591 1058/1020/2588
f 1059/1021/2590 1058/1020/2588 1060/1022/2592
f 1059/1021/2590 1058/1020/2588 1060/1022/2592
f 1060/1022/2592 1059/1021/2590 1058/1020/2588
f 1060/1022/2592 1059/1021/2590 1058/1020/2588
f 1058/1020/2588 1060/1022/2592 1059/1021/2590
f 1058/1020/2588 1060/1022/2592 1059/1021/2590
f 1058/1020/2588 1059/1021/2590 1034/999/2591
f 1058/1020/2588 1059/1021/2590 1034/999/2591
f 1034/999/2591 1058/1020/2588 1059/1021/2590
f 1034/999/2591 1058/1020/2588 1059/1021/2590
f 1059/1021/2590 1034/999/2591 1058/1020/2588
f 1036/998/2542 1058/1020/2589 1034/999/2593
f 1036/998/2542 1058/1020/2589 1034/999/2593
f 1058/1020/2589 1034/999/2593 1036/998/2542
f 1058/1020/2589 1034/999/2593 1036/998/2542
f 1034/999/2593 1036/998/2542 1058/1020/2589
f 1034/999/2593 1036/998/2542 1058/1020/2589
f 1053/1016/2577 1060/1022/2592 1058/1020/2589
f 1060/1022/2592 1058/1020/2589 1053/1016/2577
f 1060/1022/2592 1058/1020/2589 1053/1016/2577
f 1058/1020/2589 1053/1016/2577 1060/1022/2592
f 1058/1020/2589 1053/1016/2577 1060/1022/2592
f 1053/1016/2577 1060/1022/2592 1058/1020/2589
f 1059/1021/2590 1060/1022/2592 1061/1023/2594
f 1053/1016/2577 1061/1023/2595 1060/1022/2592
f 1053/1016/2577 1061/1023/2595 1060/1022/2592
f 1061/1023/2595 1060/1022/2592 1053/1016/2577
f 1061/1023/2595 1060/1022/2592 1053/1016/2577
f 1060/1022/2592 1053/1016/2577 1061/1023/2595
f 1060/1022/2592 1053/1016/2577 1061/1023/2595
f 1061/1023/2594 1059/1021/2590 1060/1022/2592
f 1061/1023/2594 1059/1021/2590 1060/1022/2592
f 1060/1022/2592 1061/1023/2594 1059/1021/2590
f 1060/1022/2592 1061/1023/2594 1059/1021/2590
f 1059/1021/2590 1060/1022/2592 1061/1023/2594
f 1061/1023/2594 1020/981/2596 1059/1021/2590
f 1059/1021/2590 1061/1023/2594 1020/981/2596
f 1059/1021/2590 1061/1023/2594 1020/981/2596
f 1020/981/2596 1059/1021/2590 1061/1023/2594
f 1020/981/2596 1059/1021/2590 1061/1023/2594
f 1061/1023/2594 1020/981/2596 1059/1021/2590
f 1043/1005/2597 1020/981/2598 1061/1023/2595
f 1020/981/2598 1061/1023/2595 1043/1005/2597
f 1020/981/2598 1061/1023/2595 1043/1005/2597
f 1061/1023/2595 1043/1005/2597 1020/981/2598
f 1061/1023/2595 1043/1005/2597 1020/981/2598
f 1043/1005/2597 1020/981/2598 1061/1023/2595
f 1051/1013/2572 1043/1005/2597 1061/1023/2594
f 1061/1023/2594 1051/1013/2572 1043/1005/2597
f 1061/1023/2594 1051/1013/2572 1043/1005/2597
f 1043/1005/2597 1061/1023/2594 1051/1013/2572
f 1043/1005/2597 1061/1023/2594 1051/1013/2572
f 1051/1013/2572 1043/1005/2597 1061/1023/2594
f 1051/1013/2572 1061/1023/2595 1053/1016/2577
f 1051/1013/2572 1061/1023/2595 1053/1016/2577
f 1053/1016/2577 1051/1013/2572 1061/1023/2595
f 1053/1016/2577 1051/1013/2572 1061/1023/2595
f 1061/1023/2595 1053/1016/2577 1051/1013/2572
f 1061/1023/2595 1053/1016/2577 1051/1013/2572
f 1019/983/2519 1059/1021/2590 1020/981/2514
f 1019/983/2519 1059/1021/2590 1020/981/2514
f 1059/1021/2590 1020/981/2514 1019/983/2519
f 1059/1021/2590 1020/981/2514 1019/983/2519
f 1020/981/2514 1019/983/2519 1059/1021/2590
f 1020/981/2514 1019/983/2519 1059/1021/2590
f 1019/983/2519 1034/999/2546 1059/1021/2590
f 1034/999/2546 1059/1021/2590 1019/983/2519
f 1034/999/2546 1059/1021/2590 1019/983/2519
f 1059/1021/2590 1019/983/2519 1034/999/2546
f 1059/1021/2590 1019/983/2519 1034/999/2546
f 1019/983/2519 1034/999/2546 1059/1021/2590
f 1044/1007/2599 1043/1005/2597 1051/1013/2571
f 1043/1005/2597 1051/1013/2571 1044/1007/2599
f 1043/1005/2597 1051/1013/2571 1044/1007/2599
f 1051/1013/2571 1044/1007/2599 1043/1005/2597
f 1051/1013/2571 1044/1007/2599 1043/1005/2597
f 1044/1007/2599 1043/1005/2597 1051/1013/2571
f 1020/981/2600 1043/1005/2597 1017/980/2515
f 1043/1005/2597 1017/980/2515 1020/981/2600
f 1043/1005/2597 1017/980/2515 1020/981/2600
f 1017/980/2515 1020/981/2600 1043/1005/2597
f 1017/980/2515 1020/981/2600 1043/1005/2597
f 1020/981/2600 1043/1005/2597 1017/980/2515
f 1032/995/2540 1035/997/2539 1062/1024/2601
f 1032/995/2540 1035/997/2539 1062/1024/2601
f 1062/1024/2601 1032/995/2540 1035/997/2539
f 1062/1024/2601 1032/995/2540 1035/997/2539
f 1035/997/2539 1062/1024/2601 1032/995/2540
f 1035/997/2539 1062/1024/2601 1032/995/2540
f 1018/982/2517 1062/1024/2602 1035/997/2539
f 1062/1024/2602 1035/997/2539 1018/982/2517
f 1062/1024/2602 1035/997/2539 1018/982/2517
f 1035/997/2545 1018/982/2517 1062/1024/2602
f 1035/997/2545 1018/982/2517 1062/1024/2602
f 1018/982/2517 1062/1024/2602 1035/997/2539
f 1019/983/2519 1018/982/2517 1035/997/2603
f 1035/997/2603 1019/983/2519 1018/982/2517
f 1035/997/2603 1019/983/2519 1018/982/2517
f 1018/982/2517 1035/997/2603 1019/983/2519
f 1018/982/2517 1035/997/2603 1019/983/2519
f 1019/983/2519 1018/982/2517 1035/997/2603
f 1034/999/2546 1019/983/2519 1035/997/2545
f 1019/983/2519 1035/997/2545 1034/999/2546
f 1019/983/2519 1035/997/2545 1034/999/2546
f 1035/997/2545 1034/999/2593 1019/983/2519
f 1035/997/2545 1034/999/2593 1019/983/2519
f 1034/999/2546 1019/983/2519 1035/997/2545
f 1063/1025/2604 1032/995/2536 1062/1024/2605
f 1063/1025/2604 1032/995/2536 1062/1024/2605
f 1032/995/2536 1062/1024/2605 1063/1025/2604
f 1032/995/2536 1062/1024/2605 1063/1025/2604
f 1062/1024/2605 1063/1025/2604 1032/995/2536
f 1062/1024/2605 1063/1025/2604 1032/995/2536
f 1031/994/2535 1032/995/2540 1063/1025/2604
f 1031/994/2535 1032/995/2540 1063/1025/2604
f 1032/995/2540 1063/1025/2604 1031/994/2535
f 1032/995/2540 1063/1025/2604 1031/994/2535
f 1063/1025/2604 1031/994/2535 1032/995/2540
f 1063/1025/2604 1031/994/2535 1032/995/2540
f 1066/1026/2606 1065/1027/2607 1064/1028/2608
f 1064/1028/2608 1066/1026/2609 1065/1027/2607
f 1064/1028/2608 1066/1026/2609 1065/1027/2607
f 1065/1027/2607 1064/1028/2608 1066/1026/2606
f 1065/1027/2607 1064/1028/2608 1066/1026/2606
f 1066/1026/2606 1065/1027/2607 1064/1028/2608
f 1066/1026/2610 1064/1028/2608 1068/1029/2611
f 1064/1028/2612 1068/1029/2611 1066/1026/2610
f 1064/1028/2612 1068/1029/2611 1066/1026/2610
f 1068/1029/2611 1066/1026/2610 1064/1028/2608
f 1068/1029/2611 1066/1026/2610 1064/1028/2608
f 1066/1026/2610 1064/1028/2608 1068/1029/2611
f 1064/1028/2613 1067/1030/2614 1068/1029/2615
f 1067/1030/2614 1068/1029/2615 1064/1028/2608
f 1067/1030/2614 1068/1029/2615 1064/1028/2608
f 1068/1029/2615 1064/1028/2613 1067/1030/2614
f 1068/1029/2615 1064/1028/2613 1067/1030/2614
f 1064/1028/2613 1067/1030/2614 1068/1029/2615
f 1068/1029/2611 1069/1031/2616 1070/1032/2617
f 1069/1031/2616 1068/1029/2611 1067/1030/2618
f 1069/1031/2616 1068/1029/2611 1067/1030/2618
f 1067/1030/2618 1069/1031/2616 1068/1029/2611
f 1067/1030/2618 1069/1031/2616 1068/1029/2611
f 1068/1029/2611 1067/1030/2618 1069/1031/2616
f 1068/1029/2611 1067/1030/2618 1069/1031/2616
f 1070/1032/2617 1068/1029/2611 1069/1031/2616
f 1070/1032/2617 1068/1029/2611 1069/1031/2616
f 1069/1031/2619 1070/1032/2617 1068/1029/2611
f 1069/1031/2619 1070/1032/2617 1068/1029/2611
f 1068/1029/2611 1069/1031/2616 1070/1032/2617
f 1070/1032/2617 1066/1026/2610 1068/1029/2611
f 1068/1029/2611 1070/1032/2617 1066/1026/2610
f 1068/1029/2611 1070/1032/2617 1066/1026/2610
f 1066/1026/2610 1068/1029/2611 1070/1032/2617
f 1066/1026/2610 1068/1029/2611 1070/1032/2617
f 1070/1032/2617 1066/1026/2610 1068/1029/2611
f 1072/1033/2620 1071/1034/2621 1070/1032/2622
f 1074/1035/2623 1070/1032/2624 1071/1034/2625
f 1074/1035/2623 1070/1032/2624 1071/1034/2625
f 1070/1032/2624 1071/1034/2625 1074/1035/2623
f 1070/1032/2624 1071/1034/2625 1074/1035/2623
f 1071/1034/2625 1074/1035/2623 1070/1032/2624
f 1071/1034/2625 1074/1035/2623 1070/1032/2624
f 1070/1032/2622 1072/1033/2620 1071/1034/2626
f 1070/1032/2622 1072/1033/2620 1071/1034/2626
f 1071/1034/2621 1070/1032/2622 1072/1033/2620
f 1071/1034/2621 1070/1032/2622 1072/1033/2620
f 1072/1033/2620 1071/1034/2621 1070/1032/2622
f 1072/1033/2627 1070/1032/2617 1069/1031/2619
f 1072/1033/2628 1069/1031/2628 1070/1032/2628
f 1070/1032/2628 1072/1033/2628 1069/1031/2628
f 1070/1032/2628 1072/1033/2628 1069/1031/2628
f 1069/1031/2628 1070/1032/2628 1072/1033/2628
f 1069/1031/2628 1070/1032/2628 1072/1033/2628
f 1075/1036/2629 1073/1037/2630 1070/1032/2617
f 1066/1026/2606 1070/1032/2617 1073/1037/2631
f 1066/1026/2606 1070/1032/2617 1073/1037/2631
f 1070/1032/2617 1073/1037/2631 1066/1026/2606
f 1070/1032/2617 1073/1037/2631 1066/1026/2606
f 1073/1037/2631 1066/1026/2606 1070/1032/2617
f 1073/1037/2631 1066/1026/2606 1070/1032/2617
f 1070/1032/2624 1075/1036/2629 1073/1037/2632
f 1070/1032/2624 1075/1036/2629 1073/1037/2632
f 1073/1037/2630 1070/1032/2617 1075/1036/2629
f 1073/1037/2630 1070/1032/2617 1075/1036/2629
f 1075/1036/2629 1073/1037/2630 1070/1032/2617
f 1075/1036/2629 1070/1032/2617 1074/1035/2623
f 1075/1036/2629 1070/1032/2617 1074/1035/2623
f 1074/1035/2623 1075/1036/2629 1070/1032/2617
f 1074/1035/2623 1075/1036/2629 1070/1032/2617
f 1070/1032/2617 1074/1035/2623 1075/1036/2629
f 1070/1032/2617 1074/1035/2623 1075/1036/2629
f 1077/1038/2633 1076/1039/2634 1075/1036/2635
f 1073/1037/2630 1075/1036/2635 1076/1039/2636
f 1073/1037/2630 1075/1036/2635 1076/1039/2636
f 1076/1039/2636 1073/1037/2630 1075/1036/2635
f 1076/1039/2636 1073/1037/2630 1075/1036/2635
f 1075/1036/2635 1076/1039/2636 1073/1037/2630
f 1075/1036/2635 1076/1039/2636 1073/1037/2630
f 1076/1039/2634 1075/1036/2635 1077/1038/2633
f 1076/1039/2634 1075/1036/2635 1077/1038/2633
f 1075/1036/2635 1077/1038/2633 1076/1039/2634
f 1075/1036/2635 1077/1038/2633 1076/1039/2634
f 1077/1038/2633 1076/1039/2634 1075/1036/2635
f 1074/1035/2637 1077/1038/2633 1075/1036/2629
f 1075/1036/2629 1074/1035/2637 1077/1038/2633
f 1075/1036/2629 1074/1035/2637 1077/1038/2633
f 1077/1038/2633 1075/1036/2629 1074/1035/2637
f 1077/1038/2633 1075/1036/2629 1074/1035/2637
f 1074/1035/2637 1077/1038/2633 1075/1036/2629
f 1078/1040/2638 1077/1038/2633 1074/1035/2637
f 1077/1038/2633 1074/1035/2637 1078/1040/2638
f 1077/1038/2633 1074/1035/2637 1078/1040/2638
f 1074/1035/2637 1078/1040/2638 1077/1038/2633
f 1074/1035/2637 1078/1040/2638 1077/1038/2633
f 1078/1040/2638 1077/1038/2633 1074/1035/2637
f 1079/1041/2639 1078/1040/2638 1074/1035/2640
f 1078/1040/2638 1074/1035/2640 1079/1041/2639
f 1078/1040/2638 1074/1035/2640 1079/1041/2639
f 1074/1035/2637 1079/1041/2641 1078/1040/2638
f 1074/1035/2637 1079/1041/2641 1078/1040/2638
f 1079/1041/2639 1078/1040/2638 1074/1035/2640
f 1071/1034/2625 1079/1041/2641 1074/1035/2637
f 1074/1035/2637 1071/1034/2625 1079/1041/2641
f 1074/1035/2637 1071/1034/2625 1079/1041/2641
f 1079/1041/2641 1074/1035/2637 1071/1034/2625
f 1079/1041/2641 1074/1035/2637 1071/1034/2625
f 1071/1034/2625 1079/1041/2641 1074/1035/2637
f 1080/1042/2642 1079/1041/2641 1071/1034/2626
f 1079/1041/2641 1071/1034/2626 1080/1042/2642
f 1079/1041/2641 1071/1034/2626 1080/1042/2642
f 1071/1034/2626 1080/1042/2642 1079/1041/2641
f 1071/1034/2626 1080/1042/2642 1079/1041/2641
f 1080/1042/2642 1079/1041/2641 1071/1034/2626
f 1072/1033/2627 1080/1042/2643 1071/1034/2626
f 1071/1034/2626 1072/1033/2627 1080/1042/2643
f 1071/1034/2626 1072/1033/2627 1080/1042/2643
f 1080/1042/2643 1071/1034/2626 1072/1033/2627
f 1080/1042/2643 1071/1034/2626 1072/1033/2627
f 1072/1033/2627 1080/1042/2643 1071/1034/2626
f 1081/1043/2644 1080/1042/2643 1072/1033/2645
f 1080/1042/2643 1072/1033/2645 1081/1043/2646
f 1080/1042/2643 1072/1033/2645 1081/1043/2646
f 1072/1033/2645 1081/1043/2644 1080/1042/2643
f 1072/1033/2645 1081/1043/2644 1080/1042/2643
f 1081/1043/2644 1080/1042/2643 1072/1033/2645
f 1069/1031/2619 1081/1043/2647 1072/1033/2627
f 1072/1033/2627 1069/1031/2619 1081/1043/2647
f 1072/1033/2627 1069/1031/2619 1081/1043/2647
f 1081/1043/2647 1072/1033/2627 1069/1031/2619
f 1081/1043/2647 1072/1033/2627 1069/1031/2619
f 1069/1031/2619 1081/1043/2647 1072/1033/2627
f 1082/1044/2648 1081/1043/2646 1069/1031/2616
f 1081/1043/2646 1069/1031/2616 1082/1044/2648
f 1081/1043/2646 1069/1031/2616 1082/1044/2648
f 1069/1031/2616 1082/1044/2649 1081/1043/2646
f 1069/1031/2616 1082/1044/2649 1081/1043/2646
f 1082/1044/2648 1081/1043/2646 1069/1031/2616
f 1067/1030/2614 1082/1044/2650 1069/1031/2616
f 1082/1044/2650 1069/1031/2616 1067/1030/2614
f 1082/1044/2650 1069/1031/2616 1067/1030/2614
f 1069/1031/2616 1067/1030/2614 1082/1044/2650
f 1069/1031/2616 1067/1030/2614 1082/1044/2650
f 1067/1030/2614 1082/1044/2650 1069/1031/2616
f 1076/1039/2651 1083/1045/2652 1073/1037/2630
f 1083/1045/2652 1073/1037/2630 1076/1039/2651
f 1083/1045/2652 1073/1037/2630 1076/1039/2651
f 1073/1037/2630 1076/1039/2651 1083/1045/2652
f 1073/1037/2630 1076/1039/2651 1083/1045/2652
f 1076/1039/2651 1083/1045/2652 1073/1037/2630
f 1066/1026/2606 1073/1037/2631 1083/1045/2652
f 1066/1026/2606 1073/1037/2631 1083/1045/2652
f 1083/1045/2652 1066/1026/2606 1073/1037/2631
f 1083/1045/2652 1066/1026/2606 1073/1037/2631
f 1073/1037/2631 1083/1045/2652 1066/1026/2606
f 1073/1037/2631 1083/1045/2652 1066/1026/2606
f 1083/1045/2652 1065/1027/2653 1066/1026/2606
f 1065/1027/2653 1066/1026/2606 1083/1045/2652
f 1065/1027/2653 1066/1026/2606 1083/1045/2652
f 1066/1026/2606 1083/1045/2652 1065/1027/2653
f 1066/1026/2606 1083/1045/2652 1065/1027/2653
f 1083/1045/2652 1065/1027/2653 1066/1026/2606
f 1085/1036/2654 1084/1037/2655 1089/1039/2656
f 1084/1037/2657 1085/1036/2658 1086/1032/2659
f 1084/1037/2657 1085/1036/2658 1086/1032/2659
f 1085/1036/2658 1086/1032/2659 1084/1037/2657
f 1085/1036/2658 1086/1032/2659 1084/1037/2657
f 1086/1032/2659 1084/1037/2657 1085/1036/2658
f 1086/1032/2659 1084/1037/2657 1085/1036/2658
f 1084/1037/2655 1089/1039/2660 1085/1036/2654
f 1084/1037/2655 1089/1039/2660 1085/1036/2654
f 1089/1039/2656 1085/1036/2654 1084/1037/2655
f 1089/1039/2656 1085/1036/2654 1084/1037/2655
f 1085/1036/2654 1084/1037/2655 1089/1039/2656
f 1084/1037/2655 1086/1032/2659 1087/1026/2661
f 1086/1032/2659 1087/1026/2661 1084/1037/2655
f 1086/1032/2659 1087/1026/2661 1084/1037/2655
f 1087/1026/2661 1084/1037/2655 1086/1032/2659
f 1087/1026/2661 1084/1037/2655 1086/1032/2659
f 1084/1037/2655 1086/1032/2659 1087/1026/2661
f 1088/1045/2662 1084/1037/2655 1087/1026/2663
f 1087/1026/2663 1088/1045/2662 1084/1037/2655
f 1087/1026/2663 1088/1045/2662 1084/1037/2655
f 1084/1037/2655 1087/1026/2663 1088/1045/2662
f 1084/1037/2655 1087/1026/2663 1088/1045/2662
f 1088/1045/2662 1084/1037/2655 1087/1026/2663
f 1089/1039/2660 1084/1037/2655 1088/1045/2662
f 1088/1045/2662 1089/1039/2660 1084/1037/2655
f 1088/1045/2662 1089/1039/2660 1084/1037/2655
f 1084/1037/2655 1088/1045/2662 1089/1039/2660
f 1084/1037/2655 1088/1045/2662 1089/1039/2660
f 1089/1039/2660 1084/1037/2655 1088/1045/2662
f 1090/1038/2664 1085/1036/2665 1089/1039/2660
f 1089/1039/2660 1090/1038/2664 1085/1036/2665
f 1089/1039/2660 1090/1038/2664 1085/1036/2665
f 1085/1036/2665 1089/1039/2660 1090/1038/2664
f 1085/1036/2665 1089/1039/2660 1090/1038/2664
f 1090/1038/2664 1085/1036/2665 1089/1039/2660
f 1092/1040/2666 1091/1035/2667 1090/1038/2664
f 1085/1036/2654 1090/1038/2664 1091/1035/2667
f 1085/1036/2654 1090/1038/2664 1091/1035/2667
f 1090/1038/2664 1091/1035/2667 1085/1036/2654
f 1090/1038/2664 1091/1035/2667 1085/1036/2654
f 1091/1035/2667 1085/1036/2654 1090/1038/2664
f 1091/1035/2667 1085/1036/2654 1090/1038/2664
f 1090/1038/2664 1092/1040/2666 1091/1035/2667
f 1090/1038/2664 1092/1040/2666 1091/1035/2667
f 1091/1035/2667 1090/1038/2664 1092/1040/2666
f 1091/1035/2667 1090/1038/2664 1092/1040/2666
f 1092/1040/2666 1091/1035/2667 1090/1038/2664
f 1093/1046/2668 1091/1035/2669 1092/1040/2666
f 1092/1040/2666 1093/1046/2668 1091/1035/2669
f 1092/1040/2666 1093/1046/2668 1091/1035/2669
f 1091/1035/2667 1092/1040/2666 1093/1046/2668
f 1091/1035/2667 1092/1040/2666 1093/1046/2668
f 1093/1046/2668 1091/1035/2669 1092/1040/2666
f 1095/1034/2670 1091/1035/2667 1093/1046/2668
f 1091/1035/2667 1093/1046/2668 1095/1034/2670
f 1091/1035/2667 1093/1046/2668 1095/1034/2670
f 1093/1046/2668 1095/1034/2670 1091/1035/2667
f 1093/1046/2668 1095/1034/2670 1091/1035/2667
f 1095/1034/2670 1091/1035/2667 1093/1046/2668
f 1094/1047/2671 1095/1034/2672 1093/1046/2668
f 1093/1046/2668 1094/1047/2671 1095/1034/2672
f 1093/1046/2668 1094/1047/2671 1095/1034/2672
f 1095/1034/2672 1093/1046/2668 1094/1047/2671
f 1095/1034/2672 1093/1046/2668 1094/1047/2671
f 1094/1047/2671 1095/1034/2672 1093/1046/2668
f 1086/1032/2659 1091/1035/2669 1095/1034/2670
f 1086/1032/2659 1091/1035/2669 1095/1034/2670
f 1091/1035/2669 1095/1034/2670 1086/1032/2659
f 1091/1035/2669 1095/1034/2670 1086/1032/2659
f 1095/1034/2670 1086/1032/2659 1091/1035/2669
f 1095/1034/2670 1086/1032/2659 1091/1035/2669
f 1096/1048/2673 1095/1034/2670 1094/1047/2671
f 1095/1034/2674 1096/1048/2673 1086/1032/2675
f 1095/1034/2674 1096/1048/2673 1086/1032/2675
f 1096/1048/2673 1086/1032/2675 1095/1034/2674
f 1096/1048/2673 1086/1032/2675 1095/1034/2674
f 1086/1032/2675 1095/1034/2674 1096/1048/2673
f 1086/1032/2675 1095/1034/2674 1096/1048/2673
f 1095/1034/2670 1094/1047/2671 1096/1048/2673
f 1095/1034/2670 1094/1047/2671 1096/1048/2673
f 1094/1047/2671 1096/1048/2673 1095/1034/2670
f 1094/1047/2671 1096/1048/2673 1095/1034/2670
f 1096/1048/2673 1095/1034/2670 1094/1047/2671
f 1097/1049/2676 1096/1048/2677 1098/1043/2678
f 1096/1048/2677 1097/1049/2676 1086/1032/2679
f 1096/1048/2680 1086/1032/2680 1097/1049/2680
f 1086/1032/2680 1097/1049/2680 1096/1048/2680
f 1086/1032/2680 1097/1049/2680 1096/1048/2680
f 1097/1049/2680 1096/1048/2680 1086/1032/2680
f 1097/1049/2680 1096/1048/2680 1086/1032/2680
f 1096/1048/2677 1098/1043/2678 1097/1049/2676
f 1096/1048/2677 1098/1043/2678 1097/1049/2676
f 1098/1043/2678 1097/1049/2676 1096/1048/2677
f 1098/1043/2678 1097/1049/2676 1096/1048/2677
f 1097/1049/2676 1096/1048/2677 1098/1043/2678
f 1098/1043/2678 1096/1048/2673 1094/1047/2671
f 1094/1047/2671 1098/1043/2681 1096/1048/2673
f 1094/1047/2671 1098/1043/2681 1096/1048/2673
f 1096/1048/2673 1094/1047/2671 1098/1043/2678
f 1096/1048/2673 1094/1047/2671 1098/1043/2678
f 1098/1043/2678 1096/1048/2673 1094/1047/2671
f 1099/1044/2682 1097/1049/2683 1098/1043/2681
f 1098/1043/2681 1099/1044/2682 1097/1049/2683
f 1098/1043/2681 1099/1044/2682 1097/1049/2683
f 1097/1049/2683 1098/1043/2681 1099/1044/2684
f 1097/1049/2683 1098/1043/2681 1099/1044/2684
f 1099/1044/2682 1097/1049/2683 1098/1043/2681
f 1100/1050/2685 1097/1049/2683 1099/1044/2684
f 1099/1044/2684 1100/1050/2685 1097/1049/2683
f 1099/1044/2684 1100/1050/2685 1097/1049/2683
f 1097/1049/2683 1099/1044/2684 1100/1050/2685
f 1097/1049/2683 1099/1044/2684 1100/1050/2685
f 1100/1050/2685 1097/1049/2683 1099/1044/2684
f 1102/1028/2686 1101/1029/2687 1100/1050/2685
f 1097/1049/2683 1100/1050/2685 1101/1029/2688
f 1097/1049/2683 1100/1050/2685 1101/1029/2688
f 1100/1050/2685 1101/1029/2688 1097/1049/2683
f 1100/1050/2685 1101/1029/2688 1097/1049/2683
f 1101/1029/2688 1097/1049/2683 1100/1050/2685
f 1101/1029/2688 1097/1049/2683 1100/1050/2685
f 1100/1050/2685 1102/1028/2686 1101/1029/2687
f 1100/1050/2685 1102/1028/2686 1101/1029/2687
f 1101/1029/2687 1100/1050/2685 1102/1028/2686
f 1101/1029/2687 1100/1050/2685 1102/1028/2686
f 1102/1028/2686 1101/1029/2687 1100/1050/2685
f 1103/1051/2689 1101/1029/2688 1102/1028/2686
f 1102/1028/2686 1103/1051/2689 1101/1029/2688
f 1102/1028/2686 1103/1051/2689 1101/1029/2688
f 1101/1029/2688 1102/1028/2686 1103/1051/2689
f 1101/1029/2688 1102/1028/2686 1103/1051/2689
f 1103/1051/2689 1101/1029/2688 1102/1028/2686
f 1087/1026/2690 1101/1029/2687 1103/1051/2689
f 1101/1029/2687 1103/1051/2689 1087/1026/2690
f 1101/1029/2687 1103/1051/2689 1087/1026/2690
f 1103/1051/2689 1087/1026/2690 1101/1029/2687
f 1103/1051/2689 1087/1026/2690 1101/1029/2687
f 1087/1026/2690 1101/1029/2687 1103/1051/2689
f 1104/1027/2691 1087/1026/2690 1103/1051/2689
f 1103/1051/2689 1104/1027/2691 1087/1026/2690
f 1103/1051/2689 1104/1027/2691 1087/1026/2690
f 1087/1026/2690 1103/1051/2689 1104/1027/2692
f 1087/1026/2690 1103/1051/2689 1104/1027/2692
f 1104/1027/2691 1087/1026/2690 1103/1051/2689
f 1088/1045/2662 1087/1026/2661 1104/1027/2693
f 1087/1026/2661 1104/1027/2693 1088/1045/2662
f 1087/1026/2661 1104/1027/2693 1088/1045/2662
f 1104/1027/2693 1088/1045/2662 1087/1026/2661
f 1104/1027/2693 1088/1045/2662 1087/1026/2661
f 1088/1045/2662 1087/1026/2661 1104/1027/2693
f 1101/1029/2687 1087/1026/2663 1086/1032/2659
f 1101/1029/2687 1087/1026/2663 1086/1032/2659
f 1086/1032/2659 1101/1029/2687 1087/1026/2663
f 1086/1032/2659 1101/1029/2687 1087/1026/2663
f 1087/1026/2663 1086/1032/2659 1101/1029/2687
f 1087/1026/2663 1086/1032/2659 1101/1029/2687
f 1086/1032/2659 1097/1049/2683 1101/1029/2688
f 1086/1032/2659 1097/1049/2683 1101/1029/2688
f 1097/1049/2683 1101/1029/2688 1086/1032/2659
f 1097/1049/2683 1101/1029/2688 1086/1032/2659
f 1101/1029/2688 1086/1032/2659 1097/1049/2683
f 1101/1029/2688 1086/1032/2659 1097/1049/2683
f 1085/1036/2658 1091/1035/2669 1086/1032/2659
f 1085/1036/2658 1091/1035/2669 1086/1032/2659
f 1086/1032/2659 1085/1036/2658 1091/1035/2669
f 1086/1032/2659 1085/1036/2658 1091/1035/2669
f 1091/1035/2669 1086/1032/2659 1085/1036/2658
f 1091/1035/2669 1086/1032/2659 1085/1036/2658
f 1107/1052/2694 1105/1053/2695 1106/1054/2696
f 1105/1053/2695 1106/1054/2696 1107/1052/2697
f 1105/1053/2695 1106/1054/2696 1107/1052/2697
f 1106/1054/2696 1107/1052/2697 1105/1053/2695
f 1106/1054/2696 1107/1052/2697 1105/1053/2695
f 1107/1052/2694 1105/1053/2695 1106/1054/2696
f 1105/1053/2698 1107/1052/2699 1108/1055/2700
f 1107/1052/2699 1108/1055/2700 1105/1053/2698
f 1107/1052/2699 1108/1055/2700 1105/1053/2698
f 1108/1055/2700 1105/1053/2698 1107/1052/2699
f 1108/1055/2700 1105/1053/2698 1107/1052/2699
f 1105/1053/2698 1107/1052/2699 1108/1055/2700
f 1109/1056/2701 1105/1053/2702 1108/1055/2700
f 1108/1055/2700 1109/1056/2701 1105/1053/2702
f 1108/1055/2700 1109/1056/2701 1105/1053/2702
f 1105/1053/2702 1108/1055/2700 1109/1056/2701
f 1105/1053/2702 1108/1055/2700 1109/1056/2701
f 1109/1056/2701 1105/1053/2702 1108/1055/2700
f 1110/1057/2703 1108/1055/2700 1107/1052/2697
f 1110/1057/2703 1108/1055/2700 1107/1052/2697
f 1107/1052/2697 1110/1057/2703 1108/1055/2700
f 1107/1052/2697 1110/1057/2703 1108/1055/2700
f 1108/1055/2700 1107/1052/2697 1110/1057/2703
f 1108/1055/2700 1107/1052/2697 1110/1057/2703
f 1111/1058/2704 1110/1057/2705 1107/1052/2697
f 1111/1058/2704 1110/1057/2705 1107/1052/2697
f 1110/1057/2705 1107/1052/2697 1111/1058/2704
f 1110/1057/2705 1107/1052/2697 1111/1058/2704
f 1107/1052/2697 1111/1058/2704 1110/1057/2705
f 1107/1052/2697 1111/1058/2704 1110/1057/2705
f 1112/1059/2706 1110/1057/2703 1111/1058/2707
f 1112/1059/2706 1110/1057/2703 1111/1058/2707
f 1111/1058/2707 1112/1059/2706 1110/1057/2703
f 1111/1058/2707 1112/1059/2706 1110/1057/2703
f 1110/1057/2703 1111/1058/2707 1112/1059/2706
f 1110/1057/2703 1111/1058/2707 1112/1059/2706
f 1112/1059/2706 1114/1060/2708 1113/1061/2709
f 1113/1061/2709 1112/1059/2706 1114/1060/2708
f 1113/1061/2709 1112/1059/2706 1114/1060/2708
f 1114/1060/2708 1113/1061/2709 1112/1059/2706
f 1114/1060/2708 1113/1061/2709 1112/1059/2706
f 1112/1059/2706 1114/1060/2708 1113/1061/2709
f 1114/1060/2708 1112/1059/2706 1111/1058/2704
f 1114/1060/2708 1112/1059/2706 1111/1058/2704
f 1112/1059/2706 1111/1058/2704 1114/1060/2708
f 1112/1059/2706 1111/1058/2704 1114/1060/2708
f 1111/1058/2704 1114/1060/2708 1112/1059/2706
f 1111/1058/2704 1114/1060/2708 1112/1059/2706
f 1116/1062/2710 1114/1060/2708 1115/1063/2711
f 1111/1058/2707 1115/1063/2712 1114/1060/2708
f 1111/1058/2707 1115/1063/2712 1114/1060/2708
f 1115/1063/2712 1114/1060/2708 1111/1058/2707
f 1115/1063/2712 1114/1060/2708 1111/1058/2707
f 1114/1060/2708 1111/1058/2707 1115/1063/2712
f 1114/1060/2708 1111/1058/2707 1115/1063/2712
f 1114/1060/2708 1115/1063/2711 1116/1062/2710
f 1114/1060/2708 1115/1063/2711 1116/1062/2710
f 1115/1063/2711 1116/1062/2710 1114/1060/2708
f 1115/1063/2711 1116/1062/2710 1114/1060/2708
f 1116/1062/2710 1114/1060/2708 1115/1063/2711
f 1114/1060/2708 1116/1062/2710 1113/1061/2713
f 1116/1062/2710 1113/1061/2713 1114/1060/2708
f 1116/1062/2710 1113/1061/2713 1114/1060/2708
f 1113/1061/2713 1114/1060/2708 1116/1062/2710
f 1113/1061/2713 1114/1060/2708 1116/1062/2710
f 1114/1060/2708 1116/1062/2710 1113/1061/2713
f 1117/1064/2714 1116/1062/2710 1115/1063/2711
f 1115/1063/2711 1117/1064/2714 1116/1062/2710
f 1115/1063/2711 1117/1064/2714 1116/1062/2710
f 1116/1062/2710 1115/1063/2711 1117/1064/2714
f 1116/1062/2710 1115/1063/2711 1117/1064/2714
f 1117/1064/2714 1116/1062/2710 1115/1063/2711
f 1118/1065/2715 1116/1062/2710 1117/1064/2714
f 1117/1064/2714 1118/1065/2715 1116/1062/2710
f 1117/1064/2714 1118/1065/2715 1116/1062/2710
f 1116/1062/2710 1117/1064/2714 1118/1065/2715
f 1116/1062/2710 1117/1064/2714 1118/1065/2715
f 1118/1065/2715 1116/1062/2710 1117/1064/2714
f 1119/1066/2716 1116/1062/2710 1118/1065/2715
f 1116/1062/2710 1118/1065/2715 1119/1066/2716
f 1116/1062/2710 1118/1065/2715 1119/1066/2716
f 1118/1065/2715 1119/1066/2716 1116/1062/2710
f 1118/1065/2715 1119/1066/2716 1116/1062/2710
f 1119/1066/2716 1116/1062/2710 1118/1065/2715
f 1119/1066/2717 1113/1061/2718 1116/1062/2710
f 1119/1066/2717 1113/1061/2718 1116/1062/2710
f 1113/1061/2718 1116/1062/2710 1119/1066/2717
f 1113/1061/2718 1116/1062/2710 1119/1066/2717
f 1116/1062/2710 1119/1066/2717 1113/1061/2718
f 1116/1062/2710 1119/1066/2717 1113/1061/2718
f 1120/1067/2719 1119/1066/2717 1118/1065/2715
f 1119/1066/2717 1118/1065/2715 1120/1067/2719
f 1119/1066/2717 1118/1065/2715 1120/1067/2719
f 1118/1065/2715 1120/1067/2719 1119/1066/2717
f 1118/1065/2715 1120/1067/2719 1119/1066/2717
f 1120/1067/2719 1119/1066/2717 1118/1065/2715
f 1119/1066/2717 1120/1067/2720 1121/1068/2721
f 1120/1067/2720 1121/1068/2721 1119/1066/2717
f 1120/1067/2720 1121/1068/2721 1119/1066/2717
f 1121/1068/2721 1119/1066/2717 1120/1067/2720
f 1121/1068/2721 1119/1066/2717 1120/1067/2720
f 1119/1066/2717 1120/1067/2720 1121/1068/2721
f 1122/1069/2722 1119/1066/2717 1121/1068/2721
f 1121/1068/2721 1122/1069/2722 1119/1066/2717
f 1121/1068/2721 1122/1069/2722 1119/1066/2717
f 1119/1066/2717 1121/1068/2721 1122/1069/2722
f 1119/1066/2717 1121/1068/2721 1122/1069/2722
f 1122/1069/2722 1119/1066/2717 1121/1068/2721
f 1113/1061/2713 1119/1066/2723 1122/1069/2722
f 1122/1069/2722 1113/1061/2713 1119/1066/2723
f 1122/1069/2722 1113/1061/2713 1119/1066/2723
f 1119/1066/2723 1122/1069/2722 1113/1061/2713
f 1119/1066/2723 1122/1069/2722 1113/1061/2713
f 1113/1061/2713 1119/1066/2723 1122/1069/2722
f 1123/1070/2724 1121/1068/2725 1120/1067/2719
f 1123/1070/2724 1121/1068/2725 1120/1067/2719
f 1120/1067/2719 1123/1070/2724 1121/1068/2721
f 1120/1067/2719 1123/1070/2724 1121/1068/2721
f 1121/1068/2721 1120/1067/2719 1123/1070/2724
f 1121/1068/2721 1120/1067/2719 1123/1070/2724
f 1125/1071/2726 1123/1070/2724 1120/1067/2727
f 1125/1071/2726 1123/1070/2724 1120/1067/2727
f 1123/1070/2724 1120/1067/2727 1125/1071/2726
f 1123/1070/2724 1120/1067/2727 1125/1071/2726
f 1120/1067/2727 1125/1071/2726 1123/1070/2724
f 1120/1067/2727 1125/1071/2726 1123/1070/2724
f 1123/1070/2724 1125/1071/2726 1124/1072/2728
f 1124/1072/2728 1123/1070/2724 1125/1071/2726
f 1124/1072/2728 1123/1070/2724 1125/1071/2726
f 1125/1071/2726 1124/1072/2728 1123/1070/2724
f 1125/1071/2726 1124/1072/2728 1123/1070/2724
f 1123/1070/2724 1125/1071/2726 1124/1072/2728
f 1120/1067/2727 1126/1073/2729 1125/1071/2726
f 1120/1067/2727 1126/1073/2729 1125/1071/2726
f 1126/1073/2729 1125/1071/2726 1120/1067/2727
f 1126/1073/2729 1125/1071/2726 1120/1067/2727
f 1125/1071/2726 1120/1067/2727 1126/1073/2729
f 1125/1071/2726 1120/1067/2727 1126/1073/2729
f 1127/1074/2730 1125/1071/2726 1126/1073/2731
f 1125/1071/2732 1126/1073/2731 1127/1074/2730
f 1125/1071/2732 1126/1073/2731 1127/1074/2730
f 1126/1073/2731 1127/1074/2730 1125/1071/2732
f 1126/1073/2731 1127/1074/2730 1125/1071/2732
f 1127/1074/2730 1125/1071/2726 1126/1073/2731
f 1125/1071/2726 1127/1074/2730 1124/1072/2728
f 1127/1074/2730 1124/1072/2728 1125/1071/2726
f 1127/1074/2730 1124/1072/2728 1125/1071/2726
f 1124/1072/2728 1125/1071/2726 1127/1074/2730
f 1124/1072/2728 1125/1071/2726 1127/1074/2730
f 1125/1071/2726 1127/1074/2730 1124/1072/2728
f 1127/1074/2730 1128/1075/2733 1124/1072/2728
f 1127/1074/2730 1130/1076/2734 1128/1075/2735
f 1127/1074/2730 1130/1076/2734 1128/1075/2735
f 1130/1076/2734 1128/1075/2735 1127/1074/2730
f 1130/1076/2734 1128/1075/2735 1127/1074/2730
f 1128/1075/2735 1127/1074/2730 1130/1076/2734
f 1128/1075/2735 1127/1074/2730 1130/1076/2734
f 1128/1075/2733 1124/1072/2728 1127/1074/2730
f 1128/1075/2733 1124/1072/2728 1127/1074/2730
f 1124/1072/2728 1127/1074/2730 1128/1075/2733
f 1124/1072/2728 1127/1074/2730 1128/1075/2733
f 1127/1074/2730 1128/1075/2733 1124/1072/2728
f 1129/1077/2736 1127/1074/2730 1126/1073/2737
f 1126/1073/2737 1129/1077/2736 1127/1074/2730
f 1126/1073/2737 1129/1077/2736 1127/1074/2730
f 1127/1074/2730 1126/1073/2737 1129/1077/2736
f 1127/1074/2730 1126/1073/2737 1129/1077/2736
f 1129/1077/2736 1127/1074/2730 1126/1073/2737
f 1130/1076/2738 1127/1074/2730 1129/1077/2736
f 1129/1077/2736 1130/1076/2738 1127/1074/2730
f 1129/1077/2736 1130/1076/2738 1127/1074/2730
f 1127/1074/2730 1129/1077/2736 1130/1076/2738
f 1127/1074/2730 1129/1077/2736 1130/1076/2738
f 1130/1076/2738 1127/1074/2730 1129/1077/2736
f 1131/1078/2739 1128/1075/2733 1130/1076/2738
f 1128/1075/2733 1130/1076/2738 1131/1078/2739
f 1128/1075/2733 1130/1076/2738 1131/1078/2739
f 1130/1076/2738 1131/1078/2739 1128/1075/2733
f 1130/1076/2738 1131/1078/2739 1128/1075/2733
f 1131/1078/2739 1128/1075/2733 1130/1076/2738
f 1132/1079/2740 1131/1078/2741 1130/1076/2738
f 1130/1076/2738 1132/1079/2740 1131/1078/2741
f 1130/1076/2738 1132/1079/2740 1131/1078/2741
f 1131/1078/2741 1130/1076/2738 1132/1079/2740
f 1131/1078/2741 1130/1076/2738 1132/1079/2740
f 1132/1079/2740 1131/1078/2741 1130/1076/2738
f 1133/1080/2742 1131/1078/2741 1132/1079/2740
f 1132/1079/2740 1133/1080/2742 1131/1078/2741
f 1132/1079/2740 1133/1080/2742 1131/1078/2741
f 1131/1078/2741 1132/1079/2740 1133/1080/2742
f 1131/1078/2741 1132/1079/2740 1133/1080/2742
f 1133/1080/2742 1131/1078/2741 1132/1079/2740
f 1135/1081/2743 1134/1082/2744 1133/1080/2742
f 1131/1078/2741 1133/1080/2742 1134/1082/2745
f 1131/1078/2741 1133/1080/2742 1134/1082/2745
f 1133/1080/2742 1134/1082/2745 1131/1078/2741
f 1133/1080/2742 1134/1082/2745 1131/1078/2741
f 1134/1082/2745 1131/1078/2741 1133/1080/2742
f 1134/1082/2745 1131/1078/2741 1133/1080/2742
f 1134/1082/2744 1133/1080/2742 1135/1081/2743
f 1134/1082/2744 1133/1080/2742 1135/1081/2743
f 1133/1080/2742 1135/1081/2743 1134/1082/2744
f 1133/1080/2742 1135/1081/2743 1134/1082/2744
f 1135/1081/2743 1134/1082/2744 1133/1080/2742
f 1136/1083/2746 1135/1081/2743 1133/1080/2742
f 1133/1080/2742 1136/1083/2746 1135/1081/2743
f 1133/1080/2742 1136/1083/2746 1135/1081/2743
f 1135/1081/2743 1133/1080/2742 1136/1083/2746
f 1135/1081/2743 1133/1080/2742 1136/1083/2746
f 1136/1083/2746 1135/1081/2743 1133/1080/2742
f 1137/1084/2747 1135/1081/2743 1136/1083/2746
f 1136/1083/2746 1137/1084/2747 1135/1081/2743
f 1136/1083/2746 1137/1084/2747 1135/1081/2743
f 1135/1081/2743 1136/1083/2746 1137/1084/2747
f 1135/1081/2743 1136/1083/2746 1137/1084/2747
f 1137/1084/2747 1135/1081/2743 1136/1083/2746
f 1139/1085/2748 1138/1086/2749 1137/1084/2750
f 1135/1081/2743 1137/1084/2747 1138/1086/2749
f 1135/1081/2743 1137/1084/2747 1138/1086/2749
f 1137/1084/2747 1138/1086/2749 1135/1081/2743
f 1137/1084/2747 1138/1086/2749 1135/1081/2743
f 1138/1086/2749 1135/1081/2743 1137/1084/2747
f 1138/1086/2749 1135/1081/2743 1137/1084/2747
f 1138/1086/2749 1137/1084/2750 1139/1085/2748
f 1138/1086/2749 1137/1084/2750 1139/1085/2748
f 1137/1084/2750 1139/1085/2748 1138/1086/2749
f 1137/1084/2750 1139/1085/2748 1138/1086/2749
f 1139/1085/2748 1138/1086/2749 1137/1084/2750
f 1140/1087/2751 1139/1085/2752 1137/1084/2750
f 1137/1084/2750 1140/1087/2751 1139/1085/2752
f 1137/1084/2750 1140/1087/2751 1139/1085/2752
f 1139/1085/2752 1137/1084/2750 1140/1087/2751
f 1139/1085/2752 1137/1084/2750 1140/1087/2751
f 1140/1087/2751 1139/1085/2752 1137/1084/2750
f 1141/1088/2753 1139/1085/2754 1140/1087/2751
f 1140/1087/2751 1141/1088/2753 1139/1085/2754
f 1140/1087/2751 1141/1088/2753 1139/1085/2754
f 1139/1085/2754 1140/1087/2751 1141/1088/2753
f 1139/1085/2754 1140/1087/2751 1141/1088/2753
f 1141/1088/2753 1139/1085/2754 1140/1087/2751
f 1143/1089/2755 1142/1090/2756 1141/1088/2753
f 1139/1085/2748 1141/1088/2753 1142/1090/2756
f 1139/1085/2748 1141/1088/2753 1142/1090/2756
f 1141/1088/2753 1142/1090/2756 1139/1085/2748
f 1141/1088/2753 1142/1090/2756 1139/1085/2748
f 1142/1090/2756 1139/1085/2748 1141/1088/2753
f 1142/1090/2756 1139/1085/2748 1141/1088/2753
f 1141/1088/2753 1143/1089/2755 1142/1090/2756
f 1141/1088/2753 1143/1089/2755 1142/1090/2756
f 1142/1090/2756 1141/1088/2753 1143/1089/2755
f 1142/1090/2756 1141/1088/2753 1143/1089/2755
f 1143/1089/2755 1142/1090/2756 1141/1088/2753
f 1144/1091/2757 1142/1090/2756 1143/1089/2758
f 1142/1090/2756 1143/1089/2758 1144/1091/2757
f 1142/1090/2756 1143/1089/2758 1144/1091/2757
f 1143/1089/2758 1144/1091/2757 1142/1090/2756
f 1143/1089/2758 1144/1091/2757 1142/1090/2756
f 1144/1091/2757 1142/1090/2756 1143/1089/2758
f 1142/1090/2759 1144/1091/2760 1146/1092/2761
f 1144/1091/2760 1146/1092/2761 1142/1090/2759
f 1144/1091/2760 1146/1092/2761 1142/1090/2759
f 1146/1092/2761 1142/1090/2759 1144/1091/2760
f 1146/1092/2761 1142/1090/2759 1144/1091/2760
f 1142/1090/2759 1144/1091/2760 1146/1092/2761
f 1146/1092/2762 1145/1093/2762 1144/1091/2762
f 1145/1093/2763 1146/1092/2761 1144/1091/2764
f 1145/1093/2762 1144/1091/2762 1146/1092/2762
f 1144/1091/2762 1146/1092/2762 1145/1093/2762
f 1144/1091/2762 1146/1092/2762 1145/1093/2762
f 1146/1092/2762 1145/1093/2762 1144/1091/2762
f 1147/1094/2765 1142/1090/2766 1146/1092/2761
f 1146/1092/2761 1147/1094/2765 1142/1090/2766
f 1146/1092/2761 1147/1094/2765 1142/1090/2766
f 1142/1090/2766 1146/1092/2761 1147/1094/2765
f 1142/1090/2766 1146/1092/2761 1147/1094/2765
f 1147/1094/2765 1142/1090/2766 1146/1092/2761
f 1148/1095/2767 1139/1085/2748 1147/1094/2765
f 1142/1090/2759 1147/1094/2765 1139/1085/2754
f 1142/1090/2759 1147/1094/2765 1139/1085/2754
f 1147/1094/2765 1139/1085/2754 1142/1090/2759
f 1147/1094/2765 1139/1085/2754 1142/1090/2759
f 1139/1085/2754 1142/1090/2759 1147/1094/2765
f 1139/1085/2754 1142/1090/2759 1147/1094/2765
f 1147/1094/2765 1148/1095/2767 1139/1085/2748
f 1147/1094/2765 1148/1095/2767 1139/1085/2748
f 1139/1085/2748 1147/1094/2765 1148/1095/2767
f 1139/1085/2748 1147/1094/2765 1148/1095/2767
f 1148/1095/2767 1139/1085/2748 1147/1094/2765
f 1138/1086/2749 1139/1085/2752 1148/1095/2767
f 1139/1085/2752 1148/1095/2767 1138/1086/2749
f 1139/1085/2752 1148/1095/2767 1138/1086/2749
f 1148/1095/2767 1138/1086/2749 1139/1085/2752
f 1148/1095/2767 1138/1086/2749 1139/1085/2752
f 1138/1086/2749 1139/1085/2752 1148/1095/2767
f 1149/1096/2768 1138/1086/2749 1148/1095/2767
f 1148/1095/2767 1149/1096/2768 1138/1086/2749
f 1148/1095/2767 1149/1096/2768 1138/1086/2749
f 1138/1086/2749 1148/1095/2767 1149/1096/2768
f 1138/1086/2749 1148/1095/2767 1149/1096/2768
f 1149/1096/2768 1138/1086/2749 1148/1095/2767
f 1134/1082/2745 1135/1081/2743 1149/1096/2769
f 1138/1086/2749 1149/1096/2770 1135/1081/2743
f 1138/1086/2749 1149/1096/2770 1135/1081/2743
f 1149/1096/2770 1135/1081/2743 1138/1086/2749
f 1149/1096/2770 1135/1081/2743 1138/1086/2749
f 1135/1081/2743 1138/1086/2749 1149/1096/2770
f 1135/1081/2743 1138/1086/2749 1149/1096/2770
f 1135/1081/2743 1149/1096/2769 1134/1082/2745
f 1135/1081/2743 1149/1096/2769 1134/1082/2745
f 1149/1096/2769 1134/1082/2745 1135/1081/2743
f 1149/1096/2769 1134/1082/2745 1135/1081/2743
f 1134/1082/2745 1135/1081/2743 1149/1096/2769
f 1150/1097/2771 1134/1082/2772 1149/1096/2770
f 1149/1096/2770 1150/1097/2771 1134/1082/2772
f 1149/1096/2770 1150/1097/2771 1134/1082/2772
f 1134/1082/2772 1149/1096/2770 1150/1097/2771
f 1134/1082/2772 1149/1096/2770 1150/1097/2771
f 1150/1097/2771 1134/1082/2772 1149/1096/2770
f 1151/1098/2773 1134/1082/2745 1150/1097/2771
f 1150/1097/2771 1151/1098/2773 1134/1082/2745
f 1150/1097/2771 1151/1098/2773 1134/1082/2745
f 1134/1082/2745 1150/1097/2771 1151/1098/2773
f 1134/1082/2745 1150/1097/2771 1151/1098/2773
f 1151/1098/2773 1134/1082/2745 1150/1097/2771
f 1152/1099/2774 1131/1078/2741 1151/1098/2773
f 1134/1082/2745 1151/1098/2773 1131/1078/2775
f 1134/1082/2745 1151/1098/2773 1131/1078/2775
f 1151/1098/2773 1131/1078/2775 1134/1082/2745
f 1151/1098/2773 1131/1078/2775 1134/1082/2745
f 1131/1078/2775 1134/1082/2745 1151/1098/2773
f 1131/1078/2775 1134/1082/2745 1151/1098/2773
f 1151/1098/2773 1152/1099/2774 1131/1078/2741
f 1151/1098/2773 1152/1099/2774 1131/1078/2741
f 1131/1078/2741 1151/1098/2773 1152/1099/2774
f 1131/1078/2741 1151/1098/2773 1152/1099/2774
f 1152/1099/2774 1131/1078/2741 1151/1098/2773
f 1128/1075/2733 1131/1078/2739 1152/1099/2774
f 1131/1078/2739 1152/1099/2774 1128/1075/2733
f 1131/1078/2739 1152/1099/2774 1128/1075/2733
f 1152/1099/2774 1128/1075/2733 1131/1078/2739
f 1152/1099/2774 1128/1075/2733 1131/1078/2739
f 1128/1075/2733 1131/1078/2739 1152/1099/2774
f 1124/1072/2728 1128/1075/2733 1152/1099/2774
f 1152/1099/2774 1124/1072/2728 1128/1075/2733
f 1152/1099/2774 1124/1072/2728 1128/1075/2733
f 1128/1075/2733 1152/1099/2774 1124/1072/2728
f 1128/1075/2733 1152/1099/2774 1124/1072/2728
f 1124/1072/2728 1128/1075/2733 1152/1099/2774
f 1153/1100/2776 1126/1073/2729 1120/1067/2719
f 1153/1100/2776 1126/1073/2729 1120/1067/2719
f 1120/1067/2719 1153/1100/2776 1126/1073/2729
f 1120/1067/2719 1153/1100/2776 1126/1073/2729
f 1126/1073/2729 1120/1067/2719 1153/1100/2776
f 1126/1073/2729 1120/1067/2719 1153/1100/2776
f 1153/1100/2776 1120/1067/2719 1118/1065/2715
f 1118/1065/2715 1153/1100/2776 1120/1067/2719
f 1118/1065/2715 1153/1100/2776 1120/1067/2719
f 1120/1067/2719 1118/1065/2715 1153/1100/2776
f 1120/1067/2719 1118/1065/2715 1153/1100/2776
f 1153/1100/2776 1120/1067/2719 1118/1065/2715
f 1154/1101/2777 1115/1063/2712 1111/1058/2704
f 1154/1101/2777 1115/1063/2712 1111/1058/2704
f 1111/1058/2704 1154/1101/2777 1115/1063/2712
f 1111/1058/2704 1154/1101/2777 1115/1063/2712
f 1115/1063/2712 1111/1058/2704 1154/1101/2777
f 1115/1063/2712 1111/1058/2704 1154/1101/2777
f 1155/1102/2778 1154/1101/2777 1111/1058/2704
f 1155/1102/2778 1154/1101/2777 1111/1058/2704
f 1111/1058/2704 1155/1102/2778 1154/1101/2777
f 1111/1058/2704 1155/1102/2778 1154/1101/2777
f 1154/1101/2777 1111/1058/2704 1155/1102/2778
f 1154/1101/2777 1111/1058/2704 1155/1102/2778
f 1111/1058/2707 1107/1052/2697 1155/1102/2779
f 1106/1054/2780 1155/1102/2779 1107/1052/2697
f 1106/1054/2780 1155/1102/2779 1107/1052/2697
f 1107/1052/2697 1106/1054/2780 1155/1102/2779
f 1107/1052/2697 1106/1054/2780 1155/1102/2779
f 1155/1102/2779 1107/1052/2697 1106/1054/2780
f 1155/1102/2779 1107/1052/2697 1106/1054/2780
f 1107/1052/2697 1155/1102/2779 1111/1058/2707
f 1107/1052/2697 1155/1102/2779 1111/1058/2707
f 1155/1102/2779 1111/1058/2707 1107/1052/2697
f 1155/1102/2779 1111/1058/2707 1107/1052/2697
f 1111/1058/2707 1107/1052/2697 1155/1102/2779
f 1158/1103/2781 1156/1104/2782 1157/1105/2782
f 1156/1104/2783 1157/1105/2782 1158/1103/2781
f 1156/1104/2783 1157/1105/2782 1158/1103/2781
f 1157/1105/2782 1158/1103/2781 1156/1104/2783
f 1157/1105/2782 1158/1103/2781 1156/1104/2783
f 1158/1103/2781 1156/1104/2782 1157/1105/2782
f 1156/1104/2784 1158/1103/2781 1159/1106/2784
f 1158/1103/2781 1159/1106/2784 1156/1104/2784
f 1158/1103/2781 1159/1106/2784 1156/1104/2784
f 1159/1106/2784 1156/1104/2784 1158/1103/2781
f 1159/1106/2784 1156/1104/2784 1158/1103/2781
f 1156/1104/2784 1158/1103/2781 1159/1106/2784
f 1159/1106/2785 1158/1103/2786 1160/1107/2785
f 1160/1107/2785 1159/1106/2785 1158/1103/2786
f 1160/1107/2785 1159/1106/2785 1158/1103/2786
f 1158/1103/2786 1160/1107/2785 1159/1106/2785
f 1158/1103/2786 1160/1107/2785 1159/1106/2785
f 1159/1106/2785 1158/1103/2786 1160/1107/2785
f 1160/1107/2787 1162/1108/2788 1161/1109/2789
f 1161/1109/2789 1160/1107/2787 1162/1108/2788
f 1161/1109/2789 1160/1107/2787 1162/1108/2788
f 1162/1108/2788 1161/1109/2789 1160/1107/2787
f 1162/1108/2788 1161/1109/2789 1160/1107/2787
f 1160/1107/2787 1162/1108/2788 1161/1109/2789
f 1162/1108/2790 1160/1107/2791 1158/1103/2786
f 1162/1108/2792 1158/1103/2781 1160/1107/2792
f 1160/1107/2793 1162/1108/2793 1158/1103/2781
f 1160/1107/2793 1162/1108/2793 1158/1103/2781
f 1158/1103/2781 1160/1107/2794 1162/1108/2794
f 1158/1103/2781 1160/1107/2794 1162/1108/2794
f 1161/1109/2789 1162/1108/2795 1163/1110/2796
f 1158/1103/2797 1163/1110/2796 1162/1108/2788
f 1158/1103/2797 1163/1110/2796 1162/1108/2788
f 1163/1110/2796 1162/1108/2788 1158/1103/2797
f 1163/1110/2796 1162/1108/2788 1158/1103/2797
f 1162/1108/2788 1158/1103/2797 1163/1110/2796
f 1162/1108/2788 1158/1103/2797 1163/1110/2796
f 1163/1110/2796 1161/1109/2789 1162/1108/2795
f 1163/1110/2796 1161/1109/2789 1162/1108/2795
f 1162/1108/2795 1163/1110/2796 1161/1109/2789
f 1162/1108/2795 1163/1110/2796 1161/1109/2789
f 1161/1109/2789 1162/1108/2795 1163/1110/2796
f 1163/1110/2798 1158/1103/2799 1157/1105/2800
f 1157/1105/2800 1163/1110/2798 1158/1103/2799
f 1157/1105/2800 1163/1110/2798 1158/1103/2799
f 1158/1103/2799 1157/1105/2800 1163/1110/2798
f 1158/1103/2799 1157/1105/2800 1163/1110/2798
f 1163/1110/2798 1158/1103/2799 1157/1105/2800
f 1166/1111/2801 1164/1112/2802 1165/1113/2803
f 1167/1114/2804 1165/1113/2805 1164/1112/2802
f 1167/1114/2804 1165/1113/2805 1164/1112/2802
f 1165/1113/2805 1164/1112/2802 1167/1114/2804
f 1165/1113/2805 1164/1112/2802 1167/1114/2804
f 1164/1112/2802 1167/1114/2804 1165/1113/2805
f 1164/1112/2802 1167/1114/2804 1165/1113/2805
f 1165/1113/2803 1166/1111/2801 1164/1112/2802
f 1165/1113/2803 1166/1111/2801 1164/1112/2802
f 1164/1112/2802 1165/1113/2803 1166/1111/2801
f 1164/1112/2802 1165/1113/2803 1166/1111/2801
f 1166/1111/2801 1164/1112/2802 1165/1113/2803
f 1169/1115/2806 1164/1112/2802 1166/1111/2801
f 1164/1112/2802 1166/1111/2801 1169/1115/2806
f 1164/1112/2802 1166/1111/2801 1169/1115/2806
f 1166/1111/2801 1169/1115/2806 1164/1112/2802
f 1166/1111/2801 1169/1115/2806 1164/1112/2802
f 1169/1115/2806 1164/1112/2802 1166/1111/2801
f 1169/1115/2806 1168/1116/2807 1164/1112/2802
f 1164/1112/2802 1169/1115/2806 1168/1116/2807
f 1164/1112/2802 1169/1115/2806 1168/1116/2807
f 1168/1116/2807 1164/1112/2802 1169/1115/2806
f 1168/1116/2807 1164/1112/2802 1169/1115/2806
f 1169/1115/2806 1168/1116/2807 1164/1112/2802
f 1170/1117/2808 1168/1116/2807 1169/1115/2809
f 1168/1116/2807 1169/1115/2809 1170/1117/2810
f 1168/1116/2807 1169/1115/2809 1170/1117/2810
f 1169/1115/2809 1170/1117/2810 1168/1116/2807
f 1169/1115/2809 1170/1117/2810 1168/1116/2807
f 1170/1117/2808 1168/1116/2807 1169/1115/2809
f 1171/1118/2811 1170/1117/2810 1169/1115/2806
f 1169/1115/2806 1171/1118/2811 1170/1117/2810
f 1169/1115/2806 1171/1118/2811 1170/1117/2810
f 1170/1117/2810 1169/1115/2806 1171/1118/2811
f 1170/1117/2810 1169/1115/2806 1171/1118/2811
f 1171/1118/2811 1170/1117/2810 1169/1115/2806
f 1171/1118/2811 1169/1115/2809 1172/1119/2812
f 1169/1115/2809 1172/1119/2812 1171/1118/2811
f 1169/1115/2809 1172/1119/2812 1171/1118/2811
f 1172/1119/2812 1171/1118/2811 1169/1115/2809
f 1172/1119/2812 1171/1118/2811 1169/1115/2809
f 1171/1118/2811 1169/1115/2809 1172/1119/2812
f 1172/1119/2812 1169/1115/2806 1166/1111/2801
f 1166/1111/2801 1172/1119/2812 1169/1115/2806
f 1166/1111/2801 1172/1119/2812 1169/1115/2806
f 1169/1115/2809 1166/1111/2801 1172/1119/2812
f 1169/1115/2809 1166/1111/2801 1172/1119/2812
f 1172/1119/2812 1169/1115/2806 1166/1111/2801
f 1166/1111/2801 1174/1120/2813 1172/1119/2814
f 1166/1111/2801 1174/1120/2813 1172/1119/2814
f 1174/1120/2813 1172/1119/2814 1166/1111/2801
f 1174/1120/2813 1172/1119/2814 1166/1111/2801
f 1172/1119/2814 1166/1111/2801 1174/1120/2813
f 1172/1119/2814 1166/1111/2801 1174/1120/2813
f 1175/1121/2815 1171/1118/2811 1172/1119/2812
f 1172/1119/2812 1175/1121/2815 1171/1118/2811
f 1172/1119/2812 1175/1121/2815 1171/1118/2811
f 1171/1118/2811 1172/1119/2812 1175/1121/2815
f 1171/1118/2811 1172/1119/2812 1175/1121/2815
f 1175/1121/2815 1171/1118/2811 1172/1119/2812
f 1175/1121/2815 1172/1119/2812 1173/1122/2816
f 1174/1120/2813 1173/1122/2817 1172/1119/2812
f 1174/1120/2813 1173/1122/2817 1172/1119/2812
f 1172/1119/2812 1174/1120/2813 1173/1122/2817
f 1172/1119/2812 1174/1120/2813 1173/1122/2817
f 1173/1122/2817 1172/1119/2812 1174/1120/2813
f 1173/1122/2817 1172/1119/2812 1174/1120/2813
f 1172/1119/2812 1173/1122/2816 1175/1121/2815
f 1172/1119/2812 1173/1122/2816 1175/1121/2815
f 1173/1122/2816 1175/1121/2815 1172/1119/2812
f 1173/1122/2816 1175/1121/2815 1172/1119/2812
f 1175/1121/2815 1172/1119/2812 1173/1122/2816
f 1175/1121/2815 1176/1123/2818 1171/1118/2811
f 1175/1121/2815 1176/1123/2818 1171/1118/2811
f 1176/1123/2818 1171/1118/2811 1175/1121/2815
f 1176/1123/2818 1171/1118/2811 1175/1121/2815
f 1171/1118/2811 1175/1121/2815 1176/1123/2819
f 1171/1118/2811 1175/1121/2815 1176/1123/2819
f 1176/1123/2819 1175/1121/2815 1173/1122/2817
f 1173/1122/2816 1176/1123/2819 1175/1121/2815
f 1173/1122/2816 1176/1123/2819 1175/1121/2815
f 1175/1121/2815 1173/1122/2816 1176/1123/2819
f 1175/1121/2815 1173/1122/2816 1176/1123/2819
f 1176/1123/2819 1175/1121/2815 1173/1122/2817
f 1179/1124/2820 1176/1123/2819 1177/1125/2821
f 1173/1122/2816 1177/1125/2822 1176/1123/2819
f 1173/1122/2816 1177/1125/2822 1176/1123/2819
f 1177/1125/2822 1176/1123/2819 1173/1122/2816
f 1177/1125/2822 1176/1123/2819 1173/1122/2816
f 1176/1123/2819 1173/1122/2816 1177/1125/2822
f 1176/1123/2819 1173/1122/2816 1177/1125/2822
f 1176/1123/2819 1177/1125/2821 1179/1124/2820
f 1176/1123/2819 1177/1125/2821 1179/1124/2820
f 1177/1125/2821 1179/1124/2820 1176/1123/2819
f 1177/1125/2821 1179/1124/2820 1176/1123/2819
f 1179/1124/2820 1176/1123/2819 1177/1125/2821
f 1179/1124/2820 1178/1126/2823 1176/1123/2818
f 1171/1118/2811 1176/1123/2819 1178/1126/2824
f 1171/1118/2811 1176/1123/2819 1178/1126/2824
f 1176/1123/2819 1178/1126/2825 1171/1118/2826
f 1176/1123/2819 1178/1126/2825 1171/1118/2826
f 1178/1126/2825 1171/1118/2826 1176/1123/2819
f 1178/1126/2825 1171/1118/2826 1176/1123/2819
f 1176/1123/2818 1179/1124/2820 1178/1126/2823
f 1176/1123/2818 1179/1124/2820 1178/1126/2823
f 1178/1126/2823 1176/1123/2818 1179/1124/2820
f 1178/1126/2823 1176/1123/2818 1179/1124/2820
f 1179/1124/2820 1178/1126/2823 1176/1123/2818
f 1181/1127/2827 1180/1128/2828 1179/1124/2820
f 1178/1126/2824 1179/1124/2829 1180/1128/2828
f 1178/1126/2824 1179/1124/2829 1180/1128/2828
f 1179/1124/2820 1180/1128/2828 1178/1126/2824
f 1179/1124/2820 1180/1128/2828 1178/1126/2824
f 1180/1128/2828 1178/1126/2824 1179/1124/2820
f 1180/1128/2828 1178/1126/2824 1179/1124/2820
f 1179/1124/2820 1181/1127/2827 1180/1128/2828
f 1179/1124/2820 1181/1127/2827 1180/1128/2828
f 1180/1128/2828 1179/1124/2820 1181/1127/2827
f 1180/1128/2828 1179/1124/2820 1181/1127/2827
f 1181/1127/2827 1180/1128/2828 1179/1124/2820
f 1182/1129/2830 1179/1124/2831 1177/1125/2821
f 1177/1125/2821 1182/1129/2830 1179/1124/2820
f 1177/1125/2821 1182/1129/2830 1179/1124/2820
f 1179/1124/2820 1177/1125/2821 1182/1129/2830
f 1179/1124/2820 1177/1125/2821 1182/1129/2830
f 1182/1129/2830 1179/1124/2831 1177/1125/2821
f 1179/1124/2831 1182/1129/2830 1181/1127/2832
f 1179/1124/2831 1182/1129/2830 1181/1127/2832
f 1182/1129/2830 1181/1127/2832 1179/1124/2831
f 1182/1129/2830 1181/1127/2832 1179/1124/2831
f 1181/1127/2832 1179/1124/2831 1182/1129/2830
f 1181/1127/2832 1179/1124/2831 1182/1129/2830
f 1183/1130/2833 1184/1131/2834 1182/1129/2835
f 1173/1122/2817 1183/1130/2833 1182/1129/2830
f 1173/1122/2817 1183/1130/2833 1182/1129/2830
f 1183/1130/2836 1182/1129/2830 1173/1122/2817
f 1183/1130/2836 1182/1129/2830 1173/1122/2817
f 1182/1129/2830 1173/1122/2816 1183/1130/2837
f 1182/1129/2830 1173/1122/2816 1183/1130/2837
f 1182/1129/2835 1183/1130/2838 1184/1131/2834
f 1182/1129/2835 1183/1130/2838 1184/1131/2834
f 1184/1131/2834 1182/1129/2835 1183/1130/2833
f 1184/1131/2834 1182/1129/2835 1183/1130/2833
f 1183/1130/2833 1184/1131/2834 1182/1129/2835
f 1177/1125/2839 1173/1122/2817 1182/1129/2835
f 1182/1129/2835 1177/1125/2839 1173/1122/2816
f 1182/1129/2835 1177/1125/2839 1173/1122/2816
f 1173/1122/2817 1182/1129/2835 1177/1125/2839
f 1173/1122/2817 1182/1129/2835 1177/1125/2839
f 1177/1125/2839 1173/1122/2817 1182/1129/2835
f 1184/1131/2834 1181/1127/2832 1182/1129/2835
f 1181/1127/2832 1182/1129/2835 1184/1131/2840
f 1181/1127/2832 1182/1129/2835 1184/1131/2840
f 1182/1129/2835 1184/1131/2840 1181/1127/2832
f 1182/1129/2835 1184/1131/2840 1181/1127/2832
f 1184/1131/2834 1181/1127/2832 1182/1129/2835
f 1165/1113/2805 1184/1131/2840 1185/1132/2841
f 1183/1130/2837 1185/1132/2841 1184/1131/2840
f 1183/1130/2842 1184/1131/2842 1185/1132/2842
f 1184/1131/2842 1185/1132/2842 1183/1130/2842
f 1184/1131/2842 1185/1132/2842 1183/1130/2842
f 1185/1132/2842 1183/1130/2842 1184/1131/2842
f 1185/1132/2842 1183/1130/2842 1184/1131/2842
f 1184/1131/2840 1185/1132/2841 1165/1113/2805
f 1184/1131/2840 1185/1132/2841 1165/1113/2805
f 1185/1132/2841 1165/1113/2805 1184/1131/2840
f 1185/1132/2841 1165/1113/2805 1184/1131/2840
f 1165/1113/2805 1184/1131/2840 1185/1132/2841
f 1165/1113/2805 1187/1133/2843 1184/1131/2834
f 1184/1131/2834 1165/1113/2844 1187/1133/2843
f 1184/1131/2834 1165/1113/2844 1187/1133/2843
f 1187/1133/2843 1184/1131/2834 1165/1113/2844
f 1187/1133/2843 1184/1131/2834 1165/1113/2844
f 1165/1113/2805 1187/1133/2843 1184/1131/2834
f 1187/1133/2845 1186/1134/2846 1184/1131/2840
f 1181/1127/2827 1184/1131/2840 1186/1134/2847
f 1181/1127/2827 1184/1131/2840 1186/1134/2847
f 1186/1134/2848 1181/1127/2827 1184/1131/2834
f 1186/1134/2848 1181/1127/2827 1184/1131/2834
f 1184/1131/2834 1186/1134/2848 1181/1127/2827
f 1184/1131/2834 1186/1134/2848 1181/1127/2827
f 1186/1134/2846 1184/1131/2840 1187/1133/2849
f 1186/1134/2846 1184/1131/2840 1187/1133/2849
f 1184/1131/2840 1187/1133/2849 1186/1134/2846
f 1184/1131/2840 1187/1133/2849 1186/1134/2846
f 1187/1133/2845 1186/1134/2846 1184/1131/2840
f 1167/1114/2804 1187/1133/2849 1165/1113/2805
f 1187/1133/2849 1165/1113/2805 1167/1114/2804
f 1187/1133/2849 1165/1113/2805 1167/1114/2804
f 1165/1113/2805 1167/1114/2804 1187/1133/2849
f 1165/1113/2805 1167/1114/2804 1187/1133/2849
f 1167/1114/2804 1187/1133/2849 1165/1113/2805
f 1186/1134/2850 1180/1128/2828 1181/1127/2827
f 1180/1128/2828 1181/1127/2827 1186/1134/2850
f 1180/1128/2828 1181/1127/2827 1186/1134/2850
f 1181/1127/2827 1186/1134/2850 1180/1128/2828
f 1181/1127/2827 1186/1134/2850 1180/1128/2828
f 1186/1134/2850 1180/1128/2828 1181/1127/2827
f 1183/1130/2833 1173/1122/2816 1185/1132/2851
f 1174/1120/2813 1185/1132/2841 1173/1122/2816
f 1174/1120/2813 1185/1132/2841 1173/1122/2816
f 1185/1132/2841 1173/1122/2816 1174/1120/2813
f 1185/1132/2841 1173/1122/2816 1174/1120/2813
f 1173/1122/2817 1174/1120/2813 1185/1132/2841
f 1173/1122/2817 1174/1120/2813 1185/1132/2841
f 1185/1132/2852 1183/1130/2833 1173/1122/2816
f 1185/1132/2852 1183/1130/2833 1173/1122/2816
f 1173/1122/2816 1185/1132/2852 1183/1130/2833
f 1173/1122/2816 1185/1132/2852 1183/1130/2833
f 1183/1130/2833 1173/1122/2816 1185/1132/2851
f 1166/1111/2801 1165/1113/2803 1185/1132/2841
f 1165/1113/2803 1185/1132/2841 1166/1111/2801
f 1165/1113/2803 1185/1132/2841 1166/1111/2801
f 1185/1132/2853 1166/1111/2801 1165/1113/2803
f 1185/1132/2853 1166/1111/2801 1165/1113/2803
f 1166/1111/2801 1165/1113/2803 1185/1132/2841
f 1174/1120/2813 1166/1111/2801 1185/1132/2841
f 1185/1132/2841 1174/1120/2813 1166/1111/2801
f 1185/1132/2841 1174/1120/2813 1166/1111/2801
f 1166/1111/2801 1185/1132/2841 1174/1120/2813
f 1166/1111/2801 1185/1132/2841 1174/1120/2813
f 1174/1120/2813 1166/1111/2801 1185/1132/2841
f 1180/1128/2828 1188/1135/2854 1178/1126/2824
f 1188/1135/2854 1178/1126/2824 1180/1128/2828
f 1188/1135/2854 1178/1126/2824 1180/1128/2828
f 1178/1126/2824 1180/1128/2828 1188/1135/2854
f 1178/1126/2824 1180/1128/2828 1188/1135/2854
f 1180/1128/2828 1188/1135/2854 1178/1126/2824
f 1171/1118/2811 1178/1126/2823 1188/1135/2855
f 1171/1118/2811 1178/1126/2823 1188/1135/2855
f 1188/1135/2854 1171/1118/2811 1178/1126/2823
f 1188/1135/2854 1171/1118/2811 1178/1126/2823
f 1178/1126/2823 1188/1135/2854 1171/1118/2811
f 1178/1126/2823 1188/1135/2854 1171/1118/2811
f 1188/1135/2854 1170/1117/2808 1171/1118/2811
f 1170/1117/2810 1171/1118/2811 1188/1135/2854
f 1170/1117/2810 1171/1118/2811 1188/1135/2854
f 1171/1118/2811 1188/1135/2854 1170/1117/2810
f 1171/1118/2811 1188/1135/2854 1170/1117/2810
f 1188/1135/2854 1170/1117/2808 1171/1118/2811
f 1191/1136/2856 1189/1137/2857 1190/1138/2858
f 1193/1139/2859 1190/1138/2860 1189/1137/2861
f 1193/1139/2862 1189/1137/2858 1190/1138/2863
f 1190/1138/2863 1193/1139/2862 1189/1137/2858
f 1190/1138/2863 1193/1139/2862 1189/1137/2858
f 1189/1137/2858 1190/1138/2863 1193/1139/2862
f 1189/1137/2858 1190/1138/2863 1193/1139/2862
f 1190/1138/2858 1191/1136/2864 1189/1137/2857
f 1190/1138/2858 1191/1136/2864 1189/1137/2857
f 1189/1137/2857 1190/1138/2858 1191/1136/2864
f 1189/1137/2857 1190/1138/2858 1191/1136/2864
f 1191/1136/2856 1189/1137/2857 1190/1138/2858
f 1192/1140/2865 1189/1137/2866 1191/1136/2856
f 1189/1137/2866 1191/1136/2856 1192/1140/2865
f 1189/1137/2866 1191/1136/2856 1192/1140/2865
f 1191/1136/2867 1192/1140/2865 1189/1137/2866
f 1191/1136/2867 1192/1140/2865 1189/1137/2866
f 1192/1140/2865 1189/1137/2866 1191/1136/2856
f 1189/1137/2868 1192/1140/2865 1193/1139/2869
f 1189/1137/2868 1192/1140/2865 1193/1139/2869
f 1192/1140/2865 1193/1139/2869 1189/1137/2868
f 1192/1140/2865 1193/1139/2869 1189/1137/2868
f 1193/1139/2869 1189/1137/2868 1192/1140/2865
f 1193/1139/2869 1189/1137/2868 1192/1140/2865
f 1195/1141/2870 1193/1139/2871 1194/1142/2872
f 1192/1140/2873 1194/1142/2874 1193/1139/2869
f 1192/1140/2873 1194/1142/2874 1193/1139/2869
f 1193/1139/2869 1192/1140/2873 1194/1142/2874
f 1193/1139/2869 1192/1140/2873 1194/1142/2874
f 1194/1142/2874 1193/1139/2869 1192/1140/2873
f 1194/1142/2874 1193/1139/2869 1192/1140/2873
f 1193/1139/2871 1194/1142/2872 1195/1141/2870
f 1193/1139/2871 1194/1142/2872 1195/1141/2870
f 1194/1142/2872 1195/1141/2870 1193/1139/2871
f 1194/1142/2872 1195/1141/2870 1193/1139/2871
f 1195/1141/2870 1193/1139/2871 1194/1142/2872
f 1193/1139/2875 1195/1141/2876 1196/1143/2877
f 1195/1141/2876 1196/1143/2877 1193/1139/2875
f 1195/1141/2876 1196/1143/2877 1193/1139/2875
f 1196/1143/2877 1193/1139/2875 1195/1141/2876
f 1196/1143/2877 1193/1139/2875 1195/1141/2876
f 1193/1139/2875 1195/1141/2876 1196/1143/2877
f 1190/1138/2878 1193/1139/2869 1196/1143/2878
f 1196/1143/2878 1190/1138/2878 1193/1139/2869
f 1196/1143/2878 1190/1138/2878 1193/1139/2869
f 1193/1139/2869 1196/1143/2878 1190/1138/2878
f 1193/1139/2869 1196/1143/2878 1190/1138/2878
f 1190/1138/2878 1193/1139/2869 1196/1143/2878
f 1198/1144/2879 1201/1145/2880 1197/1146/2881
f 1197/1146/2881 1199/1147/2882 1198/1144/2879
f 1197/1146/2883 1198/1144/2883 1199/1147/2884
f 1198/1144/2883 1199/1147/2884 1197/1146/2883
f 1198/1144/2883 1199/1147/2884 1197/1146/2883
f 1199/1147/2884 1197/1146/2883 1198/1144/2883
f 1199/1147/2884 1197/1146/2883 1198/1144/2883
f 1197/1146/2881 1198/1144/2879 1201/1145/2880
f 1197/1146/2881 1198/1144/2879 1201/1145/2880
f 1201/1145/2880 1197/1146/2881 1198/1144/2879
f 1201/1145/2880 1197/1146/2881 1198/1144/2879
f 1198/1144/2879 1201/1145/2880 1197/1146/2881
f 1197/1146/2881 1200/1148/2885 1199/1147/2886
f 1199/1147/2886 1197/1146/2881 1200/1148/2885
f 1199/1147/2886 1197/1146/2881 1200/1148/2885
f 1200/1148/2885 1199/1147/2886 1197/1146/2881
f 1200/1148/2885 1199/1147/2886 1197/1146/2881
f 1197/1146/2881 1200/1148/2885 1199/1147/2886
f 1201/1145/2887 1200/1148/2888 1197/1146/2881
f 1200/1148/2888 1197/1146/2881 1201/1145/2887
f 1200/1148/2888 1197/1146/2881 1201/1145/2887
f 1197/1146/2881 1201/1145/2887 1200/1148/2888
f 1197/1146/2881 1201/1145/2887 1200/1148/2888
f 1201/1145/2887 1200/1148/2888 1197/1146/2881
f 1202/1149/2889 1199/1147/2886 1200/1148/2885
f 1202/1149/2889 1199/1147/2886 1200/1148/2885
f 1199/1147/2886 1200/1148/2885 1202/1149/2889
f 1199/1147/2886 1200/1148/2885 1202/1149/2889
f 1200/1148/2885 1202/1149/2889 1199/1147/2886
f 1200/1148/2885 1202/1149/2889 1199/1147/2886
f 1199/1147/2890 1202/1149/2891 1203/1150/2892
f 1203/1150/2892 1199/1147/2890 1202/1149/2891
f 1203/1150/2892 1199/1147/2890 1202/1149/2891
f 1202/1149/2891 1203/1150/2892 1199/1147/2890
f 1202/1149/2891 1203/1150/2892 1199/1147/2890
f 1199/1147/2890 1202/1149/2891 1203/1150/2892
f 1199/1147/2884 1203/1150/2893 1204/1151/2894
f 1199/1147/2884 1203/1150/2893 1204/1151/2894
f 1204/1151/2894 1199/1147/2884 1203/1150/2893
f 1204/1151/2894 1199/1147/2884 1203/1150/2893
f 1203/1150/2895 1204/1151/2894 1199/1147/2884
f 1203/1150/2895 1204/1151/2894 1199/1147/2884
f 1198/1144/2879 1199/1147/2896 1204/1151/2897
f 1198/1144/2879 1199/1147/2896 1204/1151/2897
f 1199/1147/2898 1204/1151/2897 1198/1144/2879
f 1199/1147/2898 1204/1151/2897 1198/1144/2879
f 1204/1151/2897 1198/1144/2879 1199/1147/2898
f 1204/1151/2897 1198/1144/2879 1199/1147/2898
f 1206/1152/2899 1205/1153/2900 1209/1154/2901
f 1205/1153/2902 1206/1152/2903 1207/1155/2904
f 1205/1153/2902 1206/1152/2903 1207/1155/2904
f 1206/1152/2905 1207/1155/2904 1205/1153/2902
f 1206/1152/2905 1207/1155/2904 1205/1153/2902
f 1207/1155/2904 1205/1153/2902 1206/1152/2905
f 1207/1155/2904 1205/1153/2902 1206/1152/2905
f 1205/1153/2900 1209/1154/2901 1206/1152/2899
f 1205/1153/2900 1209/1154/2901 1206/1152/2899
f 1209/1154/2901 1206/1152/2899 1205/1153/2900
f 1209/1154/2901 1206/1152/2899 1205/1153/2900
f 1206/1152/2899 1205/1153/2900 1209/1154/2901
f 1205/1153/2906 1207/1155/2907 1208/1156/2908
f 1207/1155/2907 1208/1156/2908 1205/1153/2906
f 1207/1155/2907 1208/1156/2908 1205/1153/2906
f 1208/1156/2908 1205/1153/2906 1207/1155/2907
f 1208/1156/2908 1205/1153/2906 1207/1155/2907
f 1205/1153/2906 1207/1155/2907 1208/1156/2908
f 1209/1154/2909 1205/1153/2900 1208/1156/2908
f 1208/1156/2910 1209/1154/2909 1205/1153/2900
f 1208/1156/2910 1209/1154/2909 1205/1153/2900
f 1205/1153/2900 1208/1156/2908 1209/1154/2909
f 1205/1153/2900 1208/1156/2908 1209/1154/2909
f 1209/1154/2909 1205/1153/2900 1208/1156/2908
f 1210/1157/2911 1208/1156/2908 1207/1155/2912
f 1210/1157/2913 1207/1155/2914 1208/1156/2915
f 1207/1155/2914 1208/1156/2915 1210/1157/2913
f 1207/1155/2914 1208/1156/2915 1210/1157/2913
f 1208/1156/2915 1210/1157/2913 1207/1155/2914
f 1208/1156/2915 1210/1157/2913 1207/1155/2914
f 1207/1155/2916 1211/1158/2917 1210/1157/2918
f 1211/1158/2917 1210/1157/2918 1207/1155/2919
f 1211/1158/2917 1210/1157/2918 1207/1155/2919
f 1210/1157/2918 1207/1155/2919 1211/1158/2920
f 1210/1157/2918 1207/1155/2919 1211/1158/2920
f 1207/1155/2916 1211/1158/2917 1210/1157/2918
f 1207/1155/2919 1212/1159/2921 1211/1158/2920
f 1207/1155/2919 1212/1159/2921 1211/1158/2920
f 1212/1159/2921 1211/1158/2920 1207/1155/2919
f 1212/1159/2921 1211/1158/2920 1207/1155/2919
f 1211/1158/2920 1207/1155/2919 1212/1159/2921
f 1211/1158/2920 1207/1155/2919 1212/1159/2921
f 1206/1152/2905 1212/1159/2922 1207/1155/2923
f 1206/1152/2905 1212/1159/2922 1207/1155/2923
f 1207/1155/2923 1206/1152/2903 1212/1159/2922
f 1207/1155/2923 1206/1152/2903 1212/1159/2922
f 1212/1159/2924 1207/1155/2923 1206/1152/2903
f 1212/1159/2924 1207/1155/2923 1206/1152/2903
f 1215/1160/2925 1213/1161/2926 1214/1162/2925
f 1213/1161/2926 1214/1162/2925 1215/1160/2925
f 1213/1161/2926 1214/1162/2925 1215/1160/2925
f 1214/1162/2925 1215/1160/2925 1213/1161/2926
f 1214/1162/2925 1215/1160/2925 1213/1161/2926
f 1215/1160/2925 1213/1161/2926 1214/1162/2925
f 1213/1161/2927 1215/1160/2928 1216/1163/2929
f 1216/1163/2930 1213/1161/2927 1215/1160/2928
f 1216/1163/2930 1213/1161/2927 1215/1160/2928
f 1215/1160/2928 1216/1163/2929 1213/1161/2927
f 1215/1160/2928 1216/1163/2929 1213/1161/2927
f 1213/1161/2927 1215/1160/2928 1216/1163/2929
f 1217/1164/2931 1216/1163/2929 1215/1160/2928
f 1217/1164/2931 1216/1163/2929 1215/1160/2928
f 1216/1163/2929 1215/1160/2928 1217/1164/2931
f 1216/1163/2929 1215/1160/2928 1217/1164/2931
f 1215/1160/2928 1217/1164/2931 1216/1163/2930
f 1215/1160/2928 1217/1164/2931 1216/1163/2930
f 1218/1165/2932 1216/1163/2933 1217/1164/2932
f 1218/1165/2932 1216/1163/2933 1217/1164/2932
f 1217/1164/2932 1218/1165/2932 1216/1163/2933
f 1217/1164/2932 1218/1165/2932 1216/1163/2933
f 1216/1163/2933 1217/1164/2932 1218/1165/2932
f 1216/1163/2933 1217/1164/2932 1218/1165/2932
f 1218/1165/2934 1219/1166/2935 1217/1164/2936
f 1217/1164/2932 1219/1166/2937 1218/1165/2932
f 1217/1164/2936 1218/1165/2934 1219/1166/2935
f 1219/1166/2935 1217/1164/2936 1218/1165/2934
f 1219/1166/2935 1217/1164/2936 1218/1165/2934
f 1218/1165/2934 1219/1166/2935 1217/1164/2936
f 1219/1166/2935 1217/1164/2936 1220/1167/2938
f 1220/1167/2938 1219/1166/2935 1217/1164/2936
f 1220/1167/2938 1219/1166/2935 1217/1164/2936
f 1217/1164/2936 1220/1167/2938 1219/1166/2935
f 1217/1164/2936 1220/1167/2938 1219/1166/2935
f 1219/1166/2935 1217/1164/2936 1220/1167/2938
f 1220/1167/2939 1215/1160/2940 1214/1162/2925
f 1214/1162/2925 1220/1167/2939 1215/1160/2940
f 1214/1162/2925 1220/1167/2939 1215/1160/2940
f 1215/1160/2940 1214/1162/2925 1220/1167/2939
f 1215/1160/2940 1214/1162/2925 1220/1167/2939
f 1220/1167/2939 1215/1160/2940 1214/1162/2925
f 1215/1160/2941 1220/1167/2938 1217/1164/2936
f 1215/1160/2941 1220/1167/2938 1217/1164/2936
f 1220/1167/2938 1217/1164/2936 1215/1160/2941
f 1220/1167/2938 1217/1164/2936 1215/1160/2941
f 1217/1164/2936 1215/1160/2941 1220/1167/2938
f 1217/1164/2936 1215/1160/2941 1220/1167/2938
f 1221/1168/2942 1224/1169/2943 1222/1118/2944
f 1221/1168/2945 1222/1118/2944 1223/1170/2946
f 1221/1168/2945 1222/1118/2944 1223/1170/2946
f 1222/1118/2944 1223/1170/2946 1221/1168/2945
f 1222/1118/2944 1223/1170/2946 1221/1168/2945
f 1223/1170/2946 1221/1168/2945 1222/1118/2944
f 1223/1170/2946 1221/1168/2945 1222/1118/2944
f 1222/1118/2944 1221/1168/2942 1224/1169/2943
f 1222/1118/2944 1221/1168/2942 1224/1169/2943
f 1224/1169/2943 1222/1118/2944 1221/1168/2947
f 1224/1169/2943 1222/1118/2944 1221/1168/2947
f 1221/1168/2942 1224/1169/2943 1222/1118/2944
f 1223/1170/2948 1227/1171/2949 1221/1168/2942
f 1221/1168/2942 1223/1170/2948 1227/1171/2949
f 1221/1168/2942 1223/1170/2948 1227/1171/2949
f 1227/1171/2949 1221/1168/2942 1223/1170/2948
f 1227/1171/2949 1221/1168/2942 1223/1170/2948
f 1223/1170/2948 1227/1171/2949 1221/1168/2942
f 1225/1172/2950 1224/1169/2943 1221/1168/2945
f 1224/1169/2943 1221/1168/2945 1225/1172/2950
f 1224/1169/2943 1221/1168/2945 1225/1172/2950
f 1221/1168/2945 1225/1172/2950 1224/1169/2943
f 1221/1168/2945 1225/1172/2950 1224/1169/2943
f 1225/1172/2950 1224/1169/2943 1221/1168/2945
f 1226/1173/2951 1225/1172/2950 1221/1168/2952
f 1221/1168/2952 1226/1173/2951 1225/1172/2950
f 1221/1168/2952 1226/1173/2951 1225/1172/2950
f 1225/1172/2950 1221/1168/2952 1226/1173/2951
f 1225/1172/2950 1221/1168/2952 1226/1173/2951
f 1226/1173/2951 1225/1172/2950 1221/1168/2952
f 1227/1171/2949 1226/1173/2951 1221/1168/2942
f 1226/1173/2951 1221/1168/2942 1227/1171/2949
f 1226/1173/2951 1221/1168/2942 1227/1171/2949
f 1221/1168/2942 1227/1171/2949 1226/1173/2951
f 1221/1168/2942 1227/1171/2949 1226/1173/2951
f 1227/1171/2949 1226/1173/2951 1221/1168/2942
f 1226/1173/2951 1227/1171/2949 1229/1174/2953
f 1227/1171/2949 1229/1174/2953 1226/1173/2951
f 1227/1171/2949 1229/1174/2953 1226/1173/2951
f 1229/1174/2953 1226/1173/2951 1227/1171/2949
f 1229/1174/2953 1226/1173/2951 1227/1171/2949
f 1226/1173/2951 1227/1171/2949 1229/1174/2953
f 1227/1171/2949 1228/1120/2954 1230/1175/2955
f 1227/1171/2949 1223/1170/2948 1228/1120/2956
f 1227/1171/2949 1223/1170/2948 1228/1120/2956
f 1223/1170/2948 1228/1120/2956 1227/1171/2949
f 1223/1170/2948 1228/1120/2956 1227/1171/2949
f 1228/1120/2956 1227/1171/2949 1223/1170/2948
f 1228/1120/2956 1227/1171/2949 1223/1170/2948
f 1228/1120/2957 1230/1175/2958 1227/1171/2949
f 1228/1120/2957 1230/1175/2958 1227/1171/2949
f 1230/1175/2955 1227/1171/2949 1228/1120/2957
f 1230/1175/2955 1227/1171/2949 1228/1120/2957
f 1227/1171/2949 1228/1120/2954 1230/1175/2955
f 1230/1175/2959 1229/1174/2953 1227/1171/2949
f 1230/1175/2959 1229/1174/2953 1227/1171/2949
f 1227/1171/2949 1230/1175/2959 1229/1174/2953
f 1227/1171/2949 1230/1175/2959 1229/1174/2953
f 1229/1174/2960 1227/1171/2949 1230/1175/2959
f 1229/1174/2960 1227/1171/2949 1230/1175/2959
f 1233/1176/2961 1230/1175/2961 1231/1177/2961
f 1229/1174/2953 1230/1175/2962 1231/1177/2963
f 1229/1174/2953 1230/1175/2962 1231/1177/2963
f 1231/1177/2963 1229/1174/2953 1230/1175/2962
f 1231/1177/2963 1229/1174/2953 1230/1175/2962
f 1230/1175/2962 1231/1177/2963 1229/1174/2953
f 1230/1175/2962 1231/1177/2963 1229/1174/2953
f 1231/1177/2963 1230/1175/2964 1233/1176/2965
f 1231/1177/2961 1233/1176/2961 1230/1175/2961
f 1230/1175/2961 1231/1177/2961 1233/1176/2961
f 1230/1175/2961 1231/1177/2961 1233/1176/2961
f 1233/1176/2961 1230/1175/2961 1231/1177/2961
f 1230/1175/2964 1228/1120/2957 1232/1178/2966
f 1230/1175/2959 1232/1178/2966 1233/1176/2967
f 1230/1175/2959 1232/1178/2966 1233/1176/2967
f 1233/1176/2967 1230/1175/2959 1232/1178/2966
f 1233/1176/2967 1230/1175/2959 1232/1178/2966
f 1232/1178/2966 1233/1176/2967 1230/1175/2959
f 1232/1178/2966 1233/1176/2967 1230/1175/2959
f 1232/1178/2966 1230/1175/2964 1228/1120/2957
f 1232/1178/2966 1230/1175/2964 1228/1120/2957
f 1228/1120/2957 1232/1178/2966 1230/1175/2964
f 1228/1120/2957 1232/1178/2966 1230/1175/2964
f 1230/1175/2964 1228/1120/2957 1232/1178/2966
f 1231/1177/2963 1233/1176/2968 1234/1179/2969
f 1232/1178/2966 1234/1179/2970 1233/1176/2965
f 1232/1178/2966 1234/1179/2970 1233/1176/2965
f 1233/1176/2967 1232/1178/2966 1234/1179/2970
f 1233/1176/2967 1232/1178/2966 1234/1179/2970
f 1234/1179/2969 1233/1176/2971 1232/1178/2966
f 1234/1179/2969 1233/1176/2971 1232/1178/2966
f 1233/1176/2968 1234/1179/2969 1231/1177/2963
f 1233/1176/2968 1234/1179/2969 1231/1177/2963
f 1234/1179/2969 1231/1177/2963 1233/1176/2968
f 1234/1179/2969 1231/1177/2963 1233/1176/2968
f 1231/1177/2963 1233/1176/2968 1234/1179/2969
f 1235/1180/2972 1236/1181/2973 1234/1179/2970
f 1234/1179/2969 1237/1125/2974 1235/1180/2975
f 1234/1179/2969 1237/1125/2974 1235/1180/2975
f 1237/1125/2974 1235/1180/2975 1234/1179/2969
f 1237/1125/2974 1235/1180/2975 1234/1179/2969
f 1235/1180/2975 1234/1179/2969 1237/1125/2974
f 1235/1180/2975 1234/1179/2969 1237/1125/2974
f 1234/1179/2969 1235/1180/2975 1236/1181/2973
f 1234/1179/2969 1235/1180/2975 1236/1181/2973
f 1236/1181/2973 1234/1179/2969 1235/1180/2972
f 1236/1181/2973 1234/1179/2969 1235/1180/2972
f 1235/1180/2972 1236/1181/2973 1234/1179/2970
f 1236/1181/2973 1231/1177/2963 1234/1179/2976
f 1231/1177/2963 1234/1179/2976 1236/1181/2973
f 1231/1177/2963 1234/1179/2976 1236/1181/2973
f 1234/1179/2976 1236/1181/2973 1231/1177/2963
f 1234/1179/2976 1236/1181/2973 1231/1177/2963
f 1236/1181/2973 1231/1177/2963 1234/1179/2976
f 1232/1178/2966 1237/1125/2977 1234/1179/2976
f 1232/1178/2966 1237/1125/2977 1234/1179/2976
f 1237/1125/2977 1234/1179/2976 1232/1178/2966
f 1237/1125/2977 1234/1179/2976 1232/1178/2966
f 1234/1179/2976 1232/1178/2966 1237/1125/2977
f 1234/1179/2976 1232/1178/2966 1237/1125/2977
f 1238/1123/2978 1235/1180/2975 1237/1125/2977
f 1238/1123/2979 1237/1125/2977 1232/1178/2966
f 1238/1123/2979 1237/1125/2977 1232/1178/2966
f 1232/1178/2966 1238/1123/2979 1237/1125/2977
f 1232/1178/2966 1238/1123/2979 1237/1125/2977
f 1237/1125/2977 1232/1178/2966 1238/1123/2979
f 1237/1125/2977 1232/1178/2966 1238/1123/2979
f 1237/1125/2977 1238/1123/2978 1235/1180/2975
f 1237/1125/2977 1238/1123/2978 1235/1180/2975
f 1235/1180/2975 1237/1125/2977 1238/1123/2978
f 1235/1180/2975 1237/1125/2977 1238/1123/2978
f 1238/1123/2978 1235/1180/2975 1237/1125/2977
f 1240/1126/2980 1235/1180/2975 1238/1123/2981
f 1235/1180/2975 1238/1123/2981 1240/1126/2980
f 1235/1180/2975 1238/1123/2981 1240/1126/2980
f 1238/1123/2981 1240/1126/2980 1235/1180/2975
f 1238/1123/2981 1240/1126/2980 1235/1180/2975
f 1240/1126/2980 1235/1180/2975 1238/1123/2981
f 1239/1121/2982 1222/1118/2983 1238/1123/2981
f 1240/1126/2980 1238/1123/2981 1222/1118/2944
f 1240/1126/2980 1238/1123/2981 1222/1118/2944
f 1238/1123/2981 1222/1118/2944 1240/1126/2980
f 1238/1123/2981 1222/1118/2944 1240/1126/2980
f 1222/1118/2944 1240/1126/2980 1238/1123/2981
f 1222/1118/2944 1240/1126/2980 1238/1123/2981
f 1238/1123/2981 1239/1121/2982 1222/1118/2984
f 1238/1123/2981 1239/1121/2982 1222/1118/2984
f 1222/1118/2983 1238/1123/2981 1239/1121/2982
f 1222/1118/2983 1238/1123/2981 1239/1121/2982
f 1239/1121/2982 1222/1118/2983 1238/1123/2981
f 1239/1121/2985 1238/1123/2986 1232/1178/2966
f 1239/1121/2985 1238/1123/2986 1232/1178/2966
f 1232/1178/2966 1239/1121/2985 1238/1123/2986
f 1232/1178/2966 1239/1121/2985 1238/1123/2986
f 1238/1123/2986 1232/1178/2966 1239/1121/2985
f 1238/1123/2986 1232/1178/2966 1239/1121/2985
f 1222/1118/2984 1242/1182/2987 1240/1126/2980
f 1240/1126/2980 1222/1118/2984 1242/1182/2987
f 1240/1126/2980 1222/1118/2984 1242/1182/2987
f 1242/1182/2987 1240/1126/2980 1222/1118/2984
f 1242/1182/2987 1240/1126/2980 1222/1118/2984
f 1222/1118/2984 1242/1182/2987 1240/1126/2980
f 1242/1182/2988 1241/1183/2989 1240/1126/2990
f 1235/1180/2975 1240/1126/2980 1241/1183/2989
f 1235/1180/2975 1240/1126/2980 1241/1183/2989
f 1241/1183/2989 1235/1180/2975 1240/1126/2980
f 1241/1183/2989 1235/1180/2975 1240/1126/2980
f 1240/1126/2980 1241/1183/2989 1235/1180/2975
f 1240/1126/2980 1241/1183/2989 1235/1180/2975
f 1241/1183/2989 1240/1126/2990 1242/1182/2988
f 1241/1183/2989 1240/1126/2990 1242/1182/2988
f 1240/1126/2990 1242/1182/2988 1241/1183/2989
f 1240/1126/2990 1242/1182/2988 1241/1183/2989
f 1242/1182/2988 1241/1183/2989 1240/1126/2990
f 1224/1169/2943 1242/1182/2988 1222/1118/2944
f 1242/1182/2988 1222/1118/2944 1224/1169/2943
f 1242/1182/2988 1222/1118/2944 1224/1169/2943
f 1222/1118/2991 1224/1169/2943 1242/1182/2988
f 1222/1118/2991 1224/1169/2943 1242/1182/2988
f 1224/1169/2943 1242/1182/2988 1222/1118/2944
f 1241/1183/2989 1243/1184/2992 1236/1181/2993
f 1243/1184/2992 1236/1181/2993 1241/1183/2989
f 1243/1184/2992 1236/1181/2993 1241/1183/2989
f 1236/1181/2993 1241/1183/2989 1243/1184/2992
f 1236/1181/2993 1241/1183/2989 1243/1184/2992
f 1241/1183/2989 1243/1184/2992 1236/1181/2993
f 1236/1181/2993 1235/1180/2972 1241/1183/2989
f 1236/1181/2993 1235/1180/2972 1241/1183/2989
f 1235/1180/2972 1241/1183/2989 1236/1181/2993
f 1235/1180/2972 1241/1183/2989 1236/1181/2993
f 1241/1183/2989 1236/1181/2993 1235/1180/2972
f 1241/1183/2989 1236/1181/2993 1235/1180/2972
f 1236/1181/2973 1243/1184/2992 1231/1177/2963
f 1244/1185/2994 1231/1177/2963 1243/1184/2992
f 1244/1185/2994 1231/1177/2963 1243/1184/2992
f 1231/1177/2963 1243/1184/2992 1244/1185/2995
f 1231/1177/2963 1243/1184/2992 1244/1185/2995
f 1243/1184/2992 1244/1185/2995 1231/1177/2963
f 1243/1184/2992 1244/1185/2995 1231/1177/2963
f 1231/1177/2963 1236/1181/2973 1243/1184/2992
f 1231/1177/2963 1236/1181/2973 1243/1184/2992
f 1243/1184/2992 1231/1177/2963 1236/1181/2973
f 1243/1184/2992 1231/1177/2963 1236/1181/2973
f 1236/1181/2973 1243/1184/2992 1231/1177/2963
f 1245/1186/2996 1231/1177/2963 1244/1185/2995
f 1245/1186/2996 1231/1177/2963 1244/1185/2995
f 1231/1177/2963 1244/1185/2995 1245/1186/2996
f 1231/1177/2963 1244/1185/2995 1245/1186/2996
f 1244/1185/2995 1245/1186/2996 1231/1177/2963
f 1244/1185/2995 1245/1186/2996 1231/1177/2963
f 1229/1174/2960 1231/1177/2997 1245/1186/2996
f 1229/1174/2960 1231/1177/2997 1245/1186/2996
f 1245/1186/2996 1229/1174/2960 1231/1177/2997
f 1245/1186/2996 1229/1174/2960 1231/1177/2997
f 1231/1177/2997 1245/1186/2996 1229/1174/2960
f 1231/1177/2997 1245/1186/2996 1229/1174/2960
f 1245/1186/2998 1226/1173/2951 1229/1174/2960
f 1226/1173/2951 1229/1174/2960 1245/1186/2998
f 1226/1173/2951 1229/1174/2960 1245/1186/2998
f 1229/1174/2960 1245/1186/2998 1226/1173/2951
f 1229/1174/2960 1245/1186/2998 1226/1173/2951
f 1245/1186/2998 1226/1173/2951 1229/1174/2960
f 1222/1118/2991 1239/1121/2982 1223/1170/2948
f 1222/1118/2991 1239/1121/2982 1223/1170/2948
f 1223/1170/2948 1222/1118/2944 1239/1121/2982
f 1223/1170/2948 1222/1118/2944 1239/1121/2982
f 1239/1121/2982 1223/1170/2948 1222/1118/2991
f 1239/1121/2982 1223/1170/2948 1222/1118/2991
f 1223/1170/2946 1239/1121/2982 1232/1178/2966
f 1223/1170/2946 1239/1121/2982 1232/1178/2966
f 1239/1121/2982 1232/1178/2966 1223/1170/2946
f 1239/1121/2982 1232/1178/2966 1223/1170/2946
f 1232/1178/2966 1223/1170/2946 1239/1121/2982
f 1232/1178/2966 1223/1170/2946 1239/1121/2982
f 1232/1178/2966 1228/1120/2957 1223/1170/2948
f 1223/1170/2948 1232/1178/2966 1228/1120/2957
f 1223/1170/2948 1232/1178/2966 1228/1120/2957
f 1228/1120/2957 1223/1170/2948 1232/1178/2966
f 1228/1120/2957 1223/1170/2948 1232/1178/2966
f 1232/1178/2966 1228/1120/2957 1223/1170/2948
f 1248/1187/2999 1246/1188/3000 1247/1189/3001
f 1246/1188/3000 1247/1189/3001 1248/1187/2999
f 1246/1188/3000 1247/1189/3001 1248/1187/2999
f 1247/1189/3001 1248/1187/2999 1246/1188/3000
f 1247/1189/3001 1248/1187/2999 1246/1188/3000
f 1248/1187/2999 1246/1188/3000 1247/1189/3001
f 1246/1188/3000 1248/1187/3002 1249/1190/3003
f 1249/1190/3004 1246/1188/3000 1248/1187/3002
f 1249/1190/3004 1246/1188/3000 1248/1187/3002
f 1248/1187/3002 1249/1190/3003 1246/1188/3000
f 1248/1187/3002 1249/1190/3003 1246/1188/3000
f 1246/1188/3000 1248/1187/3002 1249/1190/3003
f 1250/1191/3005 1249/1190/3003 1248/1187/2999
f 1250/1191/3005 1249/1190/3003 1248/1187/2999
f 1249/1190/3004 1248/1187/2999 1250/1191/3005
f 1249/1190/3004 1248/1187/2999 1250/1191/3005
f 1248/1187/2999 1250/1191/3005 1249/1190/3004
f 1248/1187/2999 1250/1191/3005 1249/1190/3004
f 1251/1192/3006 1249/1190/3007 1250/1191/3008
f 1251/1192/3006 1249/1190/3007 1250/1191/3008
f 1250/1191/3008 1251/1192/3006 1249/1190/3007
f 1250/1191/3008 1251/1192/3006 1249/1190/3007
f 1249/1190/3007 1250/1191/3008 1251/1192/3006
f 1249/1190/3007 1250/1191/3008 1251/1192/3006
f 1251/1192/3009 1250/1191/3009 1252/1193/3010
f 1250/1191/3009 1252/1193/3010 1251/1192/3009
f 1250/1191/3009 1252/1193/3010 1251/1192/3009
f 1252/1193/3010 1251/1192/3009 1250/1191/3009
f 1252/1193/3010 1251/1192/3009 1250/1191/3009
f 1251/1192/3009 1250/1191/3009 1252/1193/3010
f 1252/1193/3011 1250/1191/3012 1253/1194/3013
f 1253/1194/3013 1252/1193/3011 1250/1191/3012
f 1253/1194/3013 1252/1193/3011 1250/1191/3012
f 1250/1191/3012 1253/1194/3013 1252/1193/3011
f 1250/1191/3012 1253/1194/3013 1252/1193/3011
f 1252/1193/3011 1250/1191/3012 1253/1194/3013
f 1253/1194/3014 1247/1189/3015 1248/1187/3016
f 1247/1189/3001 1253/1194/3017 1248/1187/2999
f 1247/1189/3015 1248/1187/3016 1253/1194/3014
f 1248/1187/3016 1253/1194/3014 1247/1189/3015
f 1248/1187/3016 1253/1194/3014 1247/1189/3015
f 1253/1194/3014 1247/1189/3015 1248/1187/3016
f 1248/1187/3018 1253/1194/3013 1250/1191/3012
f 1248/1187/3018 1253/1194/3013 1250/1191/3012
f 1253/1194/3013 1250/1191/3012 1248/1187/3018
f 1253/1194/3013 1250/1191/3012 1248/1187/3018
f 1250/1191/3012 1248/1187/3018 1253/1194/3013
f 1250/1191/3012 1248/1187/3018 1253/1194/3013
f 1255/1195/3019 1254/1196/3020 1258/1197/3021
f 1254/1196/3022 1255/1195/3019 1256/1198/3023
f 1254/1196/3022 1255/1195/3019 1256/1198/3023
f 1255/1195/3019 1256/1198/3023 1254/1196/3022
f 1255/1195/3019 1256/1198/3023 1254/1196/3022
f 1256/1198/3023 1254/1196/3022 1255/1195/3019
f 1256/1198/3023 1254/1196/3022 1255/1195/3019
f 1254/1196/3020 1258/1197/3021 1255/1195/3019
f 1254/1196/3020 1258/1197/3021 1255/1195/3019
f 1258/1197/3021 1255/1195/3019 1254/1196/3020
f 1258/1197/3021 1255/1195/3019 1254/1196/3020
f 1255/1195/3019 1254/1196/3020 1258/1197/3021
f 1254/1196/3024 1257/1199/3024 1256/1198/3025
f 1256/1198/3026 1257/1199/3027 1254/1196/3028
f 1256/1198/3025 1254/1196/3029 1257/1199/3029
f 1257/1199/3030 1256/1198/3025 1254/1196/3030
f 1257/1199/3030 1256/1198/3025 1254/1196/3030
f 1254/1196/3024 1257/1199/3024 1256/1198/3025
f 1258/1197/3021 1254/1196/3022 1257/1199/3031
f 1257/1199/3031 1258/1197/3021 1254/1196/3022
f 1257/1199/3031 1258/1197/3021 1254/1196/3022
f 1254/1196/3022 1257/1199/3031 1258/1197/3021
f 1254/1196/3022 1257/1199/3031 1258/1197/3021
f 1258/1197/3021 1254/1196/3022 1257/1199/3031
f 1259/1200/3032 1257/1199/3032 1256/1198/3026
f 1259/1200/3032 1257/1199/3032 1256/1198/3026
f 1256/1198/3026 1259/1200/3032 1257/1199/3032
f 1256/1198/3026 1259/1200/3032 1257/1199/3032
f 1257/1199/3032 1256/1198/3026 1259/1200/3032
f 1257/1199/3032 1256/1198/3026 1259/1200/3032
f 1260/1201/3033 1259/1200/3033 1256/1198/3025
f 1260/1201/3033 1259/1200/3033 1256/1198/3025
f 1259/1200/3033 1256/1198/3025 1260/1201/3033
f 1259/1200/3033 1256/1198/3025 1260/1201/3033
f 1256/1198/3025 1260/1201/3033 1259/1200/3033
f 1256/1198/3025 1260/1201/3033 1259/1200/3033
f 1256/1198/3025 1261/1202/3034 1260/1201/3035
f 1256/1198/3025 1261/1202/3034 1260/1201/3035
f 1261/1202/3034 1260/1201/3036 1256/1198/3025
f 1261/1202/3034 1260/1201/3036 1256/1198/3025
f 1260/1201/3035 1256/1198/3025 1261/1202/3034
f 1260/1201/3035 1256/1198/3025 1261/1202/3034
f 1255/1195/3037 1261/1202/3038 1256/1198/3039
f 1255/1195/3037 1261/1202/3038 1256/1198/3039
f 1256/1198/3039 1255/1195/3037 1261/1202/3038
f 1256/1198/3039 1255/1195/3037 1261/1202/3038
f 1261/1202/3038 1256/1198/3039 1255/1195/3037
f 1261/1202/3038 1256/1198/3039 1255/1195/3037
f 1264/1203/3040 1263/1204/3041 1262/1205/3042
f 1262/1205/3042 1264/1203/3040 1263/1204/3041
f 1262/1205/3042 1264/1203/3040 1263/1204/3041
f 1263/1204/3041 1262/1205/3042 1264/1203/3040
f 1263/1204/3041 1262/1205/3042 1264/1203/3040
f 1264/1203/3040 1263/1204/3041 1262/1205/3042
f 1264/1203/3043 1262/1205/3044 1265/1206/3045
f 1265/1206/3045 1264/1203/3043 1262/1205/3044
f 1265/1206/3045 1264/1203/3043 1262/1205/3044
f 1262/1205/3044 1265/1206/3045 1264/1203/3043
f 1262/1205/3044 1265/1206/3045 1264/1203/3043
f 1264/1203/3043 1262/1205/3044 1265/1206/3045
f 1266/1207/3046 1265/1206/3044 1262/1205/3044
f 1266/1207/3046 1265/1206/3044 1262/1205/3044
f 1265/1206/3044 1262/1205/3044 1266/1207/3046
f 1265/1206/3044 1262/1205/3044 1266/1207/3046
f 1262/1205/3044 1266/1207/3046 1265/1206/3044
f 1262/1205/3044 1266/1207/3046 1265/1206/3044
f 1267/1208/3047 1265/1206/3048 1266/1207/3049
f 1267/1208/3047 1265/1206/3048 1266/1207/3049
f 1266/1207/3049 1267/1208/3047 1265/1206/3048
f 1266/1207/3049 1267/1208/3047 1265/1206/3048
f 1265/1206/3048 1266/1207/3049 1267/1208/3047
f 1265/1206/3048 1266/1207/3049 1267/1208/3047
f 1265/1206/3050 1267/1208/3047 1268/1209/3051
f 1265/1206/3050 1267/1208/3047 1268/1209/3051
f 1268/1209/3051 1265/1206/3050 1267/1208/3047
f 1268/1209/3051 1265/1206/3050 1267/1208/3047
f 1267/1208/3047 1268/1209/3051 1265/1206/3050
f 1267/1208/3047 1268/1209/3051 1265/1206/3050
f 1269/1210/3052 1265/1206/3052 1268/1209/3053
f 1269/1210/3054 1268/1209/3051 1265/1206/3055
f 1265/1206/3055 1269/1210/3054 1268/1209/3051
f 1265/1206/3055 1269/1210/3054 1268/1209/3051
f 1268/1209/3051 1265/1206/3055 1269/1210/3054
f 1268/1209/3051 1265/1206/3055 1269/1210/3054
f 1265/1206/3056 1269/1210/3057 1264/1203/3058
f 1263/1204/3041 1264/1203/3058 1269/1210/3059
f 1263/1204/3041 1264/1203/3058 1269/1210/3059
f 1264/1203/3058 1269/1210/3059 1263/1204/3041
f 1264/1203/3058 1269/1210/3059 1263/1204/3041
f 1269/1210/3059 1263/1204/3041 1264/1203/3058
f 1269/1210/3059 1263/1204/3041 1264/1203/3058
f 1264/1203/3058 1265/1206/3056 1269/1210/3057
f 1264/1203/3058 1265/1206/3056 1269/1210/3057
f 1269/1210/3057 1264/1203/3058 1265/1206/3056
f 1269/1210/3057 1264/1203/3058 1265/1206/3056
f 1265/1206/3056 1269/1210/3057 1264/1203/3058
f 1272/1211/3060 1270/1212/3061 1271/1213/3062
f 1270/1212/3061 1271/1213/3062 1272/1211/3060
f 1270/1212/3061 1271/1213/3062 1272/1211/3060
f 1271/1213/3062 1272/1211/3060 1270/1212/3061
f 1271/1213/3062 1272/1211/3060 1270/1212/3061
f 1272/1211/3060 1270/1212/3061 1271/1213/3062
f 1270/1212/3063 1272/1211/3060 1273/1214/3064
f 1272/1211/3060 1273/1214/3064 1270/1212/3063
f 1272/1211/3060 1273/1214/3064 1270/1212/3063
f 1273/1214/3064 1270/1212/3063 1272/1211/3060
f 1273/1214/3064 1270/1212/3063 1272/1211/3060
f 1270/1212/3063 1272/1211/3060 1273/1214/3064
f 1274/1215/3065 1273/1214/3065 1272/1211/3066
f 1274/1215/3065 1273/1214/3065 1272/1211/3066
f 1272/1211/3066 1274/1215/3065 1273/1214/3065
f 1272/1211/3066 1274/1215/3065 1273/1214/3065
f 1273/1214/3065 1272/1211/3066 1274/1215/3065
f 1273/1214/3065 1272/1211/3066 1274/1215/3065
f 1274/1215/3067 1276/1216/3068 1275/1217/3069
f 1275/1217/3069 1274/1215/3067 1276/1216/3068
f 1275/1217/3069 1274/1215/3067 1276/1216/3068
f 1276/1216/3068 1275/1217/3069 1274/1215/3067
f 1276/1216/3068 1275/1217/3069 1274/1215/3067
f 1274/1215/3067 1276/1216/3068 1275/1217/3069
f 1276/1216/3070 1274/1215/3071 1272/1211/3072
f 1276/1216/3067 1272/1211/3073 1274/1215/3067
f 1274/1215/3067 1276/1216/3067 1272/1211/3073
f 1274/1215/3067 1276/1216/3067 1272/1211/3073
f 1272/1211/3073 1274/1215/3067 1276/1216/3067
f 1272/1211/3073 1274/1215/3067 1276/1216/3067
f 1275/1217/3069 1276/1216/3074 1277/1218/3075
f 1272/1211/3066 1277/1218/3076 1276/1216/3077
f 1272/1211/3066 1277/1218/3076 1276/1216/3077
f 1277/1218/3076 1276/1216/3077 1272/1211/3066
f 1277/1218/3076 1276/1216/3077 1272/1211/3066
f 1276/1216/3077 1272/1211/3066 1277/1218/3076
f 1276/1216/3077 1272/1211/3066 1277/1218/3076
f 1277/1218/3075 1275/1217/3069 1276/1216/3074
f 1277/1218/3075 1275/1217/3069 1276/1216/3074
f 1276/1216/3078 1277/1218/3075 1275/1217/3069
f 1276/1216/3078 1277/1218/3075 1275/1217/3069
f 1275/1217/3069 1276/1216/3074 1277/1218/3075
f 1277/1218/3079 1272/1211/3066 1271/1213/3080
f 1271/1213/3080 1277/1218/3079 1272/1211/3066
f 1271/1213/3080 1277/1218/3079 1272/1211/3066
f 1272/1211/3066 1271/1213/3080 1277/1218/3079
f 1272/1211/3066 1271/1213/3080 1277/1218/3079
f 1277/1218/3079 1272/1211/3066 1271/1213/3080
f 1280/1219/3081 1279/1220/3082 1278/1221/3083
f 1278/1221/3083 1280/1219/3081 1279/1220/3082
f 1278/1221/3083 1280/1219/3081 1279/1220/3082
f 1279/1220/3082 1278/1221/3083 1280/1219/3081
f 1279/1220/3082 1278/1221/3083 1280/1219/3081
f 1280/1219/3081 1279/1220/3082 1278/1221/3083
f 1278/1221/3084 1281/1222/3085 1280/1219/3081
f 1280/1219/3081 1278/1221/3084 1281/1222/3085
f 1280/1219/3081 1278/1221/3084 1281/1222/3085
f 1281/1222/3085 1280/1219/3081 1278/1221/3084
f 1281/1222/3085 1280/1219/3081 1278/1221/3084
f 1278/1221/3084 1281/1222/3085 1280/1219/3081
f 1281/1222/3086 1282/1223/3087 1280/1219/3088
f 1282/1223/3087 1280/1219/3088 1281/1222/3086
f 1282/1223/3087 1280/1219/3088 1281/1222/3086
f 1280/1219/3088 1281/1222/3086 1282/1223/3087
f 1280/1219/3088 1281/1222/3086 1282/1223/3087
f 1281/1222/3086 1282/1223/3087 1280/1219/3088
f 1282/1223/3089 1283/1224/3090 1284/1225/3091
f 1283/1224/3092 1284/1225/3091 1282/1223/3089
f 1283/1224/3092 1284/1225/3091 1282/1223/3089
f 1284/1225/3091 1282/1223/3089 1283/1224/3090
f 1284/1225/3091 1282/1223/3089 1283/1224/3090
f 1282/1223/3089 1283/1224/3090 1284/1225/3091
f 1284/1225/3093 1280/1219/3094 1282/1223/3087
f 1284/1225/3093 1280/1219/3094 1282/1223/3087
f 1282/1223/3087 1284/1225/3095 1280/1219/3094
f 1282/1223/3087 1284/1225/3095 1280/1219/3094
f 1280/1219/3094 1282/1223/3087 1284/1225/3093
f 1280/1219/3094 1282/1223/3087 1284/1225/3093
f 1283/1224/3090 1285/1226/3096 1284/1225/3091
f 1280/1219/3088 1284/1225/3097 1285/1226/3096
f 1280/1219/3088 1284/1225/3097 1285/1226/3096
f 1285/1226/3096 1280/1219/3088 1284/1225/3097
f 1285/1226/3096 1280/1219/3088 1284/1225/3097
f 1284/1225/3097 1285/1226/3096 1280/1219/3088
f 1284/1225/3097 1285/1226/3096 1280/1219/3088
f 1285/1226/3096 1284/1225/3091 1283/1224/3090
f 1285/1226/3096 1284/1225/3091 1283/1224/3090
f 1284/1225/3091 1283/1224/3090 1285/1226/3096
f 1284/1225/3091 1283/1224/3090 1285/1226/3096
f 1283/1224/3090 1285/1226/3096 1284/1225/3091
f 1285/1226/3098 1280/1219/3081 1279/1220/3082
f 1279/1220/3099 1280/1219/3094 1285/1226/3096
f 1279/1220/3082 1285/1226/3098 1280/1219/3081
f 1280/1219/3081 1279/1220/3082 1285/1226/3098
f 1280/1219/3081 1279/1220/3082 1285/1226/3098
f 1285/1226/3098 1280/1219/3081 1279/1220/3082
f 1288/1227/3100 1287/1228/3101 1286/1229/3102
f 1286/1229/3102 1288/1227/3100 1287/1228/3101
f 1286/1229/3102 1288/1227/3100 1287/1228/3101
f 1287/1228/3101 1286/1229/3103 1288/1227/3100
f 1287/1228/3101 1286/1229/3103 1288/1227/3100
f 1288/1227/3100 1287/1228/3101 1286/1229/3102
f 1286/1229/3102 1289/1230/3104 1288/1227/3100
f 1288/1227/3100 1286/1229/3103 1289/1230/3104
f 1288/1227/3100 1286/1229/3103 1289/1230/3104
f 1289/1230/3104 1288/1227/3100 1286/1229/3103
f 1289/1230/3104 1288/1227/3100 1286/1229/3103
f 1286/1229/3102 1289/1230/3104 1288/1227/3100
f 1290/1231/3105 1288/1227/3106 1289/1230/3107
f 1290/1231/3105 1288/1227/3106 1289/1230/3107
f 1288/1227/3106 1289/1230/3107 1290/1231/3105
f 1288/1227/3106 1289/1230/3107 1290/1231/3105
f 1289/1230/3107 1290/1231/3105 1288/1227/3106
f 1289/1230/3107 1290/1231/3105 1288/1227/3106
f 1291/1232/3108 1288/1227/3106 1290/1231/3105
f 1291/1232/3108 1288/1227/3106 1290/1231/3105
f 1290/1231/3105 1291/1232/3108 1288/1227/3106
f 1290/1231/3105 1291/1232/3108 1288/1227/3106
f 1288/1227/3106 1290/1231/3105 1291/1232/3108
f 1288/1227/3106 1290/1231/3105 1291/1232/3108
f 1292/1233/3109 1291/1232/3110 1290/1231/3111
f 1292/1233/3109 1291/1232/3110 1290/1231/3111
f 1291/1232/3110 1290/1231/3111 1292/1233/3109
f 1291/1232/3110 1290/1231/3111 1292/1233/3109
f 1290/1231/3111 1292/1233/3109 1291/1232/3110
f 1290/1231/3111 1292/1233/3109 1291/1232/3110
f 1293/1234/3112 1291/1232/3110 1292/1233/3109
f 1293/1234/3112 1291/1232/3110 1292/1233/3109
f 1291/1232/3110 1292/1233/3113 1293/1234/3112
f 1291/1232/3110 1292/1233/3113 1293/1234/3112
f 1292/1233/3109 1293/1234/3112 1291/1232/3110
f 1292/1233/3109 1293/1234/3112 1291/1232/3110
f 1291/1232/3114 1288/1227/3115 1293/1234/3114
f 1287/1228/3116 1288/1227/3117 1293/1234/3118
f 1287/1228/3116 1288/1227/3117 1293/1234/3118
f 1288/1227/3117 1293/1234/3118 1287/1228/3116
f 1288/1227/3117 1293/1234/3118 1287/1228/3116
f 1293/1234/3118 1287/1228/3119 1288/1227/3117
f 1293/1234/3118 1287/1228/3119 1288/1227/3117
f 1288/1227/3117 1291/1232/3120 1293/1234/3118
f 1288/1227/3115 1293/1234/3114 1291/1232/3114
f 1293/1234/3114 1291/1232/3114 1288/1227/3115
f 1293/1234/3114 1291/1232/3114 1288/1227/3115
f 1291/1232/3114 1288/1227/3115 1293/1234/3114
f 1296/1235/3121 1295/1236/3122 1294/1237/3123
f 1294/1237/3124 1296/1235/3121 1295/1236/3122
f 1294/1237/3124 1296/1235/3121 1295/1236/3122
f 1295/1236/3122 1294/1237/3123 1296/1235/3121
f 1295/1236/3122 1294/1237/3123 1296/1235/3121
f 1296/1235/3121 1295/1236/3122 1294/1237/3123
f 1294/1237/3125 1297/1238/3126 1296/1235/3121
f 1296/1235/3121 1294/1237/3125 1297/1238/3126
f 1296/1235/3121 1294/1237/3125 1297/1238/3126
f 1297/1238/3126 1296/1235/3121 1294/1237/3125
f 1297/1238/3126 1296/1235/3121 1294/1237/3125
f 1294/1237/3125 1297/1238/3126 1296/1235/3121
f 1298/1239/3127 1296/1235/3128 1297/1238/3129
f 1298/1239/3127 1296/1235/3128 1297/1238/3129
f 1296/1235/3128 1297/1238/3129 1298/1239/3127
f 1296/1235/3128 1297/1238/3129 1298/1239/3127
f 1297/1238/3129 1298/1239/3127 1296/1235/3128
f 1297/1238/3129 1298/1239/3127 1296/1235/3128
f 1299/1240/3130 1296/1235/3131 1298/1239/3127
f 1299/1240/3130 1296/1235/3131 1298/1239/3127
f 1298/1239/3127 1299/1240/3130 1296/1235/3131
f 1298/1239/3127 1299/1240/3130 1296/1235/3131
f 1296/1235/3131 1298/1239/3127 1299/1240/3130
f 1296/1235/3131 1298/1239/3127 1299/1240/3130
f 1300/1241/3132 1299/1240/3133 1298/1239/3127
f 1300/1241/3132 1299/1240/3133 1298/1239/3127
f 1299/1240/3133 1298/1239/3127 1300/1241/3132
f 1299/1240/3133 1298/1239/3127 1300/1241/3132
f 1298/1239/3127 1300/1241/3132 1299/1240/3133
f 1298/1239/3127 1300/1241/3132 1299/1240/3133
f 1301/1242/3134 1299/1240/3135 1300/1241/3132
f 1301/1242/3134 1299/1240/3135 1300/1241/3132
f 1299/1240/3135 1300/1241/3132 1301/1242/3134
f 1299/1240/3135 1300/1241/3132 1301/1242/3134
f 1300/1241/3132 1301/1242/3134 1299/1240/3135
f 1300/1241/3132 1301/1242/3134 1299/1240/3135
f 1299/1240/3136 1296/1235/3121 1301/1242/3136
f 1295/1236/3137 1296/1235/3128 1301/1242/3138
f 1295/1236/3137 1296/1235/3128 1301/1242/3138
f 1296/1235/3128 1301/1242/3138 1295/1236/3137
f 1296/1235/3128 1301/1242/3138 1295/1236/3137
f 1301/1242/3138 1295/1236/3137 1296/1235/3128
f 1301/1242/3138 1295/1236/3137 1296/1235/3128
f 1296/1235/3128 1299/1240/3139 1301/1242/3140
f 1296/1235/3121 1301/1242/3136 1299/1240/3136
f 1301/1242/3136 1299/1240/3136 1296/1235/3121
f 1301/1242/3136 1299/1240/3136 1296/1235/3121
f 1299/1240/3136 1296/1235/3121 1301/1242/3136
f 1304/1243/3141 1302/1244/3141 1303/1245/3142
f 1302/1244/3141 1303/1245/3142 1304/1243/3141
f 1302/1244/3141 1303/1245/3142 1304/1243/3141
f 1303/1245/3142 1304/1243/3141 1302/1244/3141
f 1303/1245/3142 1304/1243/3141 1302/1244/3141
f 1304/1243/3141 1302/1244/3141 1303/1245/3142
f 1302/1244/3141 1304/1243/3143 1305/1246/3144
f 1305/1246/3144 1302/1244/3141 1304/1243/3143
f 1305/1246/3144 1302/1244/3141 1304/1243/3143
f 1304/1243/3143 1305/1246/3144 1302/1244/3141
f 1304/1243/3143 1305/1246/3144 1302/1244/3141
f 1302/1244/3141 1304/1243/3143 1305/1246/3144
f 1306/1247/3145 1305/1246/3146 1304/1243/3147
f 1306/1247/3145 1305/1246/3146 1304/1243/3147
f 1305/1246/3146 1304/1243/3147 1306/1247/3145
f 1305/1246/3146 1304/1243/3147 1306/1247/3145
f 1304/1243/3147 1306/1247/3145 1305/1246/3146
f 1304/1243/3147 1306/1247/3145 1305/1246/3146
f 1307/1248/3148 1305/1246/3146 1306/1247/3145
f 1307/1248/3148 1305/1246/3146 1306/1247/3145
f 1306/1247/3145 1307/1248/3148 1305/1246/3146
f 1306/1247/3145 1307/1248/3148 1305/1246/3146
f 1305/1246/3146 1306/1247/3145 1307/1248/3148
f 1305/1246/3146 1306/1247/3145 1307/1248/3148
f 1306/1247/3149 1308/1249/3149 1307/1248/3150
f 1306/1247/3151 1307/1248/3152 1308/1249/3153
f 1308/1249/3153 1306/1247/3151 1307/1248/3152
f 1308/1249/3153 1306/1247/3151 1307/1248/3152
f 1307/1248/3152 1308/1249/3153 1306/1247/3151
f 1307/1248/3152 1308/1249/3153 1306/1247/3151
f 1309/1250/3154 1308/1249/3155 1306/1247/3155
f 1309/1250/3154 1308/1249/3155 1306/1247/3155
f 1306/1247/3155 1309/1250/3154 1308/1249/3155
f 1306/1247/3155 1309/1250/3154 1308/1249/3155
f 1308/1249/3155 1306/1247/3155 1309/1250/3154
f 1308/1249/3155 1306/1247/3155 1309/1250/3154
f 1306/1247/3156 1304/1243/3157 1309/1250/3158
f 1303/1245/3159 1309/1250/3160 1304/1243/3157
f 1303/1245/3159 1309/1250/3160 1304/1243/3157
f 1304/1243/3157 1303/1245/3159 1309/1250/3160
f 1304/1243/3157 1303/1245/3159 1309/1250/3160
f 1309/1250/3161 1304/1243/3157 1303/1245/3159
f 1309/1250/3161 1304/1243/3157 1303/1245/3159
f 1304/1243/3157 1309/1250/3158 1306/1247/3156
f 1304/1243/3157 1309/1250/3158 1306/1247/3156
f 1309/1250/3162 1306/1247/3156 1304/1243/3157
f 1309/1250/3162 1306/1247/3156 1304/1243/3157
f 1306/1247/3156 1304/1243/3157 1309/1250/3158
f 1310/1251/3163 1313/1252/3164 1311/1253/3165
f 1313/1252/3164 1311/1253/3165 1310/1251/3166
f 1313/1252/3164 1311/1253/3165 1310/1251/3166
f 1311/1253/3165 1310/1251/3163 1313/1252/3164
f 1311/1253/3165 1310/1251/3163 1313/1252/3164
f 1310/1251/3163 1313/1252/3164 1311/1253/3165
f 1313/1252/3167 1310/1251/3163 1312/1254/3168
f 1310/1251/3163 1312/1254/3168 1313/1252/3167
f 1310/1251/3163 1312/1254/3168 1313/1252/3167
f 1312/1254/3168 1313/1252/3167 1310/1251/3163
f 1312/1254/3168 1313/1252/3167 1310/1251/3163
f 1313/1252/3167 1310/1251/3163 1312/1254/3168
f 1315/1255/3169 1313/1252/3170 1312/1254/3171
f 1312/1254/3171 1315/1255/3169 1313/1252/3170
f 1312/1254/3171 1315/1255/3169 1313/1252/3170
f 1313/1252/3170 1312/1254/3171 1315/1255/3169
f 1313/1252/3170 1312/1254/3171 1315/1255/3169
f 1315/1255/3169 1313/1252/3170 1312/1254/3171
f 1311/1253/3172 1314/1256/3172 1313/1252/3172
f 1316/1257/3173 1314/1256/3174 1313/1252/3175
f 1316/1257/3173 1314/1256/3174 1313/1252/3175
f 1314/1256/3174 1313/1252/3175 1316/1257/3173
f 1314/1256/3174 1313/1252/3175 1316/1257/3173
f 1313/1252/3176 1316/1257/3173 1314/1256/3174
f 1313/1252/3176 1316/1257/3173 1314/1256/3174
f 1314/1256/3174 1311/1253/3177 1313/1252/3178
f 1314/1256/3172 1313/1252/3172 1311/1253/3172
f 1313/1252/3172 1311/1253/3172 1314/1256/3172
f 1313/1252/3172 1311/1253/3172 1314/1256/3172
f 1311/1253/3172 1314/1256/3172 1313/1252/3172
f 1316/1257/3179 1313/1252/3170 1315/1255/3169
f 1313/1252/3170 1315/1255/3169 1316/1257/3179
f 1313/1252/3170 1315/1255/3169 1316/1257/3179
f 1315/1255/3169 1316/1257/3179 1313/1252/3170
f 1315/1255/3169 1316/1257/3179 1313/1252/3170
f 1316/1257/3179 1313/1252/3170 1315/1255/3169
f 1317/1258/3180 1316/1257/3181 1315/1255/3182
f 1315/1255/3182 1317/1258/3180 1316/1257/3181
f 1315/1255/3182 1317/1258/3180 1316/1257/3181
f 1316/1257/3181 1315/1255/3182 1317/1258/3180
f 1316/1257/3181 1315/1255/3182 1317/1258/3180
f 1317/1258/3180 1316/1257/3181 1315/1255/3182
f 1314/1256/3174 1316/1257/3183 1317/1258/3180
f 1317/1258/3180 1314/1256/3174 1316/1257/3183
f 1317/1258/3180 1314/1256/3174 1316/1257/3183
f 1316/1257/3183 1317/1258/3180 1314/1256/3174
f 1316/1257/3183 1317/1258/3180 1314/1256/3174
f 1314/1256/3174 1316/1257/3183 1317/1258/3180
f 1318/1259/3184 1321/1260/3185 1319/1261/3184
f 1318/1259/3184 1319/1261/3186 1320/1262/3187
f 1318/1259/3184 1319/1261/3186 1320/1262/3187
f 1319/1261/3188 1320/1262/3187 1318/1259/3184
f 1319/1261/3188 1320/1262/3187 1318/1259/3184
f 1320/1262/3187 1318/1259/3184 1319/1261/3188
f 1320/1262/3187 1318/1259/3184 1319/1261/3188
f 1319/1261/3184 1318/1259/3184 1321/1260/3185
f 1319/1261/3184 1318/1259/3184 1321/1260/3185
f 1321/1260/3185 1319/1261/3184 1318/1259/3184
f 1321/1260/3185 1319/1261/3184 1318/1259/3184
f 1318/1259/3184 1321/1260/3185 1319/1261/3184
f 1322/1263/3189 1319/1261/3190 1321/1260/3191
f 1322/1263/3189 1319/1261/3190 1321/1260/3191
f 1319/1261/3190 1321/1260/3191 1322/1263/3189
f 1319/1261/3190 1321/1260/3191 1322/1263/3189
f 1321/1260/3191 1322/1263/3189 1319/1261/3190
f 1321/1260/3191 1322/1263/3189 1319/1261/3190
f 1324/1264/3192 1319/1261/3193 1322/1263/3194
f 1324/1264/3192 1319/1261/3193 1322/1263/3194
f 1322/1263/3194 1324/1264/3192 1319/1261/3193
f 1322/1263/3194 1324/1264/3192 1319/1261/3193
f 1319/1261/3193 1322/1263/3194 1324/1264/3192
f 1319/1261/3193 1322/1263/3194 1324/1264/3192
f 1322/1263/3189 1324/1264/3195 1323/1265/3196
f 1323/1265/3197 1324/1264/3198 1322/1263/3199
f 1323/1265/3196 1322/1263/3189 1324/1264/3195
f 1324/1264/3195 1323/1265/3196 1322/1263/3189
f 1324/1264/3195 1323/1265/3196 1322/1263/3189
f 1322/1263/3189 1324/1264/3195 1323/1265/3196
f 1323/1265/3197 1325/1266/3200 1324/1264/3201
f 1320/1262/3202 1324/1264/3201 1325/1266/3200
f 1320/1262/3202 1324/1264/3201 1325/1266/3200
f 1324/1264/3201 1325/1266/3200 1320/1262/3202
f 1324/1264/3201 1325/1266/3200 1320/1262/3202
f 1325/1266/3200 1320/1262/3202 1324/1264/3201
f 1325/1266/3200 1320/1262/3202 1324/1264/3201
f 1324/1264/3201 1323/1265/3197 1325/1266/3200
f 1324/1264/3201 1323/1265/3197 1325/1266/3200
f 1325/1266/3200 1324/1264/3201 1323/1265/3197
f 1325/1266/3200 1324/1264/3201 1323/1265/3197
f 1323/1265/3197 1325/1266/3200 1324/1264/3201
f 1319/1261/3203 1324/1264/3204 1320/1262/3205
f 1319/1261/3203 1324/1264/3204 1320/1262/3205
f 1320/1262/3202 1319/1261/3203 1324/1264/3204
f 1320/1262/3202 1319/1261/3203 1324/1264/3204
f 1324/1264/3204 1320/1262/3202 1319/1261/3203
f 1324/1264/3204 1320/1262/3202 1319/1261/3203
f 1327/1267/3206 1326/1268/3207 1329/1269/3208
f 1326/1268/3207 1329/1269/3208 1327/1267/3206
f 1326/1268/3207 1329/1269/3208 1327/1267/3206
f 1329/1269/3208 1327/1267/3206 1326/1268/3207
f 1329/1269/3208 1327/1267/3206 1326/1268/3207
f 1327/1267/3206 1326/1268/3207 1329/1269/3208
f 1326/1268/3207 1328/1270/3209 1329/1269/3210
f 1329/1269/3210 1326/1268/3207 1328/1270/3209
f 1329/1269/3210 1326/1268/3207 1328/1270/3209
f 1328/1270/3209 1329/1269/3210 1326/1268/3207
f 1328/1270/3209 1329/1269/3210 1326/1268/3207
f 1326/1268/3207 1328/1270/3209 1329/1269/3210
f 1328/1270/3209 1330/1271/3211 1329/1269/3212
f 1331/1272/3213 1329/1269/3214 1330/1271/3211
f 1331/1272/3213 1329/1269/3214 1330/1271/3211
f 1330/1271/3211 1331/1272/3213 1329/1269/3214
f 1330/1271/3211 1331/1272/3213 1329/1269/3214
f 1329/1269/3214 1330/1271/3211 1331/1272/3213
f 1329/1269/3214 1330/1271/3211 1331/1272/3213
f 1330/1271/3211 1329/1269/3212 1328/1270/3209
f 1330/1271/3211 1329/1269/3212 1328/1270/3209
f 1329/1269/3212 1328/1270/3209 1330/1271/3211
f 1329/1269/3212 1328/1270/3209 1330/1271/3211
f 1328/1270/3209 1330/1271/3211 1329/1269/3212
f 1331/1272/3215 1327/1267/3206 1329/1269/3216
f 1329/1269/3216 1331/1272/3215 1327/1267/3206
f 1329/1269/3216 1331/1272/3215 1327/1267/3206
f 1327/1267/3206 1329/1269/3216 1331/1272/3215
f 1327/1267/3206 1329/1269/3216 1331/1272/3215
f 1331/1272/3215 1327/1267/3206 1329/1269/3216
f 1332/1273/3217 1331/1272/3213 1327/1267/3217
f 1327/1267/3206 1331/1272/3215 1332/1273/3218
f 1327/1267/3217 1332/1273/3217 1331/1272/3213
f 1331/1272/3213 1327/1267/3217 1332/1273/3217
f 1331/1272/3213 1327/1267/3217 1332/1273/3217
f 1332/1273/3217 1331/1272/3213 1327/1267/3217
f 1333/1274/3219 1332/1273/3218 1331/1272/3215
f 1331/1272/3215 1333/1274/3219 1332/1273/3218
f 1331/1272/3215 1333/1274/3219 1332/1273/3218
f 1332/1273/3218 1331/1272/3215 1333/1274/3219
f 1332/1273/3218 1331/1272/3215 1333/1274/3219
f 1333/1274/3219 1332/1273/3218 1331/1272/3215
f 1330/1271/3220 1333/1274/3219 1331/1272/3221
f 1333/1274/3219 1331/1272/3221 1330/1271/3220
f 1333/1274/3219 1331/1272/3221 1330/1271/3220
f 1331/1272/3221 1330/1271/3220 1333/1274/3219
f 1331/1272/3221 1330/1271/3220 1333/1274/3219
f 1330/1271/3220 1333/1274/3219 1331/1272/3221
f 1335/1275/3222 1334/1276/3223 1341/1277/3224
f 1334/1276/3223 1335/1275/3225 1336/1278/3226
f 1334/1276/3223 1335/1275/3225 1336/1278/3226
f 1335/1275/3225 1336/1278/3226 1334/1276/3223
f 1335/1275/3225 1336/1278/3226 1334/1276/3223
f 1336/1278/3226 1334/1276/3223 1335/1275/3225
f 1336/1278/3226 1334/1276/3223 1335/1275/3225
f 1334/1276/3223 1341/1277/3224 1335/1275/3222
f 1334/1276/3223 1341/1277/3224 1335/1275/3222
f 1341/1277/3224 1335/1275/3222 1334/1276/3223
f 1341/1277/3224 1335/1275/3222 1334/1276/3223
f 1335/1275/3222 1334/1276/3223 1341/1277/3224
f 1334/1276/3223 1336/1278/3226 1337/1279/3227
f 1336/1278/3226 1337/1279/3227 1334/1276/3223
f 1336/1278/3226 1337/1279/3227 1334/1276/3223
f 1337/1279/3227 1334/1276/3223 1336/1278/3226
f 1337/1279/3227 1334/1276/3223 1336/1278/3226
f 1334/1276/3223 1336/1278/3226 1337/1279/3227
f 1338/1280/3228 1334/1276/3229 1337/1279/3227
f 1337/1279/3227 1338/1280/3228 1334/1276/3229
f 1337/1279/3227 1338/1280/3228 1334/1276/3229
f 1334/1276/3229 1337/1279/3227 1338/1280/3228
f 1334/1276/3229 1337/1279/3227 1338/1280/3228
f 1338/1280/3228 1334/1276/3229 1337/1279/3227
f 1339/1281/3230 1334/1276/3223 1338/1280/3228
f 1334/1276/3223 1338/1280/3228 1339/1281/3230
f 1334/1276/3223 1338/1280/3228 1339/1281/3230
f 1338/1280/3228 1339/1281/3230 1334/1276/3223
f 1338/1280/3228 1339/1281/3230 1334/1276/3223
f 1339/1281/3230 1334/1276/3223 1338/1280/3228
f 1334/1276/3229 1339/1281/3230 1340/1282/3231
f 1339/1281/3230 1340/1282/3231 1334/1276/3229
f 1339/1281/3230 1340/1282/3231 1334/1276/3229
f 1340/1282/3231 1334/1276/3229 1339/1281/3230
f 1340/1282/3231 1334/1276/3229 1339/1281/3230
f 1334/1276/3229 1339/1281/3230 1340/1282/3231
f 1341/1277/3224 1334/1276/3223 1340/1282/3231
f 1340/1282/3231 1341/1277/3224 1334/1276/3223
f 1340/1282/3231 1341/1277/3224 1334/1276/3223
f 1334/1276/3223 1340/1282/3231 1341/1277/3224
f 1334/1276/3223 1340/1282/3231 1341/1277/3224
f 1341/1277/3224 1334/1276/3223 1340/1282/3231
f 1341/1277/3224 1340/1282/3231 1343/1283/3232
f 1340/1282/3231 1343/1283/3232 1341/1277/3224
f 1340/1282/3231 1343/1283/3232 1341/1277/3224
f 1343/1283/3232 1341/1277/3224 1340/1282/3231
f 1343/1283/3232 1341/1277/3224 1340/1282/3231
f 1341/1277/3224 1340/1282/3231 1343/1283/3232
f 1342/1284/3233 1341/1277/3224 1344/1285/3234
f 1341/1277/3224 1342/1284/3233 1335/1275/3235
f 1341/1277/3224 1342/1284/3233 1335/1275/3235
f 1335/1275/3235 1341/1277/3224 1342/1284/3233
f 1335/1275/3235 1341/1277/3224 1342/1284/3233
f 1342/1284/3233 1335/1275/3235 1341/1277/3224
f 1342/1284/3233 1335/1275/3235 1341/1277/3224
f 1341/1277/3224 1344/1285/3234 1342/1284/3233
f 1341/1277/3224 1344/1285/3234 1342/1284/3233
f 1344/1285/3234 1342/1284/3233 1341/1277/3224
f 1344/1285/3234 1342/1284/3233 1341/1277/3224
f 1342/1284/3233 1341/1277/3224 1344/1285/3234
f 1344/1285/3236 1341/1277/3224 1343/1283/3237
f 1343/1283/3237 1344/1285/3236 1341/1277/3224
f 1343/1283/3237 1344/1285/3236 1341/1277/3224
f 1341/1277/3224 1343/1283/3237 1344/1285/3236
f 1341/1277/3224 1343/1283/3237 1344/1285/3236
f 1344/1285/3236 1341/1277/3224 1343/1283/3237
f 1344/1286/3236 1346/1287/3238 1342/1288/3233
f 1342/1288/3233 1344/1286/3236 1346/1287/3238
f 1342/1288/3233 1344/1286/3236 1346/1287/3238
f 1346/1287/3238 1342/1288/3233 1344/1286/3236
f 1346/1287/3238 1342/1288/3233 1344/1286/3236
f 1344/1286/3236 1346/1287/3238 1342/1288/3233
f 1343/1289/3237 1345/1290/3239 1344/1286/3236
f 1344/1286/3236 1343/1289/3237 1345/1290/3239
f 1344/1286/3236 1343/1289/3237 1345/1290/3239
f 1345/1290/3239 1344/1286/3236 1343/1289/3237
f 1345/1290/3239 1344/1286/3236 1343/1289/3237
f 1343/1289/3237 1345/1290/3239 1344/1286/3236
f 1346/1287/3240 1344/1286/3236 1345/1290/3239
f 1346/1287/3240 1344/1286/3236 1345/1290/3239
f 1344/1286/3236 1345/1290/3239 1346/1287/3240
f 1344/1286/3236 1345/1290/3239 1346/1287/3240
f 1345/1290/3239 1346/1287/3240 1344/1286/3236
f 1345/1290/3239 1346/1287/3240 1344/1286/3236
f 1349/1291/3241 1342/1288/3233 1346/1287/3238
f 1349/1291/3241 1342/1288/3233 1346/1287/3238
f 1346/1287/3238 1349/1291/3241 1342/1288/3233
f 1346/1287/3238 1349/1291/3241 1342/1288/3233
f 1342/1288/3233 1346/1287/3238 1349/1291/3241
f 1342/1288/3233 1346/1287/3238 1349/1291/3241
f 1346/1287/3238 1347/1292/3242 1349/1291/3243
f 1346/1287/3238 1348/1293/3244 1347/1292/3245
f 1346/1287/3238 1348/1293/3244 1347/1292/3245
f 1348/1293/3244 1347/1292/3245 1346/1287/3238
f 1348/1293/3244 1347/1292/3245 1346/1287/3238
f 1347/1292/3245 1346/1287/3238 1348/1293/3244
f 1347/1292/3245 1346/1287/3238 1348/1293/3244
f 1347/1292/3242 1349/1291/3243 1346/1287/3238
f 1347/1292/3242 1349/1291/3243 1346/1287/3238
f 1349/1291/3243 1346/1287/3238 1347/1292/3242
f 1349/1291/3243 1346/1287/3238 1347/1292/3242
f 1346/1287/3238 1347/1292/3242 1349/1291/3243
f 1345/1290/3239 1350/1294/3246 1346/1287/3238
f 1345/1290/3239 1350/1294/3246 1346/1287/3238
f 1350/1294/3246 1346/1287/3238 1345/1290/3239
f 1350/1294/3246 1346/1287/3238 1345/1290/3239
f 1346/1287/3238 1345/1290/3239 1350/1294/3246
f 1346/1287/3238 1345/1290/3239 1350/1294/3246
f 1350/1294/3247 1348/1293/3244 1346/1287/3238
f 1350/1294/3247 1348/1293/3244 1346/1287/3238
f 1346/1287/3238 1350/1294/3247 1348/1293/3244
f 1346/1287/3238 1350/1294/3247 1348/1293/3244
f 1348/1293/3244 1346/1287/3238 1350/1294/3247
f 1348/1293/3244 1346/1287/3238 1350/1294/3247
f 1348/1293/3248 1350/1294/3247 1351/1295/3249
f 1352/1296/3250 1351/1295/3251 1350/1294/3247
f 1352/1296/3250 1351/1295/3251 1350/1294/3247
f 1350/1294/3247 1352/1296/3250 1351/1295/3251
f 1350/1294/3247 1352/1296/3250 1351/1295/3251
f 1351/1295/3251 1350/1294/3247 1352/1296/3250
f 1351/1295/3251 1350/1294/3247 1352/1296/3250
f 1350/1294/3247 1351/1295/3249 1348/1293/3248
f 1350/1294/3247 1351/1295/3249 1348/1293/3248
f 1351/1295/3249 1348/1293/3248 1350/1294/3247
f 1351/1295/3249 1348/1293/3248 1350/1294/3247
f 1348/1293/3248 1350/1294/3247 1351/1295/3249
f 1353/1297/3252 1350/1294/3247 1345/1290/3253
f 1353/1297/3252 1350/1294/3247 1345/1290/3253
f 1345/1290/3253 1353/1297/3252 1350/1294/3247
f 1345/1290/3253 1353/1297/3252 1350/1294/3247
f 1350/1294/3247 1345/1290/3253 1353/1297/3252
f 1350/1294/3247 1345/1290/3253 1353/1297/3252
f 1353/1297/3252 1352/1296/3254 1350/1294/3246
f 1353/1297/3252 1352/1296/3254 1350/1294/3246
f 1352/1296/3254 1350/1294/3246 1353/1297/3252
f 1352/1296/3254 1350/1294/3246 1353/1297/3252
f 1350/1294/3246 1353/1297/3252 1352/1296/3254
f 1350/1294/3246 1353/1297/3252 1352/1296/3254
f 1352/1296/3254 1353/1297/3255 1343/1289/3237
f 1345/1290/3239 1343/1289/3237 1353/1297/3255
f 1345/1290/3239 1343/1289/3237 1353/1297/3255
f 1343/1289/3237 1353/1297/3255 1345/1290/3239
f 1343/1289/3237 1353/1297/3255 1345/1290/3239
f 1353/1297/3255 1345/1290/3239 1343/1289/3237
f 1353/1297/3255 1345/1290/3239 1343/1289/3237
f 1343/1289/3237 1352/1296/3254 1353/1297/3255
f 1343/1289/3237 1352/1296/3254 1353/1297/3255
f 1353/1297/3255 1343/1289/3237 1352/1296/3254
f 1353/1297/3255 1343/1289/3237 1352/1296/3254
f 1352/1296/3254 1353/1297/3255 1343/1289/3237
f 1351/1298/3249 1352/1299/3254 1339/1281/3230
f 1351/1298/3249 1352/1299/3254 1339/1281/3230
f 1339/1281/3230 1351/1298/3249 1352/1299/3254
f 1339/1281/3230 1351/1298/3249 1352/1299/3254
f 1352/1299/3254 1339/1281/3230 1351/1298/3249
f 1352/1299/3254 1339/1281/3230 1351/1298/3249
f 1343/1283/3256 1339/1281/3230 1352/1299/3250
f 1352/1299/3250 1343/1283/3256 1339/1281/3230
f 1352/1299/3250 1343/1283/3256 1339/1281/3230
f 1339/1281/3230 1352/1299/3250 1343/1283/3256
f 1339/1281/3230 1352/1299/3250 1343/1283/3256
f 1343/1283/3256 1339/1281/3230 1352/1299/3250
f 1339/1281/3230 1338/1280/3228 1351/1298/3249
f 1337/1279/3227 1351/1298/3249 1338/1280/3228
f 1337/1279/3227 1351/1298/3249 1338/1280/3228
f 1351/1298/3249 1338/1280/3228 1337/1279/3227
f 1351/1298/3249 1338/1280/3228 1337/1279/3227
f 1338/1280/3228 1337/1279/3227 1351/1298/3249
f 1338/1280/3228 1337/1279/3227 1351/1298/3249
f 1338/1280/3228 1351/1298/3249 1339/1281/3230
f 1338/1280/3228 1351/1298/3249 1339/1281/3230
f 1351/1298/3249 1339/1281/3230 1338/1280/3228
f 1351/1298/3249 1339/1281/3230 1338/1280/3228
f 1339/1281/3230 1338/1280/3228 1351/1298/3249
f 1354/1300/3257 1348/1293/3248 1351/1295/3249
f 1351/1295/3249 1354/1300/3257 1348/1293/3248
f 1351/1295/3249 1354/1300/3257 1348/1293/3248
f 1348/1293/3248 1351/1295/3249 1354/1300/3257
f 1348/1293/3248 1351/1295/3249 1354/1300/3257
f 1354/1300/3257 1348/1293/3248 1351/1295/3249
f 1351/1295/3249 1355/1301/3258 1354/1300/3259
f 1351/1295/3249 1355/1301/3258 1354/1300/3259
f 1355/1301/3258 1354/1300/3259 1351/1295/3249
f 1355/1301/3258 1354/1300/3259 1351/1295/3249
f 1354/1300/3259 1351/1295/3249 1355/1301/3258
f 1354/1300/3259 1351/1295/3249 1355/1301/3258
f 1355/1302/3258 1351/1298/3251 1337/1279/3227
f 1355/1302/3258 1351/1298/3251 1337/1279/3227
f 1337/1279/3227 1355/1302/3258 1351/1298/3251
f 1337/1279/3227 1355/1302/3258 1351/1298/3251
f 1351/1298/3251 1337/1279/3227 1355/1302/3258
f 1351/1298/3251 1337/1279/3227 1355/1302/3258
f 1337/1279/3227 1356/1303/3260 1355/1302/3258
f 1357/1304/3261 1355/1302/3258 1356/1303/3260
f 1357/1304/3261 1355/1302/3258 1356/1303/3260
f 1356/1303/3260 1357/1304/3261 1355/1302/3258
f 1356/1303/3260 1357/1304/3261 1355/1302/3258
f 1355/1302/3258 1356/1303/3260 1357/1304/3261
f 1355/1302/3258 1356/1303/3260 1357/1304/3261
f 1356/1303/3260 1355/1302/3258 1337/1279/3227
f 1356/1303/3260 1355/1302/3258 1337/1279/3227
f 1355/1302/3258 1337/1279/3227 1356/1303/3260
f 1355/1302/3258 1337/1279/3227 1356/1303/3260
f 1337/1279/3227 1356/1303/3260 1355/1302/3258
f 1357/1305/3261 1354/1300/3257 1355/1301/3258
f 1355/1301/3258 1357/1305/3261 1354/1300/3257
f 1355/1301/3258 1357/1305/3261 1354/1300/3257
f 1354/1300/3257 1355/1301/3258 1357/1305/3261
f 1354/1300/3257 1355/1301/3258 1357/1305/3261
f 1357/1305/3261 1354/1300/3257 1355/1301/3258
f 1360/1306/3262 1357/1304/3261 1356/1303/3260
f 1360/1306/3262 1357/1304/3261 1356/1303/3260
f 1357/1304/3261 1356/1303/3260 1360/1306/3262
f 1357/1304/3261 1356/1303/3260 1360/1306/3262
f 1356/1303/3260 1360/1306/3262 1357/1304/3261
f 1356/1303/3260 1360/1306/3262 1357/1304/3261
f 1358/1307/3263 1354/1300/3259 1357/1305/3261
f 1354/1300/3259 1357/1305/3261 1358/1307/3263
f 1354/1300/3259 1357/1305/3261 1358/1307/3263
f 1357/1305/3261 1358/1307/3263 1354/1300/3259
f 1357/1305/3261 1358/1307/3263 1354/1300/3259
f 1358/1307/3263 1354/1300/3259 1357/1305/3261
f 1359/1308/3264 1358/1307/3265 1357/1305/3261
f 1358/1307/3265 1357/1305/3261 1359/1308/3264
f 1358/1307/3265 1357/1305/3261 1359/1308/3264
f 1357/1305/3261 1359/1308/3264 1358/1307/3265
f 1357/1305/3261 1359/1308/3264 1358/1307/3265
f 1359/1308/3264 1358/1307/3265 1357/1305/3261
f 1361/1309/3266 1359/1308/3267 1357/1305/3261
f 1357/1305/3261 1361/1309/3266 1359/1308/3267
f 1357/1305/3261 1361/1309/3266 1359/1308/3267
f 1359/1308/3267 1357/1305/3261 1361/1309/3266
f 1359/1308/3267 1357/1305/3261 1361/1309/3266
f 1361/1309/3266 1359/1308/3267 1357/1305/3261
f 1361/1310/3266 1357/1304/3268 1360/1306/3262
f 1361/1310/3266 1357/1304/3268 1360/1306/3262
f 1360/1306/3262 1361/1310/3266 1357/1304/3268
f 1360/1306/3262 1361/1310/3266 1357/1304/3268
f 1357/1304/3268 1360/1306/3262 1361/1310/3266
f 1357/1304/3268 1360/1306/3262 1361/1310/3266
f 1360/1306/3262 1362/1311/3269 1361/1310/3266
f 1363/1312/3270 1361/1310/3266 1362/1311/3271
f 1363/1312/3270 1361/1310/3266 1362/1311/3271
f 1362/1311/3271 1363/1312/3270 1361/1310/3266
f 1362/1311/3271 1363/1312/3270 1361/1310/3266
f 1361/1310/3266 1362/1311/3271 1363/1312/3270
f 1361/1310/3266 1362/1311/3271 1363/1312/3270
f 1362/1311/3269 1361/1310/3266 1360/1306/3262
f 1362/1311/3269 1361/1310/3266 1360/1306/3262
f 1361/1310/3266 1360/1306/3262 1362/1311/3269
f 1361/1310/3266 1360/1306/3262 1362/1311/3269
f 1360/1306/3262 1362/1311/3269 1361/1310/3266
f 1363/1313/3270 1365/1314/3272 1361/1309/3266
f 1361/1309/3266 1363/1313/3270 1365/1314/3272
f 1361/1309/3266 1363/1313/3270 1365/1314/3272
f 1365/1314/3272 1361/1309/3266 1363/1313/3270
f 1365/1314/3272 1361/1309/3266 1363/1313/3270
f 1363/1313/3270 1365/1314/3272 1361/1309/3266
f 1365/1314/3272 1364/1315/3273 1361/1309/3266
f 1361/1309/3266 1364/1315/3274 1366/1316/3275
f 1361/1309/3266 1364/1315/3274 1366/1316/3275
f 1366/1316/3275 1361/1309/3266 1364/1315/3274
f 1366/1316/3275 1361/1309/3266 1364/1315/3274
f 1364/1315/3274 1366/1316/3275 1361/1309/3266
f 1364/1315/3274 1366/1316/3275 1361/1309/3266
f 1364/1315/3273 1361/1309/3266 1365/1314/3272
f 1364/1315/3273 1361/1309/3266 1365/1314/3272
f 1361/1309/3266 1365/1314/3272 1364/1315/3273
f 1361/1309/3266 1365/1314/3272 1364/1315/3273
f 1365/1314/3272 1364/1315/3273 1361/1309/3266
f 1359/1308/3276 1361/1309/3266 1366/1316/3275
f 1359/1308/3276 1361/1309/3266 1366/1316/3275
f 1361/1309/3266 1366/1316/3275 1359/1308/3276
f 1361/1309/3266 1366/1316/3275 1359/1308/3276
f 1366/1316/3275 1359/1308/3276 1361/1309/3266
f 1366/1316/3275 1359/1308/3276 1361/1309/3266
f 1366/1316/3275 1364/1315/3274 1367/1317/3277
f 1366/1316/3275 1364/1315/3274 1367/1317/3277
f 1364/1315/3274 1367/1317/3277 1366/1316/3275
f 1364/1315/3274 1367/1317/3277 1366/1316/3275
f 1367/1317/3277 1366/1316/3275 1364/1315/3274
f 1367/1317/3277 1366/1316/3275 1364/1315/3274
f 1367/1317/3277 1368/1318/3278 1366/1316/3279
f 1366/1316/3279 1367/1317/3277 1368/1318/3278
f 1366/1316/3279 1367/1317/3277 1368/1318/3278
f 1368/1318/3278 1366/1316/3279 1367/1317/3277
f 1368/1318/3278 1366/1316/3279 1367/1317/3277
f 1367/1317/3277 1368/1318/3278 1366/1316/3279
f 1359/1308/3264 1366/1316/3275 1368/1318/3278
f 1359/1308/3264 1366/1316/3275 1368/1318/3278
f 1366/1316/3275 1368/1318/3278 1359/1308/3264
f 1366/1316/3275 1368/1318/3278 1359/1308/3264
f 1368/1318/3278 1359/1308/3264 1366/1316/3275
f 1368/1318/3278 1359/1308/3264 1366/1316/3275
f 1370/1319/3280 1368/1318/3278 1369/1320/3281
f 1371/1321/3282 1369/1320/3281 1368/1318/3278
f 1371/1321/3282 1369/1320/3281 1368/1318/3278
f 1368/1318/3278 1371/1321/3282 1369/1320/3281
f 1368/1318/3278 1371/1321/3282 1369/1320/3281
f 1369/1320/3281 1368/1318/3278 1371/1321/3282
f 1369/1320/3281 1368/1318/3278 1371/1321/3282
f 1368/1318/3278 1369/1320/3281 1370/1319/3280
f 1368/1318/3278 1369/1320/3281 1370/1319/3280
f 1369/1320/3281 1370/1319/3280 1368/1318/3278
f 1369/1320/3281 1370/1319/3280 1368/1318/3278
f 1370/1319/3280 1368/1318/3278 1369/1320/3281
f 1370/1319/3280 1358/1307/3265 1368/1318/3278
f 1358/1307/3265 1368/1318/3278 1370/1319/3280
f 1358/1307/3265 1368/1318/3278 1370/1319/3280
f 1368/1318/3278 1370/1319/3280 1358/1307/3265
f 1368/1318/3278 1370/1319/3280 1358/1307/3265
f 1370/1319/3280 1358/1307/3265 1368/1318/3278
f 1368/1318/3278 1367/1317/3277 1371/1321/3282
f 1367/1317/3277 1371/1321/3282 1368/1318/3278
f 1367/1317/3277 1371/1321/3282 1368/1318/3278
f 1371/1321/3282 1368/1318/3278 1367/1317/3277
f 1371/1321/3282 1368/1318/3278 1367/1317/3277
f 1368/1318/3278 1367/1317/3277 1371/1321/3282
f 1359/1308/3264 1368/1318/3278 1358/1307/3263
f 1359/1308/3264 1368/1318/3278 1358/1307/3263
f 1358/1307/3263 1359/1308/3264 1368/1318/3278
f 1358/1307/3263 1359/1308/3264 1368/1318/3278
f 1368/1318/3278 1358/1307/3263 1359/1308/3264
f 1368/1318/3278 1358/1307/3263 1359/1308/3264
f 1369/1322/3283 1371/1323/3282 1373/1324/3284
f 1369/1322/3283 1371/1323/3282 1373/1324/3284
f 1373/1324/3284 1369/1322/3283 1371/1323/3282
f 1373/1324/3284 1369/1322/3283 1371/1323/3282
f 1371/1323/3282 1373/1324/3284 1369/1322/3283
f 1371/1323/3282 1373/1324/3284 1369/1322/3283
f 1376/1325/3285 1372/1326/3286 1371/1323/3282
f 1373/1324/3284 1371/1323/3287 1372/1326/3288
f 1373/1324/3284 1371/1323/3287 1372/1326/3288
f 1371/1323/3287 1372/1326/3288 1373/1324/3284
f 1371/1323/3287 1372/1326/3288 1373/1324/3284
f 1372/1326/3288 1373/1324/3284 1371/1323/3287
f 1372/1326/3288 1373/1324/3284 1371/1323/3287
f 1371/1323/3282 1376/1325/3285 1372/1326/3286
f 1371/1323/3282 1376/1325/3285 1372/1326/3286
f 1372/1326/3286 1371/1323/3282 1376/1325/3285
f 1372/1326/3286 1371/1323/3282 1376/1325/3285
f 1376/1325/3285 1372/1326/3286 1371/1323/3282
f 1367/1317/3289 1374/1327/3290 1371/1321/3287
f 1375/1328/3291 1371/1321/3282 1374/1327/3290
f 1375/1328/3291 1371/1321/3282 1374/1327/3290
f 1371/1321/3282 1374/1327/3290 1375/1328/3291
f 1371/1321/3282 1374/1327/3290 1375/1328/3291
f 1374/1327/3290 1375/1328/3291 1371/1321/3282
f 1374/1327/3290 1375/1328/3291 1371/1321/3282
f 1371/1321/3287 1367/1317/3289 1374/1327/3290
f 1371/1321/3287 1367/1317/3289 1374/1327/3290
f 1374/1327/3290 1371/1321/3287 1367/1317/3289
f 1374/1327/3290 1371/1321/3287 1367/1317/3289
f 1367/1317/3289 1374/1327/3290 1371/1321/3287
f 1376/1329/3292 1371/1321/3287 1375/1328/3293
f 1376/1329/3292 1371/1321/3287 1375/1328/3293
f 1375/1328/3293 1376/1329/3292 1371/1321/3287
f 1375/1328/3293 1376/1329/3292 1371/1321/3287
f 1371/1321/3287 1375/1328/3293 1376/1329/3292
f 1371/1321/3287 1375/1328/3293 1376/1329/3292
f 1376/1329/3292 1378/1330/3294 1377/1331/3295
f 1376/1325/3296 1377/1332/3295 1379/1333/3297
f 1376/1325/3296 1377/1332/3295 1379/1333/3297
f 1379/1333/3297 1376/1325/3296 1377/1332/3295
f 1379/1333/3297 1376/1325/3296 1377/1332/3295
f 1377/1332/3295 1379/1333/3297 1376/1325/3296
f 1377/1332/3295 1379/1333/3297 1376/1325/3296
f 1377/1331/3295 1376/1329/3292 1378/1330/3294
f 1377/1331/3295 1376/1329/3292 1378/1330/3294
f 1378/1330/3294 1377/1331/3295 1376/1329/3292
f 1378/1330/3294 1377/1331/3295 1376/1329/3292
f 1376/1329/3292 1378/1330/3294 1377/1331/3295
f 1378/1330/3298 1376/1329/3285 1375/1328/3299
f 1378/1330/3298 1376/1329/3285 1375/1328/3299
f 1376/1329/3285 1375/1328/3299 1378/1330/3298
f 1376/1329/3285 1375/1328/3299 1378/1330/3298
f 1375/1328/3299 1378/1330/3298 1376/1329/3285
f 1375/1328/3299 1378/1330/3298 1376/1329/3285
f 1372/1326/3288 1376/1325/3296 1379/1333/3297
f 1372/1326/3288 1376/1325/3296 1379/1333/3297
f 1376/1325/3296 1379/1333/3297 1372/1326/3288
f 1376/1325/3296 1379/1333/3297 1372/1326/3288
f 1379/1333/3297 1372/1326/3288 1376/1325/3296
f 1379/1333/3297 1372/1326/3288 1376/1325/3296
f 1380/1334/3300 1379/1333/3301 1377/1332/3295
f 1381/1335/3302 1379/1333/3297 1380/1334/3300
f 1381/1335/3302 1379/1333/3297 1380/1334/3300
f 1379/1333/3297 1380/1334/3300 1381/1335/3302
f 1379/1333/3297 1380/1334/3300 1381/1335/3302
f 1380/1334/3300 1381/1335/3302 1379/1333/3297
f 1380/1334/3300 1381/1335/3302 1379/1333/3297
f 1379/1333/3301 1377/1332/3295 1380/1334/3300
f 1379/1333/3301 1377/1332/3295 1380/1334/3300
f 1377/1332/3295 1380/1334/3300 1379/1333/3301
f 1377/1332/3295 1380/1334/3300 1379/1333/3301
f 1380/1334/3300 1379/1333/3301 1377/1332/3295
f 1372/1326/3303 1379/1333/3297 1381/1335/3302
f 1372/1326/3303 1379/1333/3297 1381/1335/3302
f 1381/1335/3302 1372/1326/3303 1379/1333/3297
f 1381/1335/3302 1372/1326/3303 1379/1333/3297
f 1379/1333/3297 1381/1335/3302 1372/1326/3303
f 1379/1333/3297 1381/1335/3302 1372/1326/3303
f 1382/1336/3304 1381/1335/3302 1383/1337/3305
f 1382/1336/3306 1372/1326/3288 1381/1335/3307
f 1382/1336/3306 1372/1326/3288 1381/1335/3307
f 1372/1326/3288 1381/1335/3307 1382/1336/3306
f 1372/1326/3288 1381/1335/3307 1382/1336/3306
f 1381/1335/3307 1382/1336/3306 1372/1326/3288
f 1381/1335/3307 1382/1336/3306 1372/1326/3288
f 1381/1335/3302 1383/1337/3305 1382/1336/3304
f 1381/1335/3302 1383/1337/3305 1382/1336/3304
f 1383/1337/3305 1382/1336/3304 1381/1335/3302
f 1383/1337/3305 1382/1336/3304 1381/1335/3302
f 1382/1336/3304 1381/1335/3302 1383/1337/3305
f 1380/1334/3300 1383/1337/3305 1381/1335/3307
f 1380/1334/3300 1383/1337/3305 1381/1335/3307
f 1381/1335/3307 1380/1334/3300 1383/1337/3305
f 1381/1335/3307 1380/1334/3300 1383/1337/3305
f 1383/1337/3305 1381/1335/3307 1380/1334/3300
f 1383/1337/3305 1381/1335/3307 1380/1334/3300
f 1383/1337/3305 1385/1338/3308 1384/1339/3309
f 1383/1337/3305 1384/1339/3310 1382/1336/3304
f 1383/1337/3305 1384/1339/3310 1382/1336/3304
f 1382/1336/3304 1383/1337/3305 1384/1339/3310
f 1382/1336/3304 1383/1337/3305 1384/1339/3310
f 1384/1339/3310 1382/1336/3304 1383/1337/3305
f 1384/1339/3310 1382/1336/3304 1383/1337/3305
f 1384/1339/3309 1383/1337/3305 1385/1338/3308
f 1384/1339/3309 1383/1337/3305 1385/1338/3308
f 1385/1338/3308 1384/1339/3309 1383/1337/3305
f 1385/1338/3308 1384/1339/3309 1383/1337/3305
f 1383/1337/3305 1385/1338/3308 1384/1339/3309
f 1386/1340/3311 1385/1338/3312 1383/1337/3305
f 1385/1338/3312 1383/1337/3305 1386/1340/3311
f 1385/1338/3312 1383/1337/3305 1386/1340/3311
f 1383/1337/3305 1386/1340/3311 1385/1338/3312
f 1383/1337/3305 1386/1340/3311 1385/1338/3312
f 1386/1340/3311 1385/1338/3312 1383/1337/3305
f 1380/1334/3300 1386/1340/3311 1383/1337/3305
f 1383/1337/3305 1380/1334/3300 1386/1340/3311
f 1383/1337/3305 1380/1334/3300 1386/1340/3311
f 1386/1340/3311 1383/1337/3305 1380/1334/3300
f 1386/1340/3311 1383/1337/3305 1380/1334/3300
f 1380/1334/3300 1386/1340/3311 1383/1337/3305
f 1385/1338/3308 1386/1340/3313 1360/1306/3262
f 1386/1340/3313 1360/1306/3262 1385/1338/3308
f 1386/1340/3313 1360/1306/3262 1385/1338/3308
f 1360/1306/3262 1385/1338/3308 1386/1340/3313
f 1360/1306/3262 1385/1338/3308 1386/1340/3313
f 1385/1338/3308 1386/1340/3313 1360/1306/3262
f 1360/1306/3262 1386/1340/3311 1362/1311/3269
f 1386/1340/3311 1380/1334/3300 1362/1311/3271
f 1386/1340/3311 1380/1334/3300 1362/1311/3271
f 1380/1334/3300 1362/1311/3271 1386/1340/3311
f 1380/1334/3300 1362/1311/3271 1386/1340/3311
f 1362/1311/3271 1386/1340/3311 1380/1334/3300
f 1362/1311/3271 1386/1340/3311 1380/1334/3300
f 1362/1311/3269 1360/1306/3262 1386/1340/3311
f 1362/1311/3269 1360/1306/3262 1386/1340/3311
f 1386/1340/3311 1362/1311/3269 1360/1306/3262
f 1386/1340/3311 1362/1311/3269 1360/1306/3262
f 1360/1306/3262 1386/1340/3311 1362/1311/3269
f 1387/1341/3314 1385/1338/3308 1360/1306/3262
f 1360/1306/3262 1387/1341/3314 1385/1338/3308
f 1360/1306/3262 1387/1341/3314 1385/1338/3308
f 1385/1338/3308 1360/1306/3262 1387/1341/3314
f 1385/1338/3308 1360/1306/3262 1387/1341/3314
f 1387/1341/3314 1385/1338/3308 1360/1306/3262
f 1387/1341/3314 1384/1339/3309 1385/1338/3308
f 1387/1341/3314 1384/1339/3309 1385/1338/3308
f 1384/1339/3309 1385/1338/3308 1387/1341/3314
f 1384/1339/3309 1385/1338/3308 1387/1341/3314
f 1385/1338/3308 1387/1341/3314 1384/1339/3309
f 1385/1338/3308 1387/1341/3314 1384/1339/3309
f 1382/1336/3304 1387/1341/3314 1372/1326/3288
f 1388/1342/3315 1372/1326/3288 1387/1341/3314
f 1388/1342/3315 1372/1326/3288 1387/1341/3314
f 1372/1326/3288 1387/1341/3314 1388/1342/3315
f 1372/1326/3288 1387/1341/3314 1388/1342/3315
f 1387/1341/3314 1388/1342/3315 1372/1326/3288
f 1387/1341/3314 1388/1342/3315 1372/1326/3288
f 1372/1326/3288 1382/1336/3304 1387/1341/3314
f 1372/1326/3288 1382/1336/3304 1387/1341/3314
f 1387/1341/3314 1372/1326/3288 1382/1336/3304
f 1387/1341/3314 1372/1326/3288 1382/1336/3304
f 1382/1336/3304 1387/1341/3314 1372/1326/3288
f 1382/1336/3304 1384/1339/3309 1387/1341/3314
f 1382/1336/3304 1384/1339/3309 1387/1341/3314
f 1384/1339/3309 1387/1341/3314 1382/1336/3304
f 1384/1339/3309 1387/1341/3314 1382/1336/3304
f 1387/1341/3314 1382/1336/3304 1384/1339/3309
f 1387/1341/3314 1382/1336/3304 1384/1339/3309
f 1388/1342/3315 1387/1341/3314 1360/1306/3262
f 1387/1341/3314 1360/1306/3262 1388/1342/3315
f 1387/1341/3314 1360/1306/3262 1388/1342/3315
f 1360/1306/3262 1388/1342/3315 1387/1341/3314
f 1360/1306/3262 1388/1342/3315 1387/1341/3314
f 1388/1342/3315 1387/1341/3314 1360/1306/3262
f 1336/1278/3316 1388/1342/3315 1337/1279/3227
f 1336/1278/3316 1373/1324/3317 1388/1342/3318
f 1336/1278/3316 1373/1324/3317 1388/1342/3318
f 1373/1324/3317 1388/1342/3318 1336/1278/3316
f 1373/1324/3317 1388/1342/3318 1336/1278/3316
f 1388/1342/3318 1336/1278/3316 1373/1324/3317
f 1388/1342/3318 1336/1278/3316 1373/1324/3317
f 1388/1342/3315 1337/1279/3227 1336/1278/3316
f 1388/1342/3315 1337/1279/3227 1336/1278/3316
f 1337/1279/3227 1336/1278/3316 1388/1342/3315
f 1337/1279/3227 1336/1278/3316 1388/1342/3315
f 1336/1278/3316 1388/1342/3315 1337/1279/3227
f 1372/1326/3288 1388/1342/3315 1373/1324/3284
f 1373/1324/3284 1372/1326/3288 1388/1342/3315
f 1373/1324/3284 1372/1326/3288 1388/1342/3315
f 1388/1342/3315 1373/1324/3284 1372/1326/3288
f 1388/1342/3315 1373/1324/3284 1372/1326/3288
f 1372/1326/3288 1388/1342/3315 1373/1324/3284
f 1356/1303/3260 1337/1279/3227 1388/1342/3315
f 1356/1303/3260 1337/1279/3227 1388/1342/3315
f 1388/1342/3315 1356/1303/3260 1337/1279/3227
f 1388/1342/3315 1356/1303/3260 1337/1279/3227
f 1337/1279/3227 1388/1342/3315 1356/1303/3260
f 1337/1279/3227 1388/1342/3315 1356/1303/3260
f 1356/1303/3260 1388/1342/3315 1360/1306/3262
f 1360/1306/3262 1356/1303/3260 1388/1342/3315
f 1360/1306/3262 1356/1303/3260 1388/1342/3315
f 1388/1342/3315 1360/1306/3262 1356/1303/3260
f 1388/1342/3315 1360/1306/3262 1356/1303/3260
f 1356/1303/3260 1388/1342/3315 1360/1306/3262
f 1362/1311/3319 1380/1334/3300 1377/1332/3320
f 1380/1334/3300 1377/1332/3320 1362/1311/3319
f 1380/1334/3300 1377/1332/3320 1362/1311/3319
f 1377/1332/3320 1362/1311/3319 1380/1334/3300
f 1377/1332/3320 1362/1311/3319 1380/1334/3300
f 1362/1311/3319 1380/1334/3300 1377/1332/3320
f 1378/1330/3294 1365/1314/3272 1377/1331/3295
f 1365/1314/3321 1378/1330/3322 1375/1328/3299
f 1365/1314/3321 1378/1330/3322 1375/1328/3299
f 1375/1328/3299 1365/1314/3321 1378/1330/3322
f 1375/1328/3299 1365/1314/3321 1378/1330/3322
f 1378/1330/3322 1375/1328/3299 1365/1314/3321
f 1378/1330/3322 1375/1328/3299 1365/1314/3321
f 1365/1314/3272 1377/1331/3295 1378/1330/3294
f 1365/1314/3272 1377/1331/3295 1378/1330/3294
f 1377/1331/3295 1378/1330/3294 1365/1314/3272
f 1377/1331/3295 1378/1330/3294 1365/1314/3272
f 1378/1330/3294 1365/1314/3272 1377/1331/3295
f 1363/1312/3323 1377/1332/3323 1362/1311/3323
f 1377/1332/3295 1363/1312/3324 1362/1311/3269
f 1377/1332/3323 1362/1311/3323 1363/1312/3323
f 1362/1311/3323 1363/1312/3323 1377/1332/3323
f 1362/1311/3323 1363/1312/3323 1377/1332/3323
f 1363/1312/3323 1377/1332/3323 1362/1311/3323
f 1363/1313/3270 1377/1331/3295 1365/1314/3272
f 1363/1313/3270 1377/1331/3295 1365/1314/3272
f 1365/1314/3272 1363/1313/3270 1377/1331/3295
f 1365/1314/3272 1363/1313/3270 1377/1331/3295
f 1377/1331/3295 1365/1314/3272 1363/1313/3270
f 1377/1331/3295 1365/1314/3272 1363/1313/3270
f 1374/1327/3325 1365/1314/3321 1375/1328/3299
f 1374/1327/3325 1365/1314/3321 1375/1328/3299
f 1365/1314/3321 1375/1328/3299 1374/1327/3325
f 1365/1314/3321 1375/1328/3299 1374/1327/3325
f 1375/1328/3299 1374/1327/3325 1365/1314/3321
f 1375/1328/3299 1374/1327/3325 1365/1314/3321
f 1374/1327/3290 1367/1317/3277 1364/1315/3274
f 1364/1315/3274 1365/1314/3272 1374/1327/3290
f 1364/1315/3274 1365/1314/3272 1374/1327/3290
f 1374/1327/3290 1364/1315/3274 1365/1314/3272
f 1374/1327/3290 1364/1315/3274 1365/1314/3272
f 1365/1314/3272 1374/1327/3290 1364/1315/3274
f 1365/1314/3272 1374/1327/3290 1364/1315/3274
f 1364/1315/3274 1374/1327/3290 1367/1317/3277
f 1364/1315/3274 1374/1327/3290 1367/1317/3277
f 1367/1317/3277 1364/1315/3274 1374/1327/3290
f 1367/1317/3277 1364/1315/3274 1374/1327/3290
f 1374/1327/3290 1367/1317/3277 1364/1315/3274
f 1389/1343/3326 1373/1324/3317 1336/1278/3316
f 1389/1343/3326 1373/1324/3317 1336/1278/3316
f 1336/1278/3316 1389/1343/3326 1373/1324/3317
f 1336/1278/3316 1389/1343/3326 1373/1324/3317
f 1373/1324/3317 1336/1278/3316 1389/1343/3326
f 1373/1324/3317 1336/1278/3316 1389/1343/3326
f 1369/1322/3281 1373/1324/3284 1349/1344/3243
f 1389/1343/3326 1349/1344/3243 1373/1324/3317
f 1389/1343/3326 1349/1344/3243 1373/1324/3317
f 1349/1344/3243 1373/1324/3317 1389/1343/3326
f 1349/1344/3243 1373/1324/3317 1389/1343/3326
f 1373/1324/3317 1389/1343/3326 1349/1344/3243
f 1373/1324/3317 1389/1343/3326 1349/1344/3243
f 1349/1344/3243 1369/1322/3281 1373/1324/3284
f 1349/1344/3243 1369/1322/3281 1373/1324/3284
f 1373/1324/3284 1349/1344/3243 1369/1322/3281
f 1373/1324/3284 1349/1344/3243 1369/1322/3281
f 1369/1322/3281 1373/1324/3284 1349/1344/3243
f 1335/1275/3225 1389/1343/3327 1336/1278/3316
f 1335/1275/3225 1389/1343/3327 1336/1278/3316
f 1336/1278/3316 1335/1275/3225 1389/1343/3327
f 1336/1278/3316 1335/1275/3225 1389/1343/3327
f 1389/1343/3327 1336/1278/3316 1335/1275/3225
f 1389/1343/3327 1336/1278/3316 1335/1275/3225
f 1389/1343/3326 1335/1275/3235 1342/1284/3328
f 1335/1275/3235 1342/1284/3328 1389/1343/3326
f 1335/1275/3235 1342/1284/3328 1389/1343/3326
f 1342/1284/3328 1389/1343/3326 1335/1275/3235
f 1342/1284/3328 1389/1343/3326 1335/1275/3235
f 1389/1343/3326 1335/1275/3235 1342/1284/3328
f 1349/1344/3243 1389/1343/3326 1342/1284/3233
f 1342/1284/3233 1349/1344/3243 1389/1343/3326
f 1342/1284/3233 1349/1344/3243 1389/1343/3326
f 1389/1343/3326 1342/1284/3233 1349/1344/3243
f 1389/1343/3326 1342/1284/3233 1349/1344/3243
f 1349/1344/3243 1389/1343/3326 1342/1284/3233
f 1347/1292/3329 1370/1319/3280 1369/1320/3281
f 1370/1319/3280 1369/1320/3281 1347/1292/3329
f 1370/1319/3280 1369/1320/3281 1347/1292/3329
f 1369/1320/3281 1347/1292/3329 1370/1319/3280
f 1369/1320/3281 1347/1292/3329 1370/1319/3280
f 1347/1292/3329 1370/1319/3280 1369/1320/3281
f 1354/1300/3257 1358/1307/3265 1370/1319/3280
f 1354/1300/3257 1358/1307/3265 1370/1319/3280
f 1370/1319/3280 1354/1300/3257 1358/1307/3265
f 1370/1319/3280 1354/1300/3257 1358/1307/3265
f 1358/1307/3265 1370/1319/3280 1354/1300/3257
f 1358/1307/3265 1370/1319/3280 1354/1300/3257
f 1347/1292/3242 1354/1300/3257 1370/1319/3330
f 1347/1292/3242 1354/1300/3257 1370/1319/3330
f 1354/1300/3257 1370/1319/3330 1347/1292/3242
f 1354/1300/3257 1370/1319/3330 1347/1292/3242
f 1370/1319/3330 1347/1292/3242 1354/1300/3257
f 1370/1319/3330 1347/1292/3242 1354/1300/3257
f 1349/1291/3243 1347/1292/3329 1369/1320/3281
f 1369/1320/3281 1349/1291/3243 1347/1292/3329
f 1369/1320/3281 1349/1291/3243 1347/1292/3329
f 1347/1292/3329 1369/1320/3281 1349/1291/3243
f 1347/1292/3329 1369/1320/3281 1349/1291/3243
f 1349/1291/3243 1347/1292/3329 1369/1320/3281
f 1348/1293/3244 1354/1300/3257 1347/1292/3245
f 1348/1293/3244 1354/1300/3257 1347/1292/3245
f 1347/1292/3245 1348/1293/3244 1354/1300/3257
f 1347/1292/3245 1348/1293/3244 1354/1300/3257
f 1354/1300/3257 1347/1292/3245 1348/1293/3244
f 1354/1300/3257 1347/1292/3245 1348/1293/3244
f 1339/1281/3230 1343/1283/3237 1340/1282/3231
f 1339/1281/3230 1343/1283/3237 1340/1282/3231
f 1343/1283/3237 1340/1282/3231 1339/1281/3230
f 1343/1283/3237 1340/1282/3231 1339/1281/3230
f 1340/1282/3231 1339/1281/3230 1343/1283/3237
f 1340/1282/3231 1339/1281/3230 1343/1283/3237
f 1390/1339/3331 1394/1337/3332 1391/1336/3333
f 1390/1339/3334 1391/1336/3333 1392/1341/3335
f 1390/1339/3334 1391/1336/3333 1392/1341/3335
f 1391/1336/3333 1392/1341/3335 1390/1339/3334
f 1391/1336/3333 1392/1341/3335 1390/1339/3334
f 1392/1341/3335 1390/1339/3334 1391/1336/3333
f 1392/1341/3335 1390/1339/3334 1391/1336/3333
f 1391/1336/3333 1390/1339/3331 1394/1337/3332
f 1391/1336/3333 1390/1339/3331 1394/1337/3332
f 1394/1337/3332 1391/1336/3333 1390/1339/3331
f 1394/1337/3332 1391/1336/3333 1390/1339/3331
f 1390/1339/3331 1394/1337/3332 1391/1336/3333
f 1392/1341/3335 1393/1338/3336 1390/1339/3334
f 1390/1339/3334 1392/1341/3335 1393/1338/3336
f 1390/1339/3334 1392/1341/3335 1393/1338/3336
f 1393/1338/3336 1390/1339/3334 1392/1341/3335
f 1393/1338/3336 1390/1339/3334 1392/1341/3335
f 1392/1341/3335 1393/1338/3336 1390/1339/3334
f 1394/1337/3332 1390/1339/3334 1393/1338/3336
f 1394/1337/3332 1390/1339/3334 1393/1338/3336
f 1390/1339/3334 1393/1338/3336 1394/1337/3332
f 1390/1339/3334 1393/1338/3336 1394/1337/3332
f 1393/1338/3336 1394/1337/3332 1390/1339/3334
f 1393/1338/3336 1394/1337/3332 1390/1339/3334
f 1395/1335/3337 1391/1336/3333 1394/1337/3332
f 1395/1335/3337 1391/1336/3333 1394/1337/3332
f 1391/1336/3333 1394/1337/3332 1395/1335/3337
f 1391/1336/3333 1394/1337/3332 1395/1335/3337
f 1394/1337/3332 1395/1335/3337 1391/1336/3333
f 1394/1337/3332 1395/1335/3337 1391/1336/3333
f 1394/1337/3332 1396/1334/3338 1395/1335/3339
f 1394/1337/3332 1396/1334/3338 1395/1335/3339
f 1396/1334/3338 1395/1335/3339 1394/1337/3332
f 1396/1334/3338 1395/1335/3339 1394/1337/3332
f 1395/1335/3339 1394/1337/3332 1396/1334/3338
f 1395/1335/3339 1394/1337/3332 1396/1334/3338
f 1397/1340/3340 1396/1334/3338 1394/1337/3332
f 1397/1340/3340 1396/1334/3338 1394/1337/3332
f 1394/1337/3332 1397/1340/3340 1396/1334/3338
f 1394/1337/3332 1397/1340/3340 1396/1334/3338
f 1396/1334/3338 1394/1337/3332 1397/1340/3340
f 1396/1334/3338 1394/1337/3332 1397/1340/3340
f 1393/1338/3341 1397/1340/3340 1394/1337/3332
f 1393/1338/3341 1397/1340/3340 1394/1337/3332
f 1397/1340/3340 1394/1337/3332 1393/1338/3341
f 1397/1340/3340 1394/1337/3332 1393/1338/3341
f 1394/1337/3332 1393/1338/3341 1397/1340/3340
f 1394/1337/3332 1393/1338/3341 1397/1340/3340
f 1399/1345/3342 1398/1346/3343 1397/1340/3340
f 1396/1334/3338 1397/1340/3340 1398/1346/3344
f 1396/1334/3338 1397/1340/3340 1398/1346/3344
f 1398/1346/3344 1396/1334/3338 1397/1340/3340
f 1398/1346/3344 1396/1334/3338 1397/1340/3340
f 1397/1340/3340 1398/1346/3344 1396/1334/3338
f 1397/1340/3340 1398/1346/3344 1396/1334/3338
f 1398/1346/3343 1397/1340/3340 1399/1345/3342
f 1398/1346/3343 1397/1340/3340 1399/1345/3342
f 1397/1340/3340 1399/1345/3342 1398/1346/3343
f 1397/1340/3340 1399/1345/3342 1398/1346/3343
f 1399/1345/3342 1398/1346/3343 1397/1340/3340
f 1393/1338/3336 1399/1345/3342 1397/1340/3345
f 1397/1340/3345 1393/1338/3336 1399/1345/3342
f 1397/1340/3345 1393/1338/3336 1399/1345/3342
f 1399/1345/3342 1397/1340/3345 1393/1338/3336
f 1399/1345/3342 1397/1340/3345 1393/1338/3336
f 1393/1338/3336 1399/1345/3342 1397/1340/3345
f 1399/1345/3346 1393/1338/3336 1392/1341/3335
f 1393/1338/3336 1392/1341/3335 1399/1345/3342
f 1393/1338/3336 1392/1341/3335 1399/1345/3342
f 1392/1341/3335 1399/1345/3342 1393/1338/3336
f 1392/1341/3335 1399/1345/3342 1393/1338/3336
f 1399/1345/3346 1393/1338/3336 1392/1341/3335
f 1399/1345/3342 1400/1303/3347 1401/1347/3348
f 1399/1345/3342 1403/1342/3349 1400/1303/3347
f 1399/1345/3342 1403/1342/3349 1400/1303/3347
f 1403/1342/3349 1400/1303/3347 1399/1345/3342
f 1403/1342/3349 1400/1303/3347 1399/1345/3342
f 1400/1303/3347 1399/1345/3342 1403/1342/3349
f 1400/1303/3347 1399/1345/3342 1403/1342/3349
f 1400/1303/3347 1401/1347/3350 1399/1345/3342
f 1400/1303/3347 1401/1347/3350 1399/1345/3342
f 1401/1347/3350 1399/1345/3342 1400/1303/3347
f 1401/1347/3350 1399/1345/3342 1400/1303/3347
f 1399/1345/3342 1400/1303/3347 1401/1347/3348
f 1402/1310/3351 1399/1345/3342 1401/1347/3348
f 1401/1347/3348 1402/1310/3351 1399/1345/3342
f 1401/1347/3348 1402/1310/3351 1399/1345/3342
f 1399/1345/3342 1401/1347/3348 1402/1310/3351
f 1399/1345/3342 1401/1347/3348 1402/1310/3351
f 1402/1310/3351 1399/1345/3342 1401/1347/3348
f 1398/1346/3343 1399/1345/3342 1402/1310/3351
f 1399/1345/3342 1402/1310/3351 1398/1346/3343
f 1399/1345/3342 1402/1310/3351 1398/1346/3343
f 1402/1310/3351 1398/1346/3343 1399/1345/3342
f 1402/1310/3351 1398/1346/3343 1399/1345/3342
f 1398/1346/3343 1399/1345/3342 1402/1310/3351
f 1392/1341/3335 1403/1342/3352 1399/1345/3342
f 1392/1341/3335 1403/1342/3352 1399/1345/3342
f 1399/1345/3342 1392/1341/3335 1403/1342/3352
f 1399/1345/3342 1392/1341/3335 1403/1342/3352
f 1403/1342/3352 1399/1345/3342 1392/1341/3335
f 1403/1342/3352 1399/1345/3342 1392/1341/3335
f 1405/1348/3353 1403/1342/3349 1404/1326/3354
f 1392/1341/3335 1404/1326/3354 1403/1342/3349
f 1392/1341/3335 1404/1326/3354 1403/1342/3349
f 1404/1326/3354 1403/1342/3349 1392/1341/3335
f 1404/1326/3354 1403/1342/3349 1392/1341/3335
f 1403/1342/3349 1392/1341/3335 1404/1326/3354
f 1403/1342/3349 1392/1341/3335 1404/1326/3354
f 1404/1326/3354 1405/1348/3353 1403/1342/3349
f 1404/1326/3354 1405/1348/3353 1403/1342/3349
f 1403/1342/3349 1404/1326/3354 1405/1348/3353
f 1403/1342/3349 1404/1326/3354 1405/1348/3353
f 1405/1348/3353 1403/1342/3349 1404/1326/3354
f 1407/1278/3355 1403/1342/3356 1405/1348/3353
f 1403/1342/3356 1405/1348/3353 1407/1278/3355
f 1403/1342/3356 1405/1348/3353 1407/1278/3355
f 1405/1348/3353 1407/1278/3355 1403/1342/3356
f 1405/1348/3353 1407/1278/3355 1403/1342/3356
f 1407/1278/3355 1403/1342/3356 1405/1348/3353
f 1407/1278/3357 1406/1279/3358 1403/1342/3349
f 1400/1303/3359 1403/1342/3356 1406/1279/3358
f 1400/1303/3359 1403/1342/3356 1406/1279/3358
f 1403/1342/3356 1406/1279/3358 1400/1303/3359
f 1403/1342/3356 1406/1279/3358 1400/1303/3359
f 1406/1279/3358 1400/1303/3359 1403/1342/3356
f 1406/1279/3358 1400/1303/3359 1403/1342/3356
f 1403/1342/3349 1407/1278/3357 1406/1279/3358
f 1403/1342/3349 1407/1278/3357 1406/1279/3358
f 1406/1279/3358 1403/1342/3349 1407/1278/3357
f 1406/1279/3358 1403/1342/3349 1407/1278/3357
f 1407/1278/3357 1406/1279/3358 1403/1342/3349
f 1409/1343/3360 1407/1278/3355 1405/1348/3353
f 1405/1348/3353 1409/1343/3360 1407/1278/3355
f 1405/1348/3353 1409/1343/3360 1407/1278/3355
f 1407/1278/3355 1405/1348/3353 1409/1343/3360
f 1407/1278/3355 1405/1348/3353 1409/1343/3360
f 1409/1343/3360 1407/1278/3355 1405/1348/3353
f 1408/1349/3361 1410/1276/3362 1407/1278/3355
f 1407/1278/3355 1409/1343/3363 1408/1349/3364
f 1407/1278/3355 1409/1343/3363 1408/1349/3364
f 1409/1343/3363 1408/1349/3364 1407/1278/3355
f 1409/1343/3363 1408/1349/3364 1407/1278/3355
f 1408/1349/3364 1407/1278/3355 1409/1343/3363
f 1408/1349/3364 1407/1278/3355 1409/1343/3363
f 1407/1278/3355 1408/1349/3361 1410/1276/3362
f 1407/1278/3355 1408/1349/3361 1410/1276/3362
f 1410/1276/3362 1407/1278/3355 1408/1349/3361
f 1410/1276/3362 1407/1278/3355 1408/1349/3361
f 1408/1349/3361 1410/1276/3362 1407/1278/3355
f 1410/1276/3365 1406/1279/3358 1407/1278/3355
f 1406/1279/3358 1407/1278/3355 1410/1276/3365
f 1406/1279/3358 1407/1278/3355 1410/1276/3365
f 1407/1278/3355 1410/1276/3365 1406/1279/3358
f 1407/1278/3355 1410/1276/3365 1406/1279/3358
f 1410/1276/3365 1406/1279/3358 1407/1278/3355
f 1410/1276/3365 1411/1277/3366 1412/1282/3367
f 1410/1276/3365 1408/1349/3361 1411/1277/3368
f 1410/1276/3365 1408/1349/3361 1411/1277/3368
f 1408/1349/3361 1411/1277/3368 1410/1276/3365
f 1408/1349/3361 1411/1277/3368 1410/1276/3365
f 1411/1277/3368 1410/1276/3365 1408/1349/3361
f 1411/1277/3368 1410/1276/3365 1408/1349/3361
f 1411/1277/3366 1412/1282/3367 1410/1276/3365
f 1411/1277/3366 1412/1282/3367 1410/1276/3365
f 1412/1282/3367 1410/1276/3365 1411/1277/3366
f 1412/1282/3367 1410/1276/3365 1411/1277/3366
f 1410/1276/3365 1411/1277/3366 1412/1282/3367
f 1413/1281/3369 1410/1276/3365 1412/1282/3367
f 1410/1276/3365 1412/1282/3367 1413/1281/3369
f 1410/1276/3365 1412/1282/3367 1413/1281/3369
f 1412/1282/3367 1413/1281/3369 1410/1276/3365
f 1412/1282/3367 1413/1281/3369 1410/1276/3365
f 1413/1281/3369 1410/1276/3365 1412/1282/3367
f 1410/1276/3365 1413/1281/3369 1414/1350/3370
f 1413/1281/3369 1414/1350/3370 1410/1276/3365
f 1413/1281/3369 1414/1350/3370 1410/1276/3365
f 1414/1350/3370 1410/1276/3365 1413/1281/3369
f 1414/1350/3370 1410/1276/3365 1413/1281/3369
f 1410/1276/3365 1413/1281/3369 1414/1350/3370
f 1406/1279/3358 1410/1276/3365 1414/1350/3370
f 1410/1276/3365 1414/1350/3370 1406/1279/3358
f 1410/1276/3365 1414/1350/3370 1406/1279/3358
f 1414/1350/3370 1406/1279/3358 1410/1276/3365
f 1414/1350/3370 1406/1279/3358 1410/1276/3365
f 1406/1279/3358 1410/1276/3365 1414/1350/3370
f 1415/1298/3371 1406/1279/3358 1414/1350/3370
f 1414/1350/3370 1415/1298/3371 1406/1279/3358
f 1414/1350/3370 1415/1298/3371 1406/1279/3358
f 1406/1279/3358 1414/1350/3370 1415/1298/3371
f 1406/1279/3358 1414/1350/3370 1415/1298/3371
f 1415/1298/3371 1406/1279/3358 1414/1350/3370
f 1415/1298/3372 1414/1350/3370 1413/1281/3373
f 1415/1298/3372 1414/1350/3370 1413/1281/3373
f 1413/1281/3373 1415/1298/3372 1414/1350/3370
f 1413/1281/3373 1415/1298/3372 1414/1350/3370
f 1414/1350/3370 1413/1281/3373 1415/1298/3372
f 1414/1350/3370 1413/1281/3373 1415/1298/3372
f 1415/1351/3374 1416/1352/3375 1419/1353/3376
f 1416/1299/3375 1415/1298/3371 1413/1281/3373
f 1416/1299/3375 1415/1298/3371 1413/1281/3373
f 1415/1298/3371 1413/1281/3373 1416/1299/3375
f 1415/1298/3371 1413/1281/3373 1416/1299/3375
f 1413/1281/3373 1416/1299/3375 1415/1298/3371
f 1413/1281/3373 1416/1299/3375 1415/1298/3371
f 1416/1352/3375 1419/1353/3376 1415/1351/3374
f 1416/1352/3375 1419/1353/3376 1415/1351/3374
f 1419/1353/3376 1415/1351/3374 1416/1352/3375
f 1419/1353/3376 1415/1351/3374 1416/1352/3375
f 1415/1351/3374 1416/1352/3375 1419/1353/3376
f 1420/1302/3377 1406/1279/3358 1415/1298/3378
f 1415/1298/3378 1420/1302/3377 1406/1279/3358
f 1415/1298/3378 1420/1302/3377 1406/1279/3358
f 1406/1279/3358 1415/1298/3378 1420/1302/3377
f 1406/1279/3358 1415/1298/3378 1420/1302/3377
f 1420/1302/3377 1406/1279/3358 1415/1298/3378
f 1420/1354/3377 1415/1351/3372 1417/1355/3379
f 1418/1356/3380 1417/1355/3381 1415/1351/3378
f 1418/1356/3380 1417/1355/3381 1415/1351/3378
f 1415/1351/3378 1418/1356/3380 1417/1355/3381
f 1415/1351/3378 1418/1356/3380 1417/1355/3381
f 1417/1355/3381 1415/1351/3378 1418/1356/3380
f 1417/1355/3381 1415/1351/3378 1418/1356/3380
f 1415/1351/3372 1417/1355/3379 1420/1354/3377
f 1415/1351/3372 1417/1355/3379 1420/1354/3377
f 1417/1355/3379 1420/1354/3377 1415/1351/3372
f 1417/1355/3379 1420/1354/3377 1415/1351/3372
f 1420/1354/3377 1415/1351/3372 1417/1355/3379
f 1419/1353/3376 1418/1356/3380 1415/1351/3378
f 1419/1353/3376 1418/1356/3380 1415/1351/3378
f 1415/1351/3378 1419/1353/3376 1418/1356/3380
f 1415/1351/3378 1419/1353/3376 1418/1356/3380
f 1418/1356/3380 1415/1351/3378 1419/1353/3376
f 1418/1356/3380 1415/1351/3378 1419/1353/3376
f 1401/1347/3382 1400/1303/3347 1420/1302/3377
f 1406/1279/3358 1420/1302/3377 1400/1303/3347
f 1406/1279/3358 1420/1302/3377 1400/1303/3347
f 1420/1302/3377 1400/1303/3347 1406/1279/3358
f 1420/1302/3377 1400/1303/3347 1406/1279/3358
f 1400/1303/3347 1406/1279/3358 1420/1302/3377
f 1400/1303/3347 1406/1279/3358 1420/1302/3377
f 1420/1302/3377 1401/1347/3382 1400/1303/3347
f 1420/1302/3377 1401/1347/3382 1400/1303/3347
f 1400/1303/3347 1420/1302/3377 1401/1347/3382
f 1400/1303/3347 1420/1302/3377 1401/1347/3382
f 1401/1347/3382 1400/1303/3347 1420/1302/3377
f 1401/1357/3350 1420/1354/3377 1417/1355/3381
f 1420/1354/3377 1417/1355/3381 1401/1357/3350
f 1420/1354/3377 1417/1355/3381 1401/1357/3350
f 1417/1355/3381 1401/1357/3350 1420/1354/3377
f 1417/1355/3381 1401/1357/3350 1420/1354/3377
f 1401/1357/3350 1420/1354/3377 1417/1355/3381
f 1422/1358/3383 1421/1359/3384 1419/1353/3376
f 1418/1356/3385 1419/1353/3376 1421/1359/3384
f 1418/1356/3385 1419/1353/3376 1421/1359/3384
f 1421/1359/3384 1418/1356/3385 1419/1353/3376
f 1421/1359/3384 1418/1356/3385 1419/1353/3376
f 1419/1353/3376 1421/1359/3384 1418/1356/3385
f 1419/1353/3376 1421/1359/3384 1418/1356/3385
f 1421/1359/3384 1419/1353/3376 1422/1358/3383
f 1421/1359/3384 1419/1353/3376 1422/1358/3383
f 1419/1353/3376 1422/1358/3383 1421/1359/3384
f 1419/1353/3376 1422/1358/3383 1421/1359/3384
f 1422/1358/3383 1421/1359/3384 1419/1353/3376
f 1423/1360/3386 1419/1353/3376 1416/1352/3375
f 1423/1360/3386 1419/1353/3376 1416/1352/3375
f 1416/1352/3375 1423/1360/3386 1419/1353/3376
f 1416/1352/3375 1423/1360/3386 1419/1353/3376
f 1419/1353/3376 1416/1352/3375 1423/1360/3386
f 1419/1353/3376 1416/1352/3375 1423/1360/3386
f 1423/1360/3386 1422/1358/3383 1419/1353/3376
f 1419/1353/3376 1423/1360/3386 1422/1358/3383
f 1419/1353/3376 1423/1360/3386 1422/1358/3383
f 1422/1358/3383 1419/1353/3376 1423/1360/3386
f 1422/1358/3383 1419/1353/3376 1423/1360/3386
f 1423/1360/3386 1422/1358/3383 1419/1353/3376
f 1423/1360/3387 1424/1361/3388 1422/1358/3389
f 1422/1358/3389 1423/1360/3387 1424/1361/3388
f 1422/1358/3389 1423/1360/3387 1424/1361/3388
f 1424/1361/3388 1422/1358/3389 1423/1360/3387
f 1424/1361/3388 1422/1358/3389 1423/1360/3387
f 1423/1360/3387 1424/1361/3388 1422/1358/3389
f 1424/1361/3390 1423/1360/3387 1416/1352/3375
f 1424/1361/3390 1423/1360/3387 1416/1352/3375
f 1423/1360/3387 1416/1352/3375 1424/1361/3390
f 1423/1360/3387 1416/1352/3375 1424/1361/3390
f 1416/1352/3375 1424/1361/3390 1423/1360/3387
f 1416/1352/3375 1424/1361/3390 1423/1360/3387
f 1424/1361/3390 1425/1362/3391 1422/1358/3389
f 1425/1285/3391 1424/1363/3388 1411/1277/3392
f 1425/1285/3391 1424/1363/3388 1411/1277/3392
f 1424/1363/3388 1411/1277/3392 1425/1285/3391
f 1424/1363/3388 1411/1277/3392 1425/1285/3391
f 1411/1277/3392 1425/1285/3391 1424/1363/3388
f 1411/1277/3392 1425/1285/3391 1424/1363/3388
f 1425/1362/3391 1422/1358/3389 1424/1361/3390
f 1425/1362/3391 1422/1358/3389 1424/1361/3390
f 1422/1358/3389 1424/1361/3390 1425/1362/3391
f 1422/1358/3389 1424/1361/3390 1425/1362/3391
f 1424/1361/3390 1425/1362/3391 1422/1358/3389
f 1424/1363/3390 1413/1281/3373 1412/1282/3367
f 1424/1363/3388 1412/1282/3367 1411/1277/3366
f 1424/1363/3388 1412/1282/3367 1411/1277/3366
f 1411/1277/3366 1424/1363/3388 1412/1282/3367
f 1411/1277/3366 1424/1363/3388 1412/1282/3367
f 1412/1282/3367 1411/1277/3366 1424/1363/3388
f 1412/1282/3367 1411/1277/3366 1424/1363/3388
f 1412/1282/3367 1424/1363/3390 1413/1281/3373
f 1412/1282/3367 1424/1363/3390 1413/1281/3373
f 1413/1281/3373 1412/1282/3367 1424/1363/3390
f 1413/1281/3373 1412/1282/3367 1424/1363/3390
f 1424/1363/3390 1413/1281/3373 1412/1282/3367
f 1416/1299/3375 1413/1281/3369 1424/1363/3388
f 1413/1281/3369 1424/1363/3388 1416/1299/3375
f 1413/1281/3369 1424/1363/3388 1416/1299/3375
f 1424/1363/3388 1416/1299/3375 1413/1281/3369
f 1424/1363/3388 1416/1299/3375 1413/1281/3369
f 1416/1299/3375 1413/1281/3369 1424/1363/3388
f 1425/1362/3391 1426/1364/3393 1421/1359/3394
f 1411/1277/3392 1426/1284/3393 1425/1285/3391
f 1411/1277/3392 1426/1284/3393 1425/1285/3391
f 1426/1284/3393 1425/1285/3391 1411/1277/3392
f 1426/1284/3393 1425/1285/3391 1411/1277/3392
f 1425/1285/3391 1411/1277/3392 1426/1284/3393
f 1425/1285/3391 1411/1277/3392 1426/1284/3393
f 1426/1364/3393 1421/1359/3394 1425/1362/3391
f 1426/1364/3393 1421/1359/3394 1425/1362/3391
f 1421/1359/3394 1425/1362/3391 1426/1364/3393
f 1421/1359/3394 1425/1362/3391 1426/1364/3393
f 1425/1362/3391 1426/1364/3393 1421/1359/3394
f 1422/1358/3389 1425/1362/3391 1421/1359/3384
f 1421/1359/3384 1422/1358/3389 1425/1362/3391
f 1421/1359/3384 1422/1358/3389 1425/1362/3391
f 1425/1362/3391 1421/1359/3384 1422/1358/3389
f 1425/1362/3391 1421/1359/3384 1422/1358/3389
f 1422/1358/3389 1425/1362/3391 1421/1359/3384
f 1427/1344/3395 1426/1284/3393 1409/1343/3360
f 1409/1343/3360 1426/1284/3393 1408/1349/3361
f 1409/1343/3360 1426/1284/3393 1408/1349/3361
f 1408/1349/3361 1409/1343/3360 1426/1284/3393
f 1408/1349/3361 1409/1343/3360 1426/1284/3393
f 1426/1284/3393 1408/1349/3361 1409/1343/3360
f 1426/1284/3393 1408/1349/3361 1409/1343/3360
f 1426/1284/3393 1409/1343/3360 1427/1344/3395
f 1426/1284/3393 1409/1343/3360 1427/1344/3395
f 1409/1343/3360 1427/1344/3395 1426/1284/3393
f 1409/1343/3360 1427/1344/3395 1426/1284/3393
f 1427/1344/3395 1426/1284/3393 1409/1343/3360
f 1427/1365/3395 1421/1359/3394 1426/1364/3393
f 1427/1365/3395 1421/1359/3394 1426/1364/3393
f 1426/1364/3393 1427/1365/3395 1421/1359/3394
f 1426/1364/3393 1427/1365/3395 1421/1359/3394
f 1421/1359/3394 1426/1364/3393 1427/1365/3395
f 1421/1359/3394 1426/1364/3393 1427/1365/3395
f 1408/1349/3396 1426/1284/3393 1411/1277/3392
f 1408/1349/3396 1426/1284/3393 1411/1277/3392
f 1411/1277/3392 1408/1349/3396 1426/1284/3393
f 1411/1277/3392 1408/1349/3396 1426/1284/3393
f 1426/1284/3393 1411/1277/3392 1408/1349/3396
f 1426/1284/3393 1411/1277/3392 1408/1349/3396
f 1405/1348/3353 1427/1344/3395 1409/1343/3360
f 1409/1343/3360 1405/1348/3353 1427/1344/3395
f 1409/1343/3360 1405/1348/3353 1427/1344/3395
f 1427/1344/3395 1409/1343/3360 1405/1348/3353
f 1427/1344/3395 1409/1343/3360 1405/1348/3353
f 1405/1348/3353 1427/1344/3395 1409/1343/3360
f 1429/1366/3397 1427/1344/3395 1405/1348/3353
f 1427/1344/3395 1405/1348/3353 1429/1366/3397
f 1427/1344/3395 1405/1348/3353 1429/1366/3397
f 1405/1348/3353 1429/1366/3397 1427/1344/3395
f 1405/1348/3353 1429/1366/3397 1427/1344/3395
f 1429/1366/3397 1427/1344/3395 1405/1348/3353
f 1421/1359/3398 1427/1365/3395 1428/1367/3399
f 1428/1367/3399 1421/1359/3398 1427/1365/3395
f 1428/1367/3399 1421/1359/3398 1427/1365/3395
f 1427/1365/3395 1428/1367/3399 1421/1359/3398
f 1427/1365/3395 1428/1367/3399 1421/1359/3398
f 1421/1359/3398 1427/1365/3395 1428/1367/3399
f 1429/1368/3397 1428/1367/3400 1427/1365/3395
f 1429/1368/3397 1428/1367/3400 1427/1365/3395
f 1428/1367/3401 1427/1365/3395 1429/1368/3397
f 1428/1367/3401 1427/1365/3395 1429/1368/3397
f 1427/1365/3395 1429/1368/3397 1428/1367/3401
f 1427/1365/3395 1429/1368/3397 1428/1367/3401
f 1430/1323/3402 1429/1366/3397 1405/1348/3353
f 1429/1366/3397 1405/1348/3353 1430/1323/3402
f 1429/1366/3397 1405/1348/3353 1430/1323/3402
f 1405/1348/3353 1430/1323/3402 1429/1366/3397
f 1405/1348/3353 1430/1323/3402 1429/1366/3397
f 1430/1323/3402 1429/1366/3397 1405/1348/3353
f 1429/1368/3397 1430/1369/3402 1431/1370/3403
f 1430/1369/3402 1431/1370/3403 1429/1368/3397
f 1430/1369/3402 1431/1370/3403 1429/1368/3397
f 1431/1370/3403 1429/1368/3397 1430/1369/3402
f 1431/1370/3403 1429/1368/3397 1430/1369/3402
f 1429/1368/3397 1430/1369/3402 1431/1370/3403
f 1432/1371/3404 1429/1368/3397 1431/1370/3403
f 1431/1370/3403 1432/1371/3404 1429/1368/3397
f 1431/1370/3403 1432/1371/3404 1429/1368/3397
f 1429/1368/3397 1431/1370/3403 1432/1371/3404
f 1429/1368/3397 1431/1370/3403 1432/1371/3404
f 1432/1371/3404 1429/1368/3397 1431/1370/3403
f 1428/1367/3405 1429/1368/3397 1432/1371/3404
f 1432/1371/3404 1428/1367/3405 1429/1368/3397
f 1432/1371/3404 1428/1367/3405 1429/1368/3397
f 1429/1368/3397 1432/1371/3404 1428/1367/3405
f 1429/1368/3397 1432/1371/3404 1428/1367/3405
f 1428/1367/3405 1429/1368/3397 1432/1371/3404
f 1428/1367/3399 1432/1371/3406 1417/1355/3407
f 1433/1372/3408 1417/1355/3409 1432/1371/3406
f 1433/1372/3408 1417/1355/3409 1432/1371/3406
f 1432/1371/3406 1433/1372/3408 1417/1355/3409
f 1432/1371/3406 1433/1372/3408 1417/1355/3409
f 1417/1355/3409 1432/1371/3406 1433/1372/3408
f 1417/1355/3409 1432/1371/3406 1433/1372/3408
f 1432/1371/3406 1417/1355/3407 1428/1367/3399
f 1432/1371/3406 1417/1355/3407 1428/1367/3399
f 1417/1355/3407 1428/1367/3399 1432/1371/3406
f 1417/1355/3407 1428/1367/3399 1432/1371/3406
f 1428/1367/3399 1432/1371/3406 1417/1355/3407
f 1431/1370/3403 1433/1372/3408 1432/1371/3406
f 1431/1370/3403 1433/1372/3408 1432/1371/3406
f 1433/1372/3408 1432/1371/3406 1431/1370/3403
f 1433/1372/3408 1432/1371/3406 1431/1370/3403
f 1432/1371/3406 1431/1370/3403 1433/1372/3408
f 1432/1371/3406 1431/1370/3403 1433/1372/3408
f 1434/1373/3410 1401/1357/3348 1433/1372/3408
f 1434/1373/3410 1433/1372/3408 1431/1370/3403
f 1434/1373/3410 1433/1372/3408 1431/1370/3403
f 1431/1370/3403 1434/1373/3410 1433/1372/3408
f 1431/1370/3403 1434/1373/3410 1433/1372/3408
f 1433/1372/3408 1431/1370/3403 1434/1373/3410
f 1433/1372/3408 1431/1370/3403 1434/1373/3410
f 1433/1372/3408 1434/1373/3410 1401/1357/3348
f 1433/1372/3408 1434/1373/3410 1401/1357/3348
f 1401/1357/3348 1433/1372/3408 1434/1373/3410
f 1401/1357/3348 1433/1372/3408 1434/1373/3410
f 1434/1373/3410 1401/1357/3348 1433/1372/3408
f 1417/1355/3411 1433/1372/3408 1401/1357/3412
f 1417/1355/3411 1433/1372/3408 1401/1357/3412
f 1401/1357/3412 1417/1355/3411 1433/1372/3408
f 1401/1357/3412 1417/1355/3411 1433/1372/3408
f 1433/1372/3408 1401/1357/3412 1417/1355/3411
f 1433/1372/3408 1401/1357/3412 1417/1355/3411
f 1434/1373/3410 1431/1370/3403 1435/1374/3413
f 1434/1373/3410 1431/1370/3403 1435/1374/3413
f 1431/1370/3403 1435/1374/3413 1434/1373/3410
f 1431/1370/3403 1435/1374/3413 1434/1373/3410
f 1435/1374/3413 1434/1373/3410 1431/1370/3403
f 1435/1374/3413 1434/1373/3410 1431/1370/3403
f 1435/1374/3413 1402/1375/3351 1434/1373/3414
f 1434/1373/3414 1435/1374/3413 1402/1375/3351
f 1434/1373/3414 1435/1374/3413 1402/1375/3351
f 1402/1375/3351 1434/1373/3414 1435/1374/3413
f 1402/1375/3351 1434/1373/3414 1435/1374/3413
f 1435/1374/3413 1402/1375/3351 1434/1373/3414
f 1402/1375/3351 1401/1357/3348 1434/1373/3415
f 1401/1357/3348 1434/1373/3415 1402/1375/3351
f 1401/1357/3348 1434/1373/3415 1402/1375/3351
f 1434/1373/3415 1402/1375/3351 1401/1357/3348
f 1434/1373/3415 1402/1375/3351 1401/1357/3348
f 1402/1375/3351 1401/1357/3348 1434/1373/3415
f 1436/1376/3416 1437/1377/3417 1435/1374/3413
f 1431/1370/3403 1436/1376/3416 1435/1374/3418
f 1431/1370/3403 1436/1376/3416 1435/1374/3418
f 1435/1374/3418 1431/1370/3403 1436/1376/3416
f 1435/1374/3418 1431/1370/3403 1436/1376/3416
f 1436/1376/3416 1435/1374/3418 1431/1370/3403
f 1436/1376/3416 1435/1374/3418 1431/1370/3403
f 1435/1374/3413 1436/1376/3416 1437/1377/3417
f 1435/1374/3413 1436/1376/3416 1437/1377/3417
f 1437/1377/3417 1435/1374/3413 1436/1376/3416
f 1437/1377/3417 1435/1374/3413 1436/1376/3416
f 1436/1376/3416 1437/1377/3417 1435/1374/3413
f 1437/1377/3417 1402/1375/3351 1435/1374/3413
f 1402/1375/3351 1435/1374/3413 1437/1377/3417
f 1402/1375/3351 1435/1374/3413 1437/1377/3417
f 1435/1374/3413 1437/1377/3417 1402/1375/3351
f 1435/1374/3413 1437/1377/3417 1402/1375/3351
f 1437/1377/3417 1402/1375/3351 1435/1374/3413
f 1438/1378/3419 1402/1375/3351 1437/1377/3420
f 1437/1377/3417 1439/1379/3421 1438/1378/3419
f 1437/1377/3417 1439/1379/3421 1438/1378/3419
f 1439/1379/3421 1438/1378/3419 1437/1377/3417
f 1439/1379/3421 1438/1378/3419 1437/1377/3417
f 1438/1378/3419 1437/1377/3417 1439/1379/3421
f 1438/1378/3419 1437/1377/3417 1439/1379/3421
f 1437/1377/3420 1438/1378/3419 1402/1375/3351
f 1437/1377/3420 1438/1378/3419 1402/1375/3351
f 1402/1375/3351 1437/1377/3420 1438/1378/3419
f 1402/1375/3351 1437/1377/3420 1438/1378/3419
f 1438/1378/3419 1402/1375/3351 1437/1377/3420
f 1439/1379/3421 1437/1377/3417 1436/1376/3416
f 1437/1377/3417 1436/1376/3416 1439/1379/3421
f 1437/1377/3417 1436/1376/3416 1439/1379/3421
f 1436/1376/3416 1439/1379/3421 1437/1377/3417
f 1436/1376/3416 1439/1379/3421 1437/1377/3417
f 1439/1379/3421 1437/1377/3417 1436/1376/3416
f 1440/1380/3422 1438/1378/3423 1439/1379/3424
f 1439/1379/3424 1440/1380/3422 1438/1378/3423
f 1439/1379/3424 1440/1380/3422 1438/1378/3423
f 1438/1378/3423 1439/1379/3424 1440/1380/3422
f 1438/1378/3423 1439/1379/3424 1440/1380/3422
f 1440/1380/3422 1438/1378/3423 1439/1379/3424
f 1439/1379/3421 1430/1369/3402 1440/1380/3425
f 1440/1380/3425 1439/1379/3421 1430/1369/3402
f 1440/1380/3425 1439/1379/3421 1430/1369/3402
f 1430/1369/3402 1440/1380/3425 1439/1379/3421
f 1430/1369/3402 1440/1380/3425 1439/1379/3421
f 1439/1379/3421 1430/1369/3402 1440/1380/3425
f 1436/1376/3426 1430/1369/3427 1439/1379/3421
f 1430/1369/3427 1439/1379/3421 1436/1376/3426
f 1430/1369/3427 1439/1379/3421 1436/1376/3426
f 1439/1379/3421 1436/1376/3426 1430/1369/3427
f 1439/1379/3421 1436/1376/3426 1430/1369/3427
f 1436/1376/3426 1430/1369/3427 1439/1379/3421
f 1442/1381/3428 1438/1378/3423 1440/1380/3422
f 1438/1378/3423 1440/1380/3422 1442/1381/3428
f 1438/1378/3423 1440/1380/3422 1442/1381/3428
f 1440/1380/3422 1442/1381/3428 1438/1378/3423
f 1440/1380/3422 1442/1381/3428 1438/1378/3423
f 1442/1381/3428 1438/1378/3423 1440/1380/3422
f 1430/1369/3427 1441/1382/3429 1440/1380/3430
f 1442/1381/3431 1440/1380/3432 1441/1382/3433
f 1442/1381/3431 1440/1380/3432 1441/1382/3433
f 1441/1382/3433 1442/1381/3431 1440/1380/3432
f 1441/1382/3433 1442/1381/3431 1440/1380/3432
f 1440/1380/3432 1441/1382/3433 1442/1381/3431
f 1440/1380/3432 1441/1382/3433 1442/1381/3431
f 1441/1382/3429 1440/1380/3430 1430/1369/3427
f 1441/1382/3429 1440/1380/3430 1430/1369/3427
f 1440/1380/3430 1430/1369/3427 1441/1382/3429
f 1440/1380/3430 1430/1369/3427 1441/1382/3429
f 1430/1369/3427 1441/1382/3429 1440/1380/3430
f 1442/1381/3434 1443/1383/3435 1438/1378/3419
f 1438/1378/3419 1442/1381/3434 1443/1383/3435
f 1438/1378/3419 1442/1381/3434 1443/1383/3435
f 1443/1383/3435 1438/1378/3419 1442/1381/3434
f 1443/1383/3435 1438/1378/3419 1442/1381/3434
f 1442/1381/3434 1443/1383/3435 1438/1378/3419
f 1441/1382/3429 1443/1383/3435 1442/1381/3434
f 1443/1383/3435 1442/1381/3434 1441/1382/3429
f 1443/1383/3435 1442/1381/3434 1441/1382/3429
f 1442/1381/3434 1441/1382/3429 1443/1383/3435
f 1442/1381/3434 1441/1382/3429 1443/1383/3435
f 1441/1382/3429 1443/1383/3435 1442/1381/3434
f 1398/1346/3436 1443/1384/3435 1396/1334/3338
f 1445/1333/3437 1396/1334/3338 1443/1384/3435
f 1445/1333/3437 1396/1334/3338 1443/1384/3435
f 1443/1384/3435 1445/1333/3437 1396/1334/3338
f 1443/1384/3435 1445/1333/3437 1396/1334/3338
f 1396/1334/3338 1443/1384/3435 1445/1333/3437
f 1396/1334/3338 1443/1384/3435 1445/1333/3437
f 1443/1384/3435 1396/1334/3338 1398/1346/3436
f 1443/1384/3435 1396/1334/3338 1398/1346/3436
f 1396/1334/3338 1398/1346/3436 1443/1384/3435
f 1396/1334/3338 1398/1346/3436 1443/1384/3435
f 1398/1346/3436 1443/1384/3435 1396/1334/3338
f 1443/1384/3438 1444/1312/3438 1398/1346/3438
f 1398/1346/3436 1444/1312/3439 1443/1384/3435
f 1398/1346/3438 1443/1384/3438 1444/1312/3438
f 1444/1312/3438 1398/1346/3438 1443/1384/3438
f 1444/1312/3438 1398/1346/3438 1443/1384/3438
f 1443/1384/3438 1444/1312/3438 1398/1346/3438
f 1443/1383/3440 1444/1385/3439 1438/1378/3419
f 1444/1385/3439 1438/1378/3419 1443/1383/3440
f 1444/1385/3439 1438/1378/3419 1443/1383/3440
f 1438/1378/3419 1443/1383/3440 1444/1385/3439
f 1438/1378/3419 1443/1383/3440 1444/1385/3439
f 1443/1383/3440 1444/1385/3439 1438/1378/3419
f 1441/1325/3441 1445/1333/3442 1443/1384/3435
f 1441/1325/3441 1445/1333/3442 1443/1384/3435
f 1445/1333/3442 1443/1384/3435 1441/1325/3441
f 1445/1333/3442 1443/1384/3435 1441/1325/3441
f 1443/1384/3435 1441/1325/3441 1445/1333/3442
f 1443/1384/3435 1441/1325/3441 1445/1333/3442
f 1404/1326/3354 1445/1333/3442 1441/1325/3441
f 1404/1326/3354 1445/1333/3442 1441/1325/3441
f 1441/1325/3441 1404/1326/3354 1445/1333/3442
f 1441/1325/3441 1404/1326/3354 1445/1333/3442
f 1445/1333/3442 1441/1325/3441 1404/1326/3354
f 1445/1333/3442 1441/1325/3441 1404/1326/3354
f 1404/1326/3443 1395/1335/3337 1445/1333/3442
f 1395/1335/3337 1445/1333/3442 1404/1326/3443
f 1395/1335/3337 1445/1333/3442 1404/1326/3443
f 1445/1333/3442 1404/1326/3443 1395/1335/3337
f 1445/1333/3442 1404/1326/3443 1395/1335/3337
f 1404/1326/3443 1395/1335/3337 1445/1333/3442
f 1445/1333/3442 1395/1335/3337 1396/1334/3338
f 1396/1334/3338 1445/1333/3442 1395/1335/3337
f 1396/1334/3338 1445/1333/3442 1395/1335/3337
f 1395/1335/3337 1396/1334/3338 1445/1333/3442
f 1395/1335/3337 1396/1334/3338 1445/1333/3442
f 1445/1333/3442 1395/1335/3337 1396/1334/3338
f 1402/1310/3351 1444/1312/3444 1398/1346/3344
f 1402/1310/3351 1444/1312/3444 1398/1346/3344
f 1398/1346/3344 1402/1310/3351 1444/1312/3444
f 1398/1346/3344 1402/1310/3351 1444/1312/3444
f 1444/1312/3444 1398/1346/3344 1402/1310/3351
f 1444/1312/3444 1398/1346/3344 1402/1310/3351
f 1402/1375/3351 1438/1378/3419 1444/1385/3439
f 1402/1375/3351 1438/1378/3419 1444/1385/3439
f 1438/1378/3419 1444/1385/3439 1402/1375/3351
f 1438/1378/3419 1444/1385/3439 1402/1375/3351
f 1444/1385/3439 1402/1375/3351 1438/1378/3419
f 1444/1385/3439 1402/1375/3351 1438/1378/3419
f 1430/1323/3402 1404/1326/3445 1441/1325/3433
f 1430/1323/3402 1404/1326/3445 1441/1325/3433
f 1404/1326/3445 1441/1325/3433 1430/1323/3402
f 1404/1326/3445 1441/1325/3433 1430/1323/3402
f 1441/1325/3433 1430/1323/3402 1404/1326/3445
f 1441/1325/3433 1430/1323/3402 1404/1326/3445
f 1431/1370/3403 1430/1369/3402 1436/1376/3416
f 1436/1376/3416 1431/1370/3403 1430/1369/3402
f 1436/1376/3416 1431/1370/3403 1430/1369/3402
f 1430/1369/3402 1436/1376/3416 1431/1370/3403
f 1430/1369/3402 1436/1376/3416 1431/1370/3403
f 1431/1370/3403 1430/1369/3402 1436/1376/3416
f 1404/1326/3354 1430/1323/3427 1405/1348/3353
f 1405/1348/3353 1404/1326/3354 1430/1323/3427
f 1405/1348/3353 1404/1326/3354 1430/1323/3427
f 1430/1323/3427 1405/1348/3353 1404/1326/3354
f 1430/1323/3427 1405/1348/3353 1404/1326/3354
f 1404/1326/3354 1430/1323/3427 1405/1348/3353
f 1421/1359/3446 1428/1367/3399 1418/1356/3380
f 1417/1355/3409 1418/1356/3385 1428/1367/3399
f 1417/1355/3409 1418/1356/3385 1428/1367/3399
f 1428/1367/3399 1417/1355/3409 1418/1356/3385
f 1428/1367/3399 1417/1355/3409 1418/1356/3385
f 1418/1356/3385 1428/1367/3399 1417/1355/3409
f 1418/1356/3385 1428/1367/3399 1417/1355/3409
f 1428/1367/3399 1418/1356/3380 1421/1359/3446
f 1428/1367/3399 1418/1356/3380 1421/1359/3446
f 1418/1356/3380 1421/1359/3446 1428/1367/3399
f 1418/1356/3380 1421/1359/3446 1428/1367/3399
f 1421/1359/3446 1428/1367/3399 1418/1356/3380
f 1391/1336/3447 1395/1335/3339 1404/1326/3354
f 1404/1326/3354 1391/1336/3447 1395/1335/3339
f 1404/1326/3354 1391/1336/3447 1395/1335/3339
f 1395/1335/3339 1404/1326/3354 1391/1336/3447
f 1395/1335/3339 1404/1326/3354 1391/1336/3447
f 1391/1336/3447 1395/1335/3339 1404/1326/3354
f 1391/1336/3333 1404/1326/3354 1392/1341/3335
f 1391/1336/3333 1404/1326/3354 1392/1341/3335
f 1392/1341/3335 1391/1336/3333 1404/1326/3354
f 1392/1341/3335 1391/1336/3333 1404/1326/3354
f 1404/1326/3354 1392/1341/3335 1391/1336/3333
f 1404/1326/3354 1392/1341/3335 1391/1336/3333
o Mesh_0.011
v 0.121499 1.005242 0.007603
v 0.100474 1.065514 -0.017127
v 0.110049 1.092361 0.061993
v 0.132493 1.040114 0.099577
v 0.138099 0.949556 0.017200
v 0.149174 0.986606 0.113348
v 0.083464 0.975700 -0.068111
v -0.015820 0.979191 -0.122866
v 0.068357 1.042421 -0.084240
v 0.096988 0.914963 -0.057105
v -0.015293 0.917116 -0.106782
v -0.015622 0.887950 -0.072930
v 0.091880 0.885989 -0.025658
v -0.128628 0.914963 -0.057105
v -0.123520 0.885989 -0.025658
v -0.115104 0.975693 -0.068110
v -0.153139 1.005201 0.007605
v -0.169739 0.949548 0.017200
v -0.099998 1.042399 -0.084239
v -0.132114 1.065421 -0.017123
v -0.141689 1.092104 0.062006
v -0.112859 1.136516 0.038345
v -0.105147 1.117802 -0.022092
v -0.079200 1.172439 -0.011638
v -0.080719 1.101541 -0.073885
v -0.061743 1.161513 -0.047971
v -0.015820 1.107794 -0.096486
v -0.052542 1.216756 -0.037642
v -0.015820 1.163555 -0.068731
v 0.030103 1.161567 -0.047974
v 0.020902 1.216832 -0.037646
v -0.015820 1.215022 -0.060979
v -0.015820 1.254206 -0.061978
v -0.051675 1.256884 -0.038849
v 0.020034 1.256963 -0.038853
v 0.034076 1.265606 -0.011104
v 0.026105 1.307194 -0.036896
v 0.043492 1.380524 -0.011298
v 0.042702 1.317975 -0.005591
v 0.026343 1.367166 -0.041300
v -0.015820 1.302723 -0.064305
v -0.015820 1.359586 -0.070065
v -0.057983 1.367084 -0.041296
v -0.057745 1.307099 -0.036891
v -0.065716 1.265428 -0.011094
v -0.075133 1.380254 -0.011284
v -0.074342 1.317718 -0.005578
v -0.081124 1.394214 0.020309
v -0.080111 1.329069 0.028968
v -0.070586 1.275006 0.020703
v -0.059453 1.283998 0.050941
v -0.071659 1.233660 0.024180
v -0.060813 1.241039 0.053501
v -0.072185 1.195474 0.068184
v -0.042832 1.245790 0.074411
v -0.049988 1.202336 0.094858
v -0.015820 1.171275 0.139993
v -0.064416 1.162843 0.130123
v -0.015820 1.206823 0.103451
v -0.015820 1.247284 0.083558
v 0.011192 1.246018 0.074399
v 0.018348 1.202566 0.094847
v 0.040545 1.195778 0.068169
v 0.032776 1.163123 0.130109
v 0.029172 1.241349 0.053485
v 0.040019 1.233939 0.024166
v 0.038946 1.275322 0.020687
v 0.027812 1.284371 0.050922
v 0.048471 1.329583 0.028942
v 0.009858 1.289149 0.070268
v 0.034895 1.340874 0.062577
v 0.012827 1.415076 0.065643
v 0.035990 1.407891 0.047654
v 0.013494 1.345910 0.081981
v -0.015820 1.347187 0.089798
v -0.015820 1.290466 0.078369
v -0.045134 1.345420 0.082006
v -0.041499 1.288876 0.070282
v -0.066535 1.340209 0.062611
v -0.044468 1.414439 0.065676
v -0.067630 1.407050 0.047697
v -0.066172 1.443941 -0.015079
v -0.054834 1.460516 0.000544
v -0.036064 1.471454 0.009890
v -0.042600 1.482492 -0.044231
v -0.051955 1.469975 -0.054313
v -0.061421 1.427227 -0.034899
v -0.048831 1.458601 -0.066728
v -0.046092 1.497630 -0.096413
v -0.043551 1.487840 -0.103498
v -0.030503 1.507347 -0.121526
v -0.037691 1.507443 -0.092757
v -0.026768 1.516161 -0.091117
v -0.024764 1.512935 -0.120671
v -0.029317 1.490907 -0.038746
v -0.019365 1.517851 -0.120386
v -0.015820 1.517932 -0.119162
v -0.015820 1.511986 -0.135284
v -0.001137 1.507358 -0.121526
v -0.006876 1.512946 -0.120671
v -0.006029 1.498440 -0.126877
v -0.015820 1.496249 -0.132714
v -0.012276 1.517857 -0.120386
v -0.002407 1.502430 -0.124104
v -0.029233 1.502425 -0.124103
v -0.025612 1.498438 -0.126877
v -0.015820 1.475176 -0.123669
v -0.036309 1.479680 -0.111061
v -0.015820 1.443025 -0.093845
v -0.039822 1.448956 -0.078964
v -0.047906 1.412430 -0.054724
v -0.015820 1.402151 -0.076078
v 0.008182 1.448971 -0.078964
v 0.016266 1.412472 -0.054726
v 0.017190 1.458656 -0.066731
v 0.029780 1.427374 -0.034906
v 0.049484 1.394829 0.020278
v 0.020314 1.470102 -0.054319
v 0.034531 1.444287 -0.015096
v 0.023193 1.460994 0.000520
v 0.004424 1.471807 0.009872
v 0.010960 1.482667 -0.044240
v 0.014451 1.497686 -0.096416
v -0.002324 1.491031 -0.038752
v 0.006050 1.507516 -0.092761
v -0.004872 1.516219 -0.091120
v -0.015820 1.517885 -0.089522
v -0.015820 1.492769 -0.036972
v -0.015820 1.474790 0.013028
v -0.015820 1.417067 0.072059
v 0.011911 1.487859 -0.103499
v 0.004668 1.479684 -0.111062
v 0.035104 1.224838 -0.009042
v 0.053266 1.185209 0.030671
v 0.047560 1.172571 -0.011645
v 0.081219 1.136793 0.038331
v 0.063915 1.152772 0.091990
v 0.094853 1.116602 0.132297
v 0.049255 1.133561 0.183247
v 0.114958 1.072082 0.182867
v 0.040119 1.158319 0.163617
v 0.054441 1.104103 0.195003
v 0.062554 1.096701 0.250461
v -0.015820 1.112697 0.216086
v -0.015820 1.140020 0.203479
v -0.085370 1.105990 0.191764
v -0.080895 1.133274 0.183262
v -0.015820 1.164931 0.176649
v -0.071080 1.159215 0.161478
v -0.126493 1.116198 0.132318
v -0.146599 1.071821 0.182880
v -0.095555 1.152409 0.092009
v -0.084906 1.184958 0.030684
v -0.066744 1.224674 -0.009033
v -0.102708 1.059892 0.282395
v -0.094194 1.096558 0.250468
v -0.164133 1.039959 0.099585
v -0.159820 1.029606 0.206069
v -0.153058 0.997502 0.209964
v -0.098513 1.028549 0.282299
v -0.180815 0.986557 0.113350
v -0.173941 0.958966 0.122944
v -0.155485 0.948903 0.125921
v -0.162432 0.919232 0.038500
v -0.145370 0.914628 0.053468
v -0.111483 0.887019 -0.002194
v -0.136857 0.946275 0.125541
v -0.128135 0.917928 0.064105
v -0.098405 0.980427 0.060010
v -0.099273 0.896132 0.016078
v -0.080139 0.972350 0.028869
v -0.015820 0.984925 -0.011950
v -0.015820 1.076012 0.053831
v 0.073297 0.996149 0.102734
v 0.030995 1.030606 0.177294
v 0.048499 0.972358 0.028869
v -0.015820 1.039786 0.188026
v 0.066765 0.980440 0.060009
v 0.060327 1.014643 0.145684
v -0.062635 1.030571 0.177296
v -0.091968 1.014600 0.145686
v -0.104937 0.996121 0.102735
v -0.120418 0.976375 0.189003
v -0.078126 1.001672 0.241865
v -0.136836 0.983527 0.201031
v -0.088406 1.011803 0.263746
v -0.015820 1.024033 0.285651
v -0.015820 1.012497 0.259121
v 0.056766 1.011823 0.263745
v 0.046486 1.001689 0.241864
v 0.088778 0.976394 0.189002
v 0.105196 0.983555 0.201030
v 0.105217 0.946281 0.125541
v 0.123845 0.948911 0.125920
v 0.096495 0.917929 0.064105
v 0.113730 0.914629 0.053467
v 0.130792 0.919233 0.038500
v 0.079843 0.887019 -0.002194
v -0.015820 0.890080 -0.043042
v -0.015820 0.912549 -0.025598
v 0.067633 0.896132 0.016078
v 0.142299 0.958982 0.122943
v 0.121418 0.997550 0.209962
v 0.128180 1.029727 0.206063
v 0.066873 1.028572 0.282298
v -0.015820 1.042246 0.308892
v 0.071068 1.059939 0.282392
v -0.015820 1.073965 0.310251
v -0.015820 1.107016 0.275239
v 0.073507 1.117927 -0.022099
v 0.049078 1.101583 -0.073887
v -0.015820 1.053495 -0.119029
vn 0.8860 0.2827 -0.3674
vn 0.9333 0.2140 -0.2884
vn 0.7230 0.0034 -0.6908
vn 0.9145 0.3917 -0.1010
vn 0.9476 0.3169 -0.0404
vn 0.9983 0.0454 0.0367
vn 0.9589 -0.0719 -0.2745
vn 0.0004 -0.4845 -0.8748
vn 0.0005 -0.1076 -0.9942
vn 0.6524 0.1781 -0.7366
vn 0.7109 -0.3606 -0.6038
vn 0.0096 -0.9465 -0.3227
vn -0.3414 -0.9246 -0.1687
vn 0.3436 -0.9247 -0.1640
vn -0.7223 0.0071 -0.6915
vn -0.7100 -0.3610 -0.6047
vn -0.9589 -0.0722 -0.2745
vn -0.9333 0.2143 -0.2883
vn -0.8863 0.2827 -0.3667
vn -0.6535 0.1786 -0.7356
vn -0.9141 0.3930 -0.0996
vn -0.8558 0.5012 -0.1281
vn -0.8016 0.4199 -0.4256
vn -0.8656 0.3461 -0.3620
vn -0.6089 0.3853 -0.6934
vn -0.5446 0.3955 -0.7396
vn -0.0002 0.3034 -0.9529
vn 0.0006 0.4358 -0.9000
vn -0.7455 0.1165 -0.6563
vn 0.6094 0.3853 -0.6930
vn 0.7455 0.1151 -0.6565
vn 0.0005 0.0446 -0.9990
vn 0.7089 -0.0332 -0.7045
vn -0.7089 -0.0329 -0.7045
vn -0.0000 -0.0368 -0.9993
vn 0.9465 -0.0442 -0.3197
vn 0.7686 -0.0597 -0.6370
vn 0.7277 -0.0443 -0.6844
vn 0.9215 0.0169 -0.3879
vn 0.9692 -0.0913 -0.2289
vn -0.0001 -0.0731 -0.9973
vn -0.0002 -0.1247 -0.9922
vn -0.7689 -0.0623 -0.6364
vn -0.7273 -0.0467 -0.6848
vn -0.9461 -0.0460 -0.3205
vn -0.9691 -0.0914 -0.2293
vn -0.9217 0.0170 -0.3876
vn -0.9857 0.1456 -0.0849
vn -0.9909 -0.0693 0.1152
vn -0.9597 -0.0822 0.2688
vn -0.8421 -0.0761 0.5339
vn -0.9865 0.1550 0.0536
vn -0.8684 0.2070 0.4506
vn -0.8214 0.4600 0.3371
vn -0.5199 0.5614 0.6439
vn -0.5594 0.2613 0.7866
vn -0.5248 0.7863 0.3261
vn 0.0008 0.9102 0.4141
vn -0.0053 0.5594 0.8289
vn 0.5182 0.5620 0.6447
vn -0.0023 0.2429 0.9701
vn 0.5585 0.2618 0.7871
vn 0.8212 0.4604 0.3371
vn 0.8684 0.2069 0.4507
vn 0.5197 0.7858 0.3353
vn 0.9865 0.1551 0.0530
vn 0.9909 -0.0689 0.1153
vn 0.8423 -0.0754 0.5337
vn 0.9584 -0.0952 0.2692
vn 0.7599 -0.0470 0.6484
vn 0.5205 -0.0611 0.8516
vn 0.8454 0.3019 0.4407
vn 0.4752 0.4152 0.7757
vn 0.4415 -0.0309 0.8967
vn -0.0000 0.0782 0.9969
vn 0.0008 -0.0898 0.9960
vn -0.4420 -0.0327 0.8964
vn -0.5197 -0.0618 0.8521
vn -0.7596 -0.0435 0.6489
vn -0.4793 0.4132 0.7743
vn -0.8455 0.3009 0.4411
vn -0.7490 0.6041 0.2723
vn -0.9429 0.3326 -0.0183
vn -0.3852 0.8026 0.4555
vn -0.7145 0.6679 0.2083
vn -0.9511 0.2951 -0.0909
vn -0.9303 -0.1190 -0.3470
vn -0.9204 0.0425 -0.3886
vn -0.9450 0.3064 -0.1142
vn -0.6837 0.7293 0.0261
vn -0.8738 -0.1256 -0.4698
vn -0.7843 0.4288 -0.4484
vn -0.4039 0.8443 0.3523
vn -0.6402 0.7104 -0.2925
vn -0.3430 0.9280 0.1453
vn -0.3901 0.8976 -0.2052
vn -0.0015 0.9970 -0.0768
vn 0.0031 0.4946 -0.8691
vn 0.3914 0.8936 -0.2197
vn 0.7840 0.4280 -0.4496
vn 0.6398 0.7104 -0.2933
vn 0.7386 -0.0123 -0.6740
vn -0.0000 -0.2759 -0.9612
vn 0.5965 -0.1997 -0.7774
vn -0.5969 -0.2003 -0.7769
vn -0.7387 -0.0123 -0.6740
vn 0.0003 -0.4927 -0.8702
vn -0.6645 -0.3671 -0.6509
vn -0.0017 -0.6033 -0.7975
vn -0.7310 -0.3578 -0.5810
vn 0.0040 -0.3210 -0.9471
vn -0.7358 -0.1459 -0.6613
vn 0.7310 -0.3578 -0.5810
vn 0.7355 -0.1455 -0.6618
vn 0.9304 -0.1189 -0.3468
vn 0.9216 0.0409 -0.3860
vn 0.9856 0.1460 -0.0858
vn 0.9431 0.3319 -0.0205
vn 0.9517 0.2926 -0.0931
vn 0.7479 0.6063 0.2704
vn 0.7136 0.6695 0.2064
vn 0.3809 0.8070 0.4512
vn 0.9453 0.3040 -0.1184
vn 0.6904 0.7231 0.0212
vn 0.4017 0.8462 0.3500
vn 0.3427 0.9296 0.1355
vn 0.0017 0.9482 0.3177
vn -0.0063 0.9295 0.3689
vn -0.0066 0.8431 0.5377
vn -0.0045 0.5601 0.8284
vn 0.8737 -0.1225 -0.4708
vn 0.6668 -0.3609 -0.6520
vn 0.9468 0.1405 -0.2894
vn 0.9236 0.3826 -0.0252
vn 0.8654 0.3460 -0.3623
vn 0.8589 0.4958 -0.1282
vn 0.7535 0.6300 0.1880
vn 0.7305 0.6473 0.2179
vn 0.4776 0.5567 0.6797
vn 0.4434 0.4667 0.7653
vn 0.4089 0.8631 0.2963
vn 0.7833 0.5855 0.2089
vn 0.4008 0.8398 0.3661
vn 0.0555 0.9983 0.0161
vn -0.0062 0.5205 0.8538
vn -0.4221 0.4357 0.7950
vn -0.4831 0.5392 0.6898
vn -0.0024 0.8207 0.5714
vn -0.3998 0.8715 0.2840
vn -0.7349 0.6403 0.2235
vn -0.7837 0.5840 0.2117
vn -0.7538 0.6296 0.1884
vn -0.9236 0.3825 -0.0254
vn -0.9464 0.1427 -0.2898
vn -0.9477 0.3166 -0.0404
vn -0.9152 0.1373 0.3788
vn -0.5926 0.2746 0.7572
vn -0.4015 0.8367 0.3724
vn -0.7057 -0.4988 0.5032
vn -0.9983 0.0450 0.0377
vn -0.4065 -0.5143 0.7552
vn -0.8403 -0.4950 0.2212
vn -0.7467 -0.6628 0.0558
vn -0.3513 -0.8421 0.4093
vn -0.2655 -0.8991 0.3481
vn 0.3868 -0.8388 0.3832
vn 0.4401 -0.7215 0.5346
vn 0.0416 -0.9186 0.3930
vn 0.7861 -0.4705 0.4008
vn 0.6634 -0.3914 0.6378
vn 0.4577 -0.5818 0.6723
vn -0.0004 -0.9348 0.3553
vn 0.0053 -0.3730 0.9278
vn -0.6738 -0.7343 -0.0825
vn -0.8031 -0.5774 0.1468
vn -0.7885 -0.4651 0.4024
vn -0.4289 -0.8744 -0.2271
vn 0.0003 -0.9436 -0.3311
vn -0.6638 -0.3893 0.6386
vn 0.4292 -0.8742 -0.2269
vn 0.8008 -0.5807 0.1465
vn 0.6738 -0.7343 -0.0825
vn 0.4208 -0.8824 0.2104
vn 0.2871 -0.9524 -0.1028
vn -0.0600 -0.8703 0.4889
vn -0.2149 -0.8447 0.4903
vn -0.0006 -0.8234 0.5675
vn 0.0001 -0.9731 0.2302
vn 0.0621 -0.8708 0.4877
vn -0.2869 -0.9524 -0.1030
vn -0.4212 -0.8817 0.2125
vn 0.2158 -0.8463 0.4870
vn -0.3869 -0.8386 0.3834
vn 0.3517 -0.8426 0.4078
vn 0.2647 -0.9023 0.3403
vn -0.4483 -0.7254 0.5223
vn 0.7473 -0.6619 0.0585
vn -0.0017 -0.9132 0.4075
vn -0.0000 -0.6670 0.7451
vn 0.0156 -0.9646 0.2632
vn -0.4615 -0.5817 0.6698
vn 0.8447 -0.4830 0.2305
vn 0.7120 -0.4945 0.4986
vn 0.9148 0.1372 0.3798
vn 0.4119 -0.5143 0.7523
vn 0.5927 0.2741 0.7574
vn -0.0000 -0.3247 0.9458
vn -0.0047 0.4665 0.8845
vn -0.0000 0.9058 0.4237
vn 0.8023 0.4177 -0.4265
vn 0.5437 0.3979 -0.7389
vn -0.0000 0.2379 -0.9713
vt 0.402234 0.390851
vt 0.421766 0.390545
vt 0.421766 0.413129
vt 0.402234 0.365215
vt 0.421766 0.363994
vt 0.437025 0.364300
vt 0.437025 0.389935
vt 0.437025 0.447310
vt 0.421766 0.445174
vt 0.402234 0.411298
vt 0.437025 0.414045
vt 0.452590 0.443953
vt 0.452590 0.412214
vt 0.378735 0.370403
vt 0.378735 0.389935
vt 0.366222 0.387799
vt 0.366222 0.404584
vt 0.378735 0.408551
vt 0.366222 0.423505
vt 0.378735 0.428388
vt 0.353404 0.400616
vt 0.353404 0.418928
vt 0.339671 0.397565
vt 0.339671 0.414655
vt 0.339671 0.383526
vt 0.325938 0.394513
vt 0.302133 0.389630
vt 0.302133 0.378033
vt 0.325938 0.381695
vt 0.325938 0.410382
vt 0.302133 0.404889
vt 0.302133 0.365520
vt 0.339671 0.367962
vt 0.325938 0.367656
vt 0.339671 0.350261
vt 0.353404 0.368572
vt 0.353404 0.349651
vt 0.366222 0.349040
vt 0.366222 0.332255
vt 0.353404 0.334391
vt 0.378735 0.329814
vt 0.378735 0.311503
vt 0.366222 0.315470
vt 0.353404 0.319132
vt 0.325938 0.351177
vt 0.339671 0.336222
vt 0.302133 0.352092
vt 0.302133 0.339579
vt 0.325938 0.338053
vt 0.325938 0.324320
vt 0.339671 0.321879
vt 0.277718 0.353313
vt 0.277718 0.362468
vt 0.277718 0.341411
vt 0.259713 0.352092
vt 0.259713 0.362468
vt 0.259713 0.370708
vt 0.277718 0.374676
vt 0.244148 0.361553
vt 0.244148 0.354228
vt 0.244148 0.367962
vt 0.233772 0.359722
vt 0.259713 0.342631
vt 0.233772 0.353618
vt 0.244148 0.346294
vt 0.233772 0.347820
vt 0.233772 0.345378
vt 0.227668 0.356670
vt 0.233772 0.364300
vt 0.233772 0.373760
vt 0.233772 0.368267
vt 0.244148 0.382000
vt 0.244148 0.373760
vt 0.259713 0.387799
vt 0.259713 0.377422
vt 0.277718 0.398785
vt 0.277718 0.384136
vt 0.244148 0.339274
vt 0.259713 0.334391
vt 0.277718 0.330729
vt 0.302133 0.327067
vt 0.353404 0.385357
vt 0.366222 0.369488
vt 0.378735 0.348125
vt 0.402234 0.342631
vt 0.402234 0.318217
vt 0.409864 0.314554
vt 0.389111 0.324625
vt 0.421766 0.339274
vt 0.421766 0.308756
vt 0.409253 0.290445
vt 0.402234 0.295938
vt 0.408643 0.315165
vt 0.387585 0.305704
vt 0.388196 0.325236
vt 0.437025 0.337443
vt 0.437025 0.308451
vt 0.452590 0.339579
vt 0.452590 0.311503
vt 0.452590 0.365215
vt 0.452590 0.389325
vt 0.465407 0.365215
vt 0.465407 0.388104
vt 0.476089 0.367046
vt 0.476089 0.387799
vt 0.465407 0.409162
vt 0.489822 0.380780
vt 0.489822 0.392377
vt 0.476089 0.406415
vt 0.504776 0.367351
vt 0.489822 0.406110
vt 0.489822 0.349651
vt 0.489822 0.367962
vt 0.489822 0.334391
vt 0.489822 0.321574
vt 0.476089 0.345073
vt 0.476089 0.322489
vt 0.465407 0.316385
vt 0.465407 0.341411
vt 0.465407 0.292886
vt 0.476089 0.305093
vt 0.476089 0.422590
vt 0.465407 0.432356
vt 0.452590 0.282510
vt 0.437025 0.277016
vt 0.421766 0.281594
vt 0.402234 0.437849
s 1
usemtl Material.001
f 1447/1386/3448 1446/1387/3449 1452/1388/3450
f 1446/1387/3449 1447/1386/3448 1448/1389/3451
f 1448/1389/3451 1449/1390/3452 1446/1387/3449
f 1446/1387/3449 1449/1390/3452 1451/1391/3453
f 1452/1388/3450 1446/1387/3449 1450/1392/3454
f 1451/1391/3453 1450/1392/3454 1446/1387/3449
f 1456/1393/3455 1453/1394/3456 1452/1388/3450
f 1454/1395/3457 1452/1388/3450 1453/1394/3456
f 1452/1388/3450 1454/1395/3457 1447/1386/3448
f 1450/1392/3454 1455/1396/3458 1452/1388/3450
f 1452/1388/3450 1455/1396/3458 1456/1393/3455
f 1456/1393/3455 1457/1397/3459 1460/1398/3460
f 1458/1398/3461 1457/1397/3459 1456/1393/3455
f 1456/1393/3455 1455/1396/3458 1458/1398/3461
f 1461/1388/3462 1453/1394/3456 1456/1393/3455
f 1456/1393/3455 1459/1396/3463 1461/1388/3462
f 1460/1398/3460 1459/1396/3463 1456/1393/3455
f 1463/1392/3464 1462/1387/3465 1461/1388/3462
f 1461/1388/3462 1462/1387/3465 1465/1386/3466
f 1461/1388/3462 1459/1396/3463 1463/1392/3464
f 1453/1394/3456 1461/1388/3462 1464/1395/3467
f 1465/1386/3466 1464/1395/3467 1461/1388/3462
f 1466/1389/3468 1465/1386/3466 1462/1387/3465
f 1465/1386/3466 1466/1389/3468 1467/1399/3469
f 1464/1395/3467 1465/1386/3466 1468/1400/3470
f 1467/1399/3469 1468/1400/3470 1465/1386/3466
f 1469/1401/3471 1468/1400/3470 1467/1399/3469
f 1468/1400/3470 1469/1401/3471 1471/1402/3472
f 1468/1400/3470 1470/1403/3473 1464/1395/3467
f 1471/1402/3472 1470/1403/3473 1468/1400/3470
f 1471/1402/3472 1474/1404/3474 1472/1405/3475
f 1472/1405/3475 1470/1403/3473 1471/1402/3472
f 1474/1404/3474 1471/1402/3472 1473/1406/3476
f 1473/1406/3476 1471/1402/3472 1469/1401/3471
f 1472/1405/3475 1474/1404/3474 1475/1402/3477
f 1476/1406/3478 1475/1402/3477 1474/1404/3474
f 1474/1404/3474 1477/1407/3479 1476/1406/3478
f 1473/1406/3476 1477/1407/3479 1474/1404/3474
f 1480/1408/3480 1476/1406/3478 1477/1407/3479
f 1479/1408/3481 1478/1409/3482 1477/1407/3479
f 1477/1407/3479 1478/1409/3482 1480/1408/3480
f 1477/1407/3479 1473/1406/3476 1479/1408/3481
f 1476/1406/3478 1480/1408/3480 1481/1410/3483
f 1481/1410/3483 1480/1408/3480 1482/1411/3484
f 1482/1411/3484 1480/1408/3480 1478/1409/3482
f 1482/1411/3484 1485/1412/3485 1483/1413/3486
f 1483/1413/3486 1484/1414/3487 1482/1411/3484
f 1482/1411/3484 1484/1414/3487 1481/1410/3483
f 1478/1409/3482 1486/1415/3488 1482/1411/3484
f 1485/1412/3485 1482/1411/3484 1486/1415/3488
f 1486/1415/3488 1487/1416/3489 1485/1412/3485
f 1489/1411/3490 1486/1415/3488 1478/1409/3482
f 1488/1412/3491 1487/1416/3489 1486/1415/3488
f 1486/1415/3488 1489/1411/3490 1488/1412/3491
f 1490/1410/3492 1492/1414/3493 1489/1411/3490
f 1489/1411/3490 1479/1408/3481 1490/1410/3492
f 1478/1409/3482 1479/1408/3481 1489/1411/3490
f 1489/1411/3490 1492/1414/3493 1491/1413/3494
f 1491/1413/3494 1488/1412/3491 1489/1411/3490
f 1493/1417/3495 1491/1413/3494 1492/1414/3493
f 1492/1414/3493 1490/1410/3492 1495/1418/3496
f 1492/1414/3493 1494/1419/3497 1493/1417/3495
f 1495/1418/3496 1494/1419/3497 1492/1414/3493
f 1494/1419/3497 1495/1418/3496 1496/1420/3498
f 1497/1421/3499 1495/1418/3496 1490/1410/3492
f 1498/1422/3500 1496/1420/3498 1495/1418/3496
f 1495/1418/3496 1497/1421/3499 1498/1422/3500
f 1499/1423/3501 1498/1422/3500 1497/1421/3499
f 1498/1422/3500 1499/1423/3501 1501/1424/3502
f 1501/1424/3502 1500/1425/3503 1498/1422/3500
f 1496/1420/3498 1498/1422/3500 1500/1425/3503
f 1501/1424/3502 1503/1426/3504 1502/1427/3505
f 1502/1427/3505 1504/1428/3506 1501/1424/3502
f 1503/1426/3504 1501/1424/3502 1499/1423/3501
f 1500/1425/3503 1501/1424/3502 1504/1428/3506
f 1507/1424/3507 1504/1428/3506 1502/1427/3505
f 1504/1428/3506 1505/1429/3508 1500/1425/3503
f 1506/1425/3509 1505/1429/3508 1504/1428/3506
f 1504/1428/3506 1507/1424/3507 1506/1425/3509
f 1507/1424/3507 1508/1423/3510 1510/1422/3511
f 1508/1423/3510 1507/1424/3507 1509/1426/3512
f 1502/1427/3505 1509/1426/3512 1507/1424/3507
f 1510/1422/3511 1506/1425/3509 1507/1424/3507
f 1511/1421/3513 1510/1422/3511 1508/1423/3510
f 1510/1422/3511 1511/1421/3513 1512/1418/3514
f 1506/1425/3509 1510/1422/3511 1513/1420/3515
f 1512/1418/3514 1513/1420/3515 1510/1422/3511
f 1514/1419/3516 1516/1430/3517 1513/1420/3515
f 1513/1420/3515 1512/1418/3514 1514/1419/3516
f 1513/1420/3515 1515/1431/3518 1506/1425/3509
f 1515/1431/3518 1513/1420/3515 1516/1430/3517
f 1518/1432/3519 1516/1430/3517 1514/1419/3516
f 1516/1430/3517 1518/1432/3519 1517/1433/3520
f 1517/1433/3520 1519/1434/3521 1516/1430/3517
f 1516/1430/3517 1519/1434/3521 1515/1431/3518
f 1519/1434/3521 1520/1435/3522 1521/1436/3523
f 1520/1435/3522 1519/1434/3521 1517/1433/3520
f 1521/1436/3523 1515/1431/3518 1519/1434/3521
f 1521/1436/3523 1520/1435/3522 1522/1434/3524
f 1515/1431/3518 1521/1436/3523 1505/1429/3508
f 1522/1434/3524 1523/1431/3525 1521/1436/3523
f 1505/1429/3508 1521/1436/3523 1523/1431/3525
f 1523/1431/3525 1522/1434/3524 1524/1430/3526
f 1524/1430/3526 1496/1420/3498 1523/1431/3525
f 1523/1431/3525 1500/1425/3503 1505/1429/3508
f 1500/1425/3503 1523/1431/3525 1496/1420/3498
f 1496/1420/3498 1524/1430/3526 1494/1419/3497
f 1524/1430/3526 1522/1434/3524 1525/1433/3527
f 1525/1433/3527 1526/1432/3528 1524/1430/3526
f 1494/1419/3497 1524/1430/3526 1526/1432/3528
f 1526/1432/3528 1493/1417/3495 1494/1419/3497
f 1528/1437/3529 1526/1432/3528 1525/1433/3527
f 1526/1432/3528 1528/1437/3529 1527/1438/3530
f 1527/1438/3530 1493/1417/3495 1526/1432/3528
f 1525/1433/3527 1529/1439/3531 1528/1437/3529
f 1530/1440/3532 1528/1437/3529 1529/1439/3531
f 1528/1437/3529 1530/1440/3532 1531/1441/3533
f 1531/1441/3533 1527/1438/3530 1528/1437/3529
f 1531/1441/3533 1533/1442/3534 1532/1443/3535
f 1532/1443/3535 1527/1438/3530 1531/1441/3533
f 1533/1442/3534 1531/1441/3533 1534/1444/3536
f 1534/1444/3536 1531/1441/3533 1530/1440/3532
f 1530/1440/3532 1537/1445/3537 1534/1444/3536
f 1534/1444/3536 1535/1446/3538 1533/1442/3534
f 1535/1446/3538 1534/1444/3536 1536/1447/3539
f 1536/1447/3539 1534/1444/3536 1537/1445/3537
f 1537/1445/3537 1530/1440/3532 1540/1448/3540
f 1537/1445/3537 1539/1449/3541 1536/1447/3539
f 1540/1448/3540 1538/1450/3542 1537/1445/3537
f 1537/1445/3537 1538/1450/3542 1541/1451/3543
f 1541/1451/3543 1539/1449/3541 1537/1445/3537
f 1541/1451/3543 1542/1452/3544 1543/1453/3545
f 1542/1452/3544 1541/1451/3543 1538/1450/3542
f 1539/1449/3541 1541/1451/3543 1543/1453/3545
f 1548/1451/3546 1543/1453/3545 1542/1452/3544
f 1544/1447/3547 1543/1453/3545 1545/1449/3548
f 1549/1454/3549 1543/1453/3545 1544/1447/3547
f 1545/1449/3548 1543/1453/3545 1548/1451/3546
f 1547/1455/3550 1543/1453/3545 1546/1456/3551
f 1546/1456/3551 1543/1453/3545 1549/1454/3549
f 1547/1455/3550 1551/1456/3552 1543/1453/3545
f 1551/1456/3552 1550/1454/3553 1543/1453/3545
f 1550/1454/3553 1536/1447/3539 1543/1453/3545
f 1536/1447/3539 1539/1449/3541 1543/1453/3545
f 1551/1456/3552 1547/1455/3550 1552/1457/3554
f 1552/1457/3554 1553/1458/3555 1551/1456/3552
f 1550/1454/3553 1551/1456/3552 1553/1458/3555
f 1553/1458/3555 1552/1457/3554 1554/1459/3556
f 1535/1446/3538 1553/1458/3555 1555/1460/3557
f 1553/1458/3555 1535/1446/3538 1550/1454/3553
f 1554/1459/3556 1555/1460/3557 1553/1458/3555
f 1557/1461/3558 1556/1462/3559 1555/1460/3557
f 1533/1442/3534 1555/1460/3557 1556/1462/3559
f 1555/1460/3557 1554/1459/3556 1557/1461/3558
f 1555/1460/3557 1533/1442/3534 1535/1446/3538
f 1558/1460/3560 1559/1462/3561 1557/1461/3558
f 1557/1461/3558 1554/1459/3556 1558/1460/3560
f 1556/1462/3559 1557/1461/3558 1487/1416/3489
f 1487/1416/3489 1557/1461/3558 1559/1462/3561
f 1560/1442/3562 1561/1443/3563 1559/1462/3561
f 1559/1462/3561 1558/1460/3560 1560/1442/3562
f 1485/1412/3485 1559/1462/3561 1561/1443/3563
f 1559/1462/3561 1485/1412/3485 1487/1416/3489
f 1562/1417/3564 1483/1413/3486 1561/1443/3563
f 1561/1443/3563 1564/1438/3565 1562/1417/3564
f 1561/1443/3563 1483/1413/3486 1485/1412/3485
f 1563/1441/3566 1564/1438/3565 1561/1443/3563
f 1561/1443/3563 1560/1442/3562 1563/1441/3566
f 1518/1432/3519 1562/1417/3564 1564/1438/3565
f 1564/1438/3565 1565/1437/3567 1518/1432/3519
f 1565/1437/3567 1564/1438/3565 1563/1441/3566
f 1563/1441/3566 1567/1440/3568 1565/1437/3567
f 1565/1437/3567 1566/1439/3569 1517/1433/3520
f 1566/1439/3569 1565/1437/3567 1567/1440/3568
f 1517/1433/3520 1518/1432/3519 1565/1437/3567
f 1567/1440/3568 1563/1441/3566 1568/1444/3570
f 1568/1444/3570 1570/1445/3571 1567/1440/3568
f 1569/1448/3572 1567/1440/3568 1570/1445/3571
f 1567/1440/3568 1569/1448/3572 1566/1439/3569
f 1570/1445/3571 1571/1450/3573 1569/1448/3572
f 1548/1451/3546 1571/1450/3573 1570/1445/3571
f 1544/1447/3547 1545/1449/3548 1570/1445/3571
f 1570/1445/3571 1545/1449/3548 1548/1451/3546
f 1570/1445/3571 1568/1444/3570 1544/1447/3547
f 1571/1450/3573 1548/1451/3546 1542/1452/3544
f 1542/1452/3544 1572/1463/3574 1571/1450/3573
f 1569/1448/3572 1571/1450/3573 1572/1463/3574
f 1538/1450/3542 1572/1463/3574 1542/1452/3544
f 1572/1463/3574 1573/1464/3575 1569/1448/3572
f 1572/1463/3574 1538/1450/3542 1540/1448/3540
f 1540/1448/3540 1573/1464/3575 1572/1463/3574
f 1566/1439/3569 1569/1448/3572 1573/1464/3575
f 1573/1464/3575 1574/1465/3576 1566/1439/3569
f 1573/1464/3575 1540/1448/3540 1529/1439/3531
f 1529/1439/3531 1574/1465/3576 1573/1464/3575
f 1575/1466/3577 1574/1465/3576 1529/1439/3531
f 1566/1439/3569 1574/1465/3576 1575/1466/3577
f 1575/1466/3577 1517/1433/3520 1566/1439/3569
f 1517/1433/3520 1575/1466/3577 1520/1435/3522
f 1520/1435/3522 1575/1466/3577 1525/1433/3527
f 1529/1439/3531 1525/1433/3527 1575/1466/3577
f 1544/1447/3547 1568/1444/3570 1576/1446/3578
f 1568/1444/3570 1563/1441/3566 1560/1442/3562
f 1560/1442/3562 1576/1446/3578 1568/1444/3570
f 1576/1446/3578 1549/1454/3549 1544/1447/3547
f 1558/1460/3560 1577/1458/3579 1576/1446/3578
f 1549/1454/3549 1576/1446/3578 1577/1458/3579
f 1576/1446/3578 1560/1442/3562 1558/1460/3560
f 1546/1456/3551 1577/1458/3579 1552/1457/3554
f 1577/1458/3579 1546/1456/3551 1549/1454/3549
f 1554/1459/3556 1552/1457/3554 1577/1458/3579
f 1577/1458/3579 1558/1460/3560 1554/1459/3556
f 1514/1419/3516 1562/1417/3564 1518/1432/3519
f 1562/1417/3564 1514/1419/3516 1484/1414/3487
f 1484/1414/3487 1483/1413/3486 1562/1417/3564
f 1532/1443/3535 1556/1462/3559 1488/1412/3491
f 1556/1462/3559 1532/1443/3535 1533/1442/3534
f 1487/1416/3489 1488/1412/3491 1556/1462/3559
f 1552/1457/3554 1547/1455/3550 1546/1456/3551
f 1536/1447/3539 1550/1454/3553 1535/1446/3538
f 1529/1439/3531 1540/1448/3540 1530/1440/3532
f 1488/1412/3491 1491/1413/3494 1532/1443/3535
f 1532/1443/3535 1491/1413/3494 1493/1417/3495
f 1493/1417/3495 1527/1438/3530 1532/1443/3535
f 1525/1433/3527 1522/1434/3524 1520/1435/3522
f 1505/1429/3508 1506/1425/3509 1515/1431/3518
f 1484/1414/3487 1514/1419/3516 1512/1418/3514
f 1512/1418/3514 1481/1410/3483 1484/1414/3487
f 1481/1410/3483 1512/1418/3514 1511/1421/3513
f 1578/1467/3580 1511/1421/3513 1579/1468/3581
f 1511/1421/3513 1578/1467/3580 1481/1410/3483
f 1508/1423/3510 1579/1468/3581 1511/1421/3513
f 1579/1468/3581 1580/1401/3582 1578/1467/3580
f 1580/1401/3582 1579/1468/3581 1581/1399/3583
f 1582/1469/3584 1581/1399/3583 1579/1468/3581
f 1579/1468/3581 1508/1423/3510 1582/1469/3584
f 1581/1399/3583 1582/1469/3584 1583/1470/3585
f 1583/1470/3585 1582/1469/3584 1509/1426/3512
f 1509/1426/3512 1582/1469/3584 1508/1423/3510
f 1583/1470/3585 1584/1471/3586 1587/1472/3587
f 1586/1473/3588 1584/1471/3586 1583/1470/3585
f 1587/1472/3587 1585/1474/3589 1583/1470/3585
f 1448/1389/3451 1583/1470/3585 1585/1474/3589
f 1583/1470/3585 1509/1426/3512 1586/1473/3588
f 1583/1470/3585 1448/1389/3451 1581/1399/3583
f 1587/1472/3587 1588/1475/3590 1585/1474/3589
f 1588/1475/3590 1587/1472/3587 1589/1476/3591
f 1590/1477/3592 1589/1476/3591 1587/1472/3587
f 1587/1472/3587 1584/1471/3586 1590/1477/3592
f 1591/1478/3593 1589/1476/3591 1590/1477/3592
f 1590/1477/3592 1592/1471/3594 1591/1478/3593
f 1592/1471/3594 1590/1477/3592 1593/1479/3595
f 1593/1479/3595 1590/1477/3592 1584/1471/3586
f 1594/1480/3596 1593/1479/3595 1502/1427/3505
f 1502/1427/3505 1593/1479/3595 1586/1473/3588
f 1584/1471/3586 1586/1473/3588 1593/1479/3595
f 1593/1479/3595 1594/1480/3596 1592/1471/3594
f 1502/1427/3505 1503/1426/3504 1594/1480/3596
f 1595/1470/3597 1594/1480/3596 1503/1426/3504
f 1595/1470/3597 1592/1471/3594 1594/1480/3596
f 1467/1399/3469 1466/1389/3468 1595/1470/3597
f 1596/1474/3598 1595/1470/3597 1466/1389/3468
f 1595/1470/3597 1596/1474/3598 1591/1478/3593
f 1591/1478/3593 1592/1471/3594 1595/1470/3597
f 1595/1470/3597 1597/1469/3599 1467/1399/3469
f 1595/1470/3597 1503/1426/3504 1597/1469/3599
f 1598/1468/3600 1467/1399/3469 1597/1469/3599
f 1499/1423/3501 1597/1469/3599 1503/1426/3504
f 1597/1469/3599 1499/1423/3501 1598/1468/3600
f 1467/1399/3469 1598/1468/3600 1469/1401/3471
f 1497/1421/3499 1598/1468/3600 1499/1423/3501
f 1599/1467/3601 1469/1401/3471 1598/1468/3600
f 1598/1468/3600 1497/1421/3499 1599/1467/3601
f 1490/1410/3492 1599/1467/3601 1497/1421/3499
f 1469/1401/3471 1599/1467/3601 1473/1406/3476
f 1473/1406/3476 1599/1467/3601 1490/1410/3492
f 1466/1389/3468 1602/1390/3602 1596/1474/3598
f 1596/1474/3598 1603/1481/3603 1600/1482/3604
f 1600/1482/3604 1601/1475/3605 1596/1474/3598
f 1596/1474/3598 1601/1475/3605 1591/1478/3593
f 1603/1481/3603 1596/1474/3598 1602/1390/3602
f 1604/1483/3606 1603/1481/3603 1606/1391/3607
f 1603/1481/3603 1604/1483/3606 1605/1484/3608
f 1605/1484/3608 1600/1482/3604 1603/1481/3603
f 1602/1390/3602 1606/1391/3607 1603/1481/3603
f 1462/1387/3465 1463/1392/3464 1606/1391/3607
f 1606/1391/3607 1602/1390/3602 1462/1387/3465
f 1607/1485/3609 1606/1391/3607 1463/1392/3464
f 1606/1391/3607 1607/1485/3609 1604/1483/3606
f 1463/1392/3464 1609/1486/3610 1607/1485/3609
f 1604/1483/3606 1607/1485/3609 1608/1487/3611
f 1608/1487/3611 1607/1485/3609 1609/1486/3610
f 1609/1486/3610 1463/1392/3464 1459/1396/3463
f 1610/1488/3612 1609/1486/3610 1460/1398/3460
f 1609/1486/3610 1610/1488/3612 1608/1487/3611
f 1459/1396/3463 1460/1398/3460 1609/1486/3610
f 1612/1489/3613 1608/1487/3611 1610/1488/3612
f 1613/1490/3614 1610/1488/3612 1611/1491/3615
f 1460/1398/3460 1611/1491/3615 1610/1488/3612
f 1610/1488/3612 1613/1490/3614 1612/1489/3613
f 1612/1489/3613 1613/1490/3614 1614/1492/3616
f 1616/1493/3617 1614/1492/3616 1613/1490/3614
f 1611/1491/3615 1615/1494/3618 1613/1490/3614
f 1613/1490/3614 1615/1494/3618 1616/1493/3617
f 1614/1492/3616 1616/1493/3617 1618/1495/3619
f 1617/1496/3620 1616/1493/3617 1615/1494/3618
f 1616/1493/3617 1617/1496/3620 1618/1495/3619
f 1624/1497/3621 1618/1495/3619 1619/1498/3622
f 1619/1498/3622 1618/1495/3619 1623/1492/3623
f 1620/1499/3624 1618/1495/3619 1624/1497/3621
f 1622/1500/3625 1618/1495/3619 1620/1499/3624
f 1621/1493/3626 1618/1495/3619 1617/1496/3620
f 1623/1492/3623 1618/1495/3619 1621/1493/3626
f 1622/1500/3625 1625/1499/3627 1618/1495/3619
f 1627/1498/3628 1614/1492/3616 1618/1495/3619
f 1625/1499/3627 1626/1497/3629 1618/1495/3619
f 1626/1497/3629 1627/1498/3628 1618/1495/3619
f 1614/1492/3616 1627/1498/3628 1612/1489/3613
f 1628/1501/3630 1612/1489/3613 1627/1498/3628
f 1627/1498/3628 1626/1497/3629 1628/1501/3630
f 1628/1501/3630 1629/1502/3631 1631/1503/3632
f 1629/1502/3631 1628/1501/3630 1626/1497/3629
f 1612/1489/3613 1628/1501/3630 1630/1504/3633
f 1631/1503/3632 1630/1504/3633 1628/1501/3630
f 1605/1484/3608 1631/1503/3632 1632/1505/3634
f 1630/1504/3633 1631/1503/3632 1605/1484/3608
f 1633/1506/3635 1632/1505/3634 1631/1503/3632
f 1631/1503/3632 1629/1502/3631 1633/1506/3635
f 1634/1503/3636 1632/1505/3634 1633/1506/3635
f 1622/1500/3625 1633/1506/3635 1629/1502/3631
f 1633/1506/3635 1635/1502/3637 1634/1503/3636
f 1635/1502/3637 1633/1506/3635 1622/1500/3625
f 1635/1502/3637 1620/1499/3624 1624/1497/3621
f 1622/1500/3625 1620/1499/3624 1635/1502/3637
f 1634/1503/3636 1635/1502/3637 1636/1501/3638
f 1624/1497/3621 1636/1501/3638 1635/1502/3637
f 1637/1504/3639 1636/1501/3638 1638/1489/3640
f 1636/1501/3638 1637/1504/3639 1634/1503/3636
f 1619/1498/3622 1638/1489/3640 1636/1501/3638
f 1636/1501/3638 1624/1497/3621 1619/1498/3622
f 1638/1489/3640 1639/1487/3641 1637/1504/3639
f 1641/1488/3642 1639/1487/3641 1638/1489/3640
f 1638/1489/3640 1619/1498/3622 1623/1492/3623
f 1623/1492/3623 1640/1490/3643 1638/1489/3640
f 1638/1489/3640 1640/1490/3643 1641/1488/3642
f 1639/1487/3641 1641/1488/3642 1642/1486/3644
f 1641/1488/3642 1643/1491/3645 1458/1398/3461
f 1458/1398/3461 1642/1486/3644 1641/1488/3642
f 1643/1491/3645 1641/1488/3642 1640/1490/3643
f 1645/1507/3646 1644/1508/3647 1643/1491/3645
f 1458/1398/3461 1643/1491/3645 1644/1508/3647
f 1643/1491/3645 1646/1494/3648 1645/1507/3646
f 1640/1490/3643 1646/1494/3648 1643/1491/3645
f 1621/1493/3626 1646/1494/3648 1640/1490/3643
f 1617/1496/3620 1645/1507/3646 1646/1494/3648
f 1646/1494/3648 1621/1493/3626 1617/1496/3620
f 1645/1507/3646 1615/1494/3618 1611/1491/3615
f 1611/1491/3615 1644/1508/3647 1645/1507/3646
f 1615/1494/3618 1645/1507/3646 1617/1496/3620
f 1460/1398/3460 1457/1397/3459 1644/1508/3647
f 1644/1508/3647 1457/1397/3459 1458/1398/3461
f 1644/1508/3647 1611/1491/3615 1460/1398/3460
f 1455/1396/3458 1450/1392/3454 1642/1486/3644
f 1647/1485/3649 1642/1486/3644 1450/1392/3454
f 1642/1486/3644 1647/1485/3649 1639/1487/3641
f 1642/1486/3644 1458/1398/3461 1455/1396/3458
f 1450/1392/3454 1451/1391/3453 1647/1485/3649
f 1639/1487/3641 1647/1485/3649 1648/1483/3650
f 1648/1483/3650 1647/1485/3649 1451/1391/3453
f 1451/1391/3453 1649/1481/3651 1648/1483/3650
f 1650/1484/3652 1648/1483/3650 1649/1481/3651
f 1637/1504/3639 1648/1483/3650 1650/1484/3652
f 1648/1483/3650 1637/1504/3639 1639/1487/3641
f 1649/1481/3651 1652/1482/3653 1650/1484/3652
f 1650/1484/3652 1634/1503/3636 1637/1504/3639
f 1632/1505/3634 1634/1503/3636 1650/1484/3652
f 1650/1484/3652 1651/1509/3654 1632/1505/3634
f 1651/1509/3654 1650/1484/3652 1652/1482/3653
f 1652/1482/3653 1649/1481/3651 1585/1474/3589
f 1585/1474/3589 1588/1475/3590 1652/1482/3653
f 1653/1510/3655 1652/1482/3653 1588/1475/3590
f 1652/1482/3653 1653/1510/3655 1651/1509/3654
f 1588/1475/3590 1654/1511/3656 1653/1510/3655
f 1651/1509/3654 1653/1510/3655 1600/1482/3604
f 1601/1475/3605 1600/1482/3604 1653/1510/3655
f 1653/1510/3655 1654/1511/3656 1601/1475/3605
f 1589/1476/3591 1654/1511/3656 1588/1475/3590
f 1601/1475/3605 1654/1511/3656 1589/1476/3591
f 1600/1482/3604 1605/1484/3608 1651/1509/3654
f 1632/1505/3634 1651/1509/3654 1605/1484/3608
f 1649/1481/3651 1451/1391/3453 1449/1390/3452
f 1449/1390/3452 1585/1474/3589 1649/1481/3651
f 1640/1490/3643 1623/1492/3623 1621/1493/3626
f 1605/1484/3608 1604/1483/3606 1630/1504/3633
f 1630/1504/3633 1608/1487/3611 1612/1489/3613
f 1608/1487/3611 1630/1504/3633 1604/1483/3606
f 1626/1497/3629 1625/1499/3627 1629/1502/3631
f 1629/1502/3631 1625/1499/3627 1622/1500/3625
f 1462/1387/3465 1602/1390/3602 1466/1389/3468
f 1589/1476/3591 1591/1478/3593 1601/1475/3605
f 1586/1473/3588 1509/1426/3512 1502/1427/3505
f 1585/1474/3589 1449/1390/3452 1448/1389/3451
f 1581/1399/3583 1655/1400/3657 1580/1401/3582
f 1447/1386/3448 1655/1400/3657 1581/1399/3583
f 1581/1399/3583 1448/1389/3451 1447/1386/3448
f 1475/1402/3477 1580/1401/3582 1655/1400/3657
f 1655/1400/3657 1656/1403/3658 1475/1402/3477
f 1454/1395/3457 1656/1403/3658 1655/1400/3657
f 1655/1400/3657 1447/1386/3448 1454/1395/3457
f 1475/1402/3477 1656/1403/3658 1472/1405/3475
f 1657/1512/3659 1472/1405/3475 1656/1403/3658
f 1656/1403/3658 1454/1395/3457 1657/1512/3659
f 1464/1395/3467 1657/1512/3659 1453/1394/3456
f 1453/1394/3456 1657/1512/3659 1454/1395/3457
f 1470/1403/3473 1472/1405/3475 1657/1512/3659
f 1657/1512/3659 1464/1395/3467 1470/1403/3473
f 1580/1401/3582 1475/1402/3477 1476/1406/3478
f 1476/1406/3478 1578/1467/3580 1580/1401/3582
f 1481/1410/3483 1578/1467/3580 1476/1406/3478
f 1490/1410/3492 1479/1408/3481 1473/1406/3476
